[2026-09-14T12:47:34.099] [DEBUG] debug-file - runTaskFromQueue task cost before running: 1 s 75 ms 
[2026-09-14T12:47:34.101] [INFO] debug-file - Finished :entry:default@PreBuild... after 57 ms 
[2026-09-14T12:47:34.103] [DEBUG] debug-file - Executing task :common:default@PreBuild
[2026-09-14T12:47:34.106] [DEBUG] debug-file - Task 'common:default@PreBuild' cost while wrapping incremental declarations: 1 ms 
[2026-09-14T12:47:34.110] [DEBUG] debug-file - common:default@PreBuild is not up-to-date, since the input file 'C:\Projects\ElecDraw_Harmony\build-profile.json5' has been changed.
[2026-09-14T12:47:34.110] [DEBUG] debug-file - Incremental task common:default@PreBuild pre-execution cost: 3 ms .
[2026-09-14T12:47:34.118] [DEBUG] debug-file - current product is not Atomic service.
[2026-09-14T12:47:34.118] [DEBUG] debug-file - Use tool [win32: JAVA_HOME, CLASSPATH]
 [
  { JAVA_HOME: 'C:\\Program Files\\Huawei\\DevEco Studio\\jbr' },
  { CLASSPATH: undefined }
]
[2026-09-14T12:47:34.118] [DEBUG] debug-file - Use tool [win32: NODE_HOME]
 [
  {
    NODE_HOME: 'C:\\Program Files\\Huawei\\DevEco Studio\\tools\\node'
  }
]
[2026-09-14T12:47:34.159] [DEBUG] debug-file - common : default@PreBuild cost memory 0.8775558471679688
[2026-09-14T12:47:34.159] [DEBUG] debug-file - runTaskFromQueue task cost before running: 1 s 135 ms 
[2026-09-14T12:47:34.160] [INFO] debug-file - Finished :common:default@PreBuild... after 57 ms 
[2026-09-14T12:47:34.162] [DEBUG] debug-file - Executing task :schematic_editor:default@PreBuild
[2026-09-14T12:47:34.164] [DEBUG] debug-file - Task 'schematic_editor:default@PreBuild' cost while wrapping incremental declarations: 1 ms 
[2026-09-14T12:47:34.166] [DEBUG] debug-file - schematic_editor:default@PreBuild is not up-to-date, since the input file 'C:\Projects\ElecDraw_Harmony\build-profile.json5' has been changed.
[2026-09-14T12:47:34.167] [DEBUG] debug-file - Incremental task schematic_editor:default@PreBuild pre-execution cost: 2 ms .
[2026-09-14T12:47:34.169] [DEBUG] debug-file - current product is not Atomic service.
[2026-09-14T12:47:34.170] [DEBUG] debug-file - Use tool [win32: JAVA_HOME, CLASSPATH]
 [
  { JAVA_HOME: 'C:\\Program Files\\Huawei\\DevEco Studio\\jbr' },
  { CLASSPATH: undefined }
]
[2026-09-14T12:47:34.170] [DEBUG] debug-file - Use tool [win32: NODE_HOME]
 [
  {
    NODE_HOME: 'C:\\Program Files\\Huawei\\DevEco Studio\\tools\\node'
  }
]
[2026-09-14T12:47:34.170] [DEBUG] debug-file - schematic_editor : default@PreBuild cost memory 0.619873046875
[2026-09-14T12:47:34.171] [DEBUG] debug-file - runTaskFromQueue task cost before running: 1 s 147 ms 
[2026-09-14T12:47:34.172] [INFO] debug-file - Finished :schematic_editor:default@PreBuild... after 9 ms 
[2026-09-14T12:47:34.174] [DEBUG] debug-file - Executing task :component_library:default@PreBuild
[2026-09-14T12:47:34.176] [DEBUG] debug-file - Task 'component_library:default@PreBuild' cost while wrapping incremental declarations: 1 ms 
[2026-09-14T12:47:34.179] [DEBUG] debug-file - component_library:default@PreBuild is not up-to-date, since the input file 'C:\Projects\ElecDraw_Harmony\build-profile.json5' has been changed.
[2026-09-14T12:47:34.179] [DEBUG] debug-file - Incremental task component_library:default@PreBuild pre-execution cost: 2 ms .
[2026-09-14T12:47:34.181] [DEBUG] debug-file - current product is not Atomic service.
[2026-09-14T12:47:34.181] [DEBUG] debug-file - Use tool [win32: JAVA_HOME, CLASSPATH]
 [
  { JAVA_HOME: 'C:\\Program Files\\Huawei\\DevEco Studio\\jbr' },
  { CLASSPATH: undefined }
]
[2026-09-14T12:47:34.181] [DEBUG] debug-file - Use tool [win32: NODE_HOME]
 [
  {
    NODE_HOME: 'C:\\Program Files\\Huawei\\DevEco Studio\\tools\\node'
  }
]
[2026-09-14T12:47:34.182] [DEBUG] debug-file - component_library : default@PreBuild cost memory 0.6052017211914062
[2026-09-14T12:47:34.182] [DEBUG] debug-file - runTaskFromQueue task cost before running: 1 s 158 ms 
[2026-09-14T12:47:34.183] [INFO] debug-file - Finished :component_library:default@PreBuild... after 9 ms 
[2026-09-14T12:47:34.185] [DEBUG] debug-file - Executing task :simulation_kernel:default@PreBuild
[2026-09-14T12:47:34.187] [DEBUG] debug-file - Task 'simulation_kernel:default@PreBuild' cost while wrapping incremental declarations: 1 ms 
[2026-09-14T12:47:34.191] [DEBUG] debug-file - simulation_kernel:default@PreBuild is not up-to-date, since the input file 'C:\Projects\ElecDraw_Harmony\build-profile.json5' has been changed.
[2026-09-14T12:47:34.191] [DEBUG] debug-file - Incremental task simulation_kernel:default@PreBuild pre-execution cost: 3 ms .
[2026-09-14T12:47:34.194] [DEBUG] debug-file - current product is not Atomic service.
[2026-09-14T12:47:34.194] [DEBUG] debug-file - Use tool [win32: JAVA_HOME, CLASSPATH]
 [
  { JAVA_HOME: 'C:\\Program Files\\Huawei\\DevEco Studio\\jbr' },
  { CLASSPATH: undefined }
]
[2026-09-14T12:47:34.194] [DEBUG] debug-file - Use tool [win32: NODE_HOME]
 [
  {
    NODE_HOME: 'C:\\Program Files\\Huawei\\DevEco Studio\\tools\\node'
  }
]
[2026-09-14T12:47:34.195] [DEBUG] debug-file - simulation_kernel : default@PreBuild cost memory 0.6096878051757812
[2026-09-14T12:47:34.195] [DEBUG] debug-file - runTaskFromQueue task cost before running: 1 s 171 ms 
[2026-09-14T12:47:34.196] [INFO] debug-file - Finished :simulation_kernel:default@PreBuild... after 10 ms 
[2026-09-14T12:47:34.198] [DEBUG] debug-file - Executing task :hex_debugger:default@PreBuild
[2026-09-14T12:47:34.200] [DEBUG] debug-file - Task 'hex_debugger:default@PreBuild' cost while wrapping incremental declarations: 1 ms 
[2026-09-14T12:47:34.204] [DEBUG] debug-file - hex_debugger:default@PreBuild is not up-to-date, since the input file 'C:\Projects\ElecDraw_Harmony\build-profile.json5' has been changed.
[2026-09-14T12:47:34.204] [DEBUG] debug-file - Incremental task hex_debugger:default@PreBuild pre-execution cost: 2 ms .
[2026-09-14T12:47:34.207] [DEBUG] debug-file - current product is not Atomic service.
[2026-09-14T12:47:34.207] [DEBUG] debug-file - Use tool [win32: JAVA_HOME, CLASSPATH]
 [
  { JAVA_HOME: 'C:\\Program Files\\Huawei\\DevEco Studio\\jbr' },
  { CLASSPATH: undefined }
]
[2026-09-14T12:47:34.207] [DEBUG] debug-file - Use tool [win32: NODE_HOME]
 [
  {
    NODE_HOME: 'C:\\Program Files\\Huawei\\DevEco Studio\\tools\\node'
  }
]
[2026-09-14T12:47:34.208] [DEBUG] debug-file - hex_debugger : default@PreBuild cost memory 0.6041412353515625
[2026-09-14T12:47:34.208] [DEBUG] debug-file - runTaskFromQueue task cost before running: 1 s 184 ms 
[2026-09-14T12:47:34.209] [INFO] debug-file - Finished :hex_debugger:default@PreBuild... after 10 ms 
[2026-09-14T12:47:34.211] [DEBUG] debug-file - Executing task :ai_api_manager:default@PreBuild
[2026-09-14T12:47:34.213] [DEBUG] debug-file - Task 'ai_api_manager:default@PreBuild' cost while wrapping incremental declarations: 1 ms 
[2026-09-14T12:47:34.216] [DEBUG] debug-file - ai_api_manager:default@PreBuild is not up-to-date, since the input file 'C:\Projects\ElecDraw_Harmony\build-profile.json5' has been changed.
[2026-09-14T12:47:34.216] [DEBUG] debug-file - Incremental task ai_api_manager:default@PreBuild pre-execution cost: 3 ms .
[2026-09-14T12:47:34.219] [DEBUG] debug-file - current product is not Atomic service.
[2026-09-14T12:47:34.220] [DEBUG] debug-file - Use tool [win32: JAVA_HOME, CLASSPATH]
 [
  { JAVA_HOME: 'C:\\Program Files\\Huawei\\DevEco Studio\\jbr' },
  { CLASSPATH: undefined }
]
[2026-09-14T12:47:34.220] [DEBUG] debug-file - Use tool [win32: NODE_HOME]
 [
  {
    NODE_HOME: 'C:\\Program Files\\Huawei\\DevEco Studio\\tools\\node'
  }
]
[2026-09-14T12:47:34.221] [DEBUG] debug-file - ai_api_manager : default@PreBuild cost memory 0.6066513061523438
[2026-09-14T12:47:34.221] [DEBUG] debug-file - runTaskFromQueue task cost before running: 1 s 197 ms 
[2026-09-14T12:47:34.223] [INFO] debug-file - Finished :ai_api_manager:default@PreBuild... after 10 ms 
[2026-09-14T12:47:34.225] [DEBUG] debug-file - Executing task :ai_engine:default@PreBuild
[2026-09-14T12:47:34.227] [DEBUG] debug-file - Task 'ai_engine:default@PreBuild' cost while wrapping incremental declarations: 1 ms 
[2026-09-14T12:47:34.230] [DEBUG] debug-file - ai_engine:default@PreBuild is not up-to-date, since the input file 'C:\Projects\ElecDraw_Harmony\build-profile.json5' has been changed.
[2026-09-14T12:47:34.230] [DEBUG] debug-file - Incremental task ai_engine:default@PreBuild pre-execution cost: 2 ms .
[2026-09-14T12:47:34.232] [DEBUG] debug-file - current product is not Atomic service.
[2026-09-14T12:47:34.233] [DEBUG] debug-file - Use tool [win32: JAVA_HOME, CLASSPATH]
 [
  { JAVA_HOME: 'C:\\Program Files\\Huawei\\DevEco Studio\\jbr' },
  { CLASSPATH: undefined }
]
[2026-09-14T12:47:34.233] [DEBUG] debug-file - Use tool [win32: NODE_HOME]
 [
  {
    NODE_HOME: 'C:\\Program Files\\Huawei\\DevEco Studio\\tools\\node'
  }
]
[2026-09-14T12:47:34.236] [DEBUG] debug-file - ai_engine : default@PreBuild cost memory -9.335281372070312
[2026-09-14T12:47:34.236] [DEBUG] debug-file - runTaskFromQueue task cost before running: 1 s 212 ms 
[2026-09-14T12:47:34.238] [INFO] debug-file - Finished :ai_engine:default@PreBuild... after 12 ms 
[2026-09-14T12:47:34.239] [DEBUG] debug-file - Executing task :file_persistence:default@PreBuild
[2026-09-14T12:47:34.241] [DEBUG] debug-file - Task 'file_persistence:default@PreBuild' cost while wrapping incremental declarations: 1 ms 
[2026-09-14T12:47:34.244] [DEBUG] debug-file - file_persistence:default@PreBuild is not up-to-date, since the input file 'C:\Projects\ElecDraw_Harmony\build-profile.json5' has been changed.
[2026-09-14T12:47:34.244] [DEBUG] debug-file - Incremental task file_persistence:default@PreBuild pre-execution cost: 2 ms .
[2026-09-14T12:47:34.247] [DEBUG] debug-file - current product is not Atomic service.
[2026-09-14T12:47:34.247] [DEBUG] debug-file - Use tool [win32: JAVA_HOME, CLASSPATH]
 [
  { JAVA_HOME: 'C:\\Program Files\\Huawei\\DevEco Studio\\jbr' },
  { CLASSPATH: undefined }
]
[2026-09-14T12:47:34.247] [DEBUG] debug-file - Use tool [win32: NODE_HOME]
 [
  {
    NODE_HOME: 'C:\\Program Files\\Huawei\\DevEco Studio\\tools\\node'
  }
]
[2026-09-14T12:47:34.248] [DEBUG] debug-file - file_persistence : default@PreBuild cost memory 0.6213912963867188
[2026-09-14T12:47:34.248] [DEBUG] debug-file - runTaskFromQueue task cost before running: 1 s 224 ms 
[2026-09-14T12:47:34.249] [INFO] debug-file - Finished :file_persistence:default@PreBuild... after 10 ms 
[2026-09-14T12:47:34.251] [DEBUG] debug-file - Executing task :instruments:default@PreBuild
[2026-09-14T12:47:34.253] [DEBUG] debug-file - Task 'instruments:default@PreBuild' cost while wrapping incremental declarations: 1 ms 
[2026-09-14T12:47:34.256] [DEBUG] debug-file - instruments:default@PreBuild is not up-to-date, since the input file 'C:\Projects\ElecDraw_Harmony\build-profile.json5' has been changed.
[2026-09-14T12:47:34.257] [DEBUG] debug-file - Incremental task instruments:default@PreBuild pre-execution cost: 3 ms .
[2026-09-14T12:47:34.259] [DEBUG] debug-file - current product is not Atomic service.
[2026-09-14T12:47:34.259] [DEBUG] debug-file - Use tool [win32: JAVA_HOME, CLASSPATH]
 [
  { JAVA_HOME: 'C:\\Program Files\\Huawei\\DevEco Studio\\jbr' },
  { CLASSPATH: undefined }
]
[2026-09-14T12:47:34.259] [DEBUG] debug-file - Use tool [win32: NODE_HOME]
 [
  {
    NODE_HOME: 'C:\\Program Files\\Huawei\\DevEco Studio\\tools\\node'
  }
]
[2026-09-14T12:47:34.260] [DEBUG] debug-file - instruments : default@PreBuild cost memory 0.6024246215820312
[2026-09-14T12:47:34.260] [DEBUG] debug-file - runTaskFromQueue task cost before running: 1 s 236 ms 
[2026-09-14T12:47:34.261] [INFO] debug-file - Finished :instruments:default@PreBuild... after 9 ms 
[2026-09-14T12:47:34.262] [DEBUG] debug-file - Executing task :plugin_system:default@PreBuild
[2026-09-14T12:47:34.264] [DEBUG] debug-file - Task 'plugin_system:default@PreBuild' cost while wrapping incremental declarations: 1 ms 
[2026-09-14T12:47:34.267] [DEBUG] debug-file - plugin_system:default@PreBuild is not up-to-date, since the input file 'C:\Projects\ElecDraw_Harmony\build-profile.json5' has been changed.
[2026-09-14T12:47:34.268] [DEBUG] debug-file - Incremental task plugin_system:default@PreBuild pre-execution cost: 3 ms .
[2026-09-14T12:47:34.272] [DEBUG] debug-file - current product is not Atomic service.
[2026-09-14T12:47:34.272] [DEBUG] debug-file - Use tool [win32: JAVA_HOME, CLASSPATH]
 [
  { JAVA_HOME: 'C:\\Program Files\\Huawei\\DevEco Studio\\jbr' },
  { CLASSPATH: undefined }
]
[2026-09-14T12:47:34.272] [DEBUG] debug-file - Use tool [win32: NODE_HOME]
 [
  {
    NODE_HOME: 'C:\\Program Files\\Huawei\\DevEco Studio\\tools\\node'
  }
]
[2026-09-14T12:47:34.273] [DEBUG] debug-file - plugin_system : default@PreBuild cost memory 0.60284423828125
[2026-09-14T12:47:34.273] [DEBUG] debug-file - runTaskFromQueue task cost before running: 1 s 249 ms 
[2026-09-14T12:47:34.275] [INFO] debug-file - Finished :plugin_system:default@PreBuild... after 11 ms 
[2026-09-14T12:47:34.276] [DEBUG] debug-file - Executing task :pcb_editor:default@PreBuild
[2026-09-14T12:47:34.278] [DEBUG] debug-file - Task 'pcb_editor:default@PreBuild' cost while wrapping incremental declarations: 1 ms 
[2026-09-14T12:47:34.281] [DEBUG] debug-file - pcb_editor:default@PreBuild is not up-to-date, since the input file 'C:\Projects\ElecDraw_Harmony\build-profile.json5' has been changed.
[2026-09-14T12:47:34.281] [DEBUG] debug-file - Incremental task pcb_editor:default@PreBuild pre-execution cost: 3 ms .
[2026-09-14T12:47:34.284] [DEBUG] debug-file - current product is not Atomic service.
[2026-09-14T12:47:34.284] [DEBUG] debug-file - Use tool [win32: JAVA_HOME, CLASSPATH]
 [
  { JAVA_HOME: 'C:\\Program Files\\Huawei\\DevEco Studio\\jbr' },
  { CLASSPATH: undefined }
]
[2026-09-14T12:47:34.284] [DEBUG] debug-file - Use tool [win32: NODE_HOME]
 [
  {
    NODE_HOME: 'C:\\Program Files\\Huawei\\DevEco Studio\\tools\\node'
  }
]
[2026-09-14T12:47:34.285] [DEBUG] debug-file - pcb_editor : default@PreBuild cost memory 0.6217498779296875
[2026-09-14T12:47:34.285] [DEBUG] debug-file - runTaskFromQueue task cost before running: 1 s 261 ms 
[2026-09-14T12:47:34.286] [INFO] debug-file - Finished :pcb_editor:default@PreBuild... after 9 ms 
[2026-09-14T12:47:34.288] [DEBUG] debug-file - Executing task :agent_bridge:default@PreBuild
[2026-09-14T12:47:34.289] [DEBUG] debug-file - Task 'agent_bridge:default@PreBuild' cost while wrapping incremental declarations: 1 ms 
[2026-09-14T12:47:34.292] [DEBUG] debug-file - agent_bridge:default@PreBuild is not up-to-date, since the input file 'C:\Projects\ElecDraw_Harmony\build-profile.json5' has been changed.
[2026-09-14T12:47:34.292] [DEBUG] debug-file - Incremental task agent_bridge:default@PreBuild pre-execution cost: 2 ms .
[2026-09-14T12:47:34.295] [DEBUG] debug-file - current product is not Atomic service.
[2026-09-14T12:47:34.295] [DEBUG] debug-file - Use tool [win32: JAVA_HOME, CLASSPATH]
 [
  { JAVA_HOME: 'C:\\Program Files\\Huawei\\DevEco Studio\\jbr' },
  { CLASSPATH: undefined }
]
[2026-09-14T12:47:34.295] [DEBUG] debug-file - Use tool [win32: NODE_HOME]
 [
  {
    NODE_HOME: 'C:\\Program Files\\Huawei\\DevEco Studio\\tools\\node'
  }
]
[2026-09-14T12:47:34.296] [DEBUG] debug-file - agent_bridge : default@PreBuild cost memory 0.622161865234375
[2026-09-14T12:47:34.296] [DEBUG] debug-file - runTaskFromQueue task cost before running: 1 s 272 ms 
[2026-09-14T12:47:34.297] [INFO] debug-file - Finished :agent_bridge:default@PreBuild... after 9 ms 
[2026-09-14T12:47:34.299] [DEBUG] debug-file - Executing task :entry:default@CreateModuleInfo
[2026-09-14T12:47:34.299] [DEBUG] debug-file - Task 'entry:default@CreateModuleInfo' cost while wrapping incremental declarations: 1 ms 
[2026-09-14T12:47:34.300] [DEBUG] debug-file - entry : default@CreateModuleInfo cost memory 0.042327880859375
[2026-09-14T12:47:34.300] [DEBUG] debug-file - runTaskFromQueue task cost before running: 1 s 276 ms 
[2026-09-14T12:47:34.300] [INFO] debug-file - Finished :entry:default@CreateModuleInfo... after 2 ms 
[2026-09-14T12:47:34.305] [DEBUG] debug-file - Executing task :entry:default@GenerateMetadata
[2026-09-14T12:47:34.305] [DEBUG] debug-file - Task 'entry:default@GenerateMetadata' cost while wrapping incremental declarations: 1 ms 
[2026-09-14T12:47:34.306] [DEBUG] debug-file - Incremental task entry:default@GenerateMetadata pre-execution cost: 1 ms .
[2026-09-14T12:47:34.306] [DEBUG] debug-file - entry : default@GenerateMetadata cost memory 0.081787109375
[2026-09-14T12:47:34.306] [INFO] debug-file - UP-TO-DATE :entry:default@GenerateMetadata...  
[2026-09-14T12:47:34.307] [DEBUG] debug-file - Executing task :entry:default@PreCheckSyscap
[2026-09-14T12:47:34.308] [DEBUG] debug-file - entry : default@PreCheckSyscap cost memory 0.01885986328125
[2026-09-14T12:47:34.308] [DEBUG] debug-file - runTaskFromQueue task cost before running: 1 s 284 ms 
[2026-09-14T12:47:34.308] [INFO] debug-file - Finished :entry:default@PreCheckSyscap... after 1 ms 
[2026-09-14T12:47:34.310] [DEBUG] debug-file - Executing task :entry:default@GeneratePkgContextInfo
[2026-09-14T12:47:34.322] [DEBUG] debug-file - Task 'entry:default@GeneratePkgContextInfo' cost while wrapping incremental declarations: 1 ms 
[2026-09-14T12:47:34.323] [DEBUG] debug-file - entry : default@GeneratePkgContextInfo cost memory 1.0566940307617188
[2026-09-14T12:47:34.323] [DEBUG] debug-file - runTaskFromQueue task cost before running: 1 s 299 ms 
[2026-09-14T12:47:34.323] [INFO] debug-file - Finished :entry:default@GeneratePkgContextInfo... after 14 ms 
[2026-09-14T12:47:34.324] [DEBUG] debug-file - Executing task :entry:default@GeneratePkgSdkInfo
[2026-09-14T12:47:34.328] [DEBUG] debug-file - Task 'entry:default@GeneratePkgSdkInfo' cost while wrapping incremental declarations: 1 ms 
[2026-09-14T12:47:34.329] [DEBUG] debug-file - Incremental task entry:default@GeneratePkgSdkInfo pre-execution cost: 1 ms .
[2026-09-14T12:47:34.329] [DEBUG] debug-file - entry : default@GeneratePkgSdkInfo cost memory 0.31621551513671875
[2026-09-14T12:47:34.329] [INFO] debug-file - UP-TO-DATE :entry:default@GeneratePkgSdkInfo...  
[2026-09-14T12:47:34.335] [DEBUG] debug-file - Executing task :entry:default@ProcessIntegratedHsp
[2026-09-14T12:47:34.336] [DEBUG] debug-file - entry:default@ProcessIntegratedHsp is not up-to-date, since the output file 'C:\Projects\ElecDraw_Harmony\build\cache\default\integrated_hsp\integratedHspCache.json' does not exist.
[2026-09-14T12:47:34.336] [DEBUG] debug-file - Incremental task entry:default@ProcessIntegratedHsp pre-execution cost: 1 ms .
[2026-09-14T12:47:34.336] [DEBUG] debug-file - entry : default@ProcessIntegratedHsp cost memory 0.05483245849609375
[2026-09-14T12:47:34.336] [DEBUG] debug-file - runTaskFromQueue task cost before running: 1 s 312 ms 
[2026-09-14T12:47:34.336] [INFO] debug-file - Finished :entry:default@ProcessIntegratedHsp... after 1 ms 
[2026-09-14T12:47:34.337] [DEBUG] debug-file - Executing task :common:default@CreateHarBuildProfile
[2026-09-14T12:47:34.338] [DEBUG] debug-file - Task 'common:default@CreateHarBuildProfile' cost while wrapping incremental declarations: 1 ms 
[2026-09-14T12:47:34.338] [DEBUG] debug-file - common:default@CreateHarBuildProfile is not up-to-date, since the input file 'C:\Projects\ElecDraw_Harmony\build-profile.json5' has been changed.
[2026-09-14T12:47:34.338] [DEBUG] debug-file - Incremental task common:default@CreateHarBuildProfile pre-execution cost: 1 ms .
[2026-09-14T12:47:34.339] [DEBUG] debug-file - common : default@CreateHarBuildProfile cost memory 0.0736236572265625
[2026-09-14T12:47:34.339] [DEBUG] debug-file - runTaskFromQueue task cost before running: 1 s 315 ms 
[2026-09-14T12:47:34.339] [INFO] debug-file - Finished :common:default@CreateHarBuildProfile... after 2 ms 
[2026-09-14T12:47:34.340] [DEBUG] debug-file - Executing task :common:default@ConfigureCmake
[2026-09-14T12:47:34.341] [DEBUG] debug-file - common : default@ConfigureCmake cost memory 0.013427734375
[2026-09-14T12:47:34.341] [DEBUG] debug-file - runTaskFromQueue task cost before running: 1 s 317 ms 
[2026-09-14T12:47:34.341] [INFO] debug-file - Finished :common:default@ConfigureCmake... after 1 ms 
[2026-09-14T12:47:34.342] [DEBUG] debug-file - Executing task :common:default@MergeProfile
[2026-09-14T12:47:34.342] [DEBUG] debug-file - Task 'common:default@MergeProfile' cost while wrapping incremental declarations: 1 ms 
[2026-09-14T12:47:34.343] [DEBUG] debug-file - common:default@MergeProfile is not up-to-date, since the input file 'C:\Projects\ElecDraw_Harmony\build-profile.json5' has been changed.
[2026-09-14T12:47:34.343] [DEBUG] debug-file - Incremental task common:default@MergeProfile pre-execution cost: 1 ms .
[2026-09-14T12:47:34.344] [DEBUG] debug-file - Change app api release type with 'Release'
[2026-09-14T12:47:34.344] [DEBUG] debug-file - Change app compile API version with '6.1.1.125'
[2026-09-14T12:47:34.344] [DEBUG] debug-file - Change app target API version with '60101024'
[2026-09-14T12:47:34.344] [DEBUG] debug-file - Change app minimum API version with '60101024'
[2026-09-14T12:47:34.344] [DEBUG] debug-file - Use cli appEnvironment
[2026-09-14T12:47:34.346] [DEBUG] debug-file - common : default@MergeProfile cost memory 0.20014190673828125
[2026-09-14T12:47:34.346] [DEBUG] debug-file - runTaskFromQueue task cost before running: 1 s 322 ms 
[2026-09-14T12:47:34.347] [INFO] debug-file - Finished :common:default@MergeProfile... after 5 ms 
[2026-09-14T12:47:34.348] [DEBUG] debug-file - Executing task :entry:default@SyscapTransform
[2026-09-14T12:47:34.349] [DEBUG] debug-file - File: 'C:\Projects\ElecDraw_Harmony\entry\src\main\syscap.json' from 'sysCapJsonPath' is not exists, just ignore.
[2026-09-14T12:47:34.351] [DEBUG] debug-file - Task 'entry:default@SyscapTransform' cost while wrapping incremental declarations: 3 ms 
[2026-09-14T12:47:34.356] [DEBUG] debug-file - entry:default@SyscapTransform is not up-to-date, since the output file 'C:\Projects\ElecDraw_Harmony\entry\build\default\intermediates\syscap\default\rpcid.sc' does not exist.
[2026-09-14T12:47:34.356] [DEBUG] debug-file - Incremental task entry:default@SyscapTransform pre-execution cost: 5 ms .
[2026-09-14T12:47:34.356] [DEBUG] debug-file - entry : default@SyscapTransform cost memory 0.16243743896484375
[2026-09-14T12:47:34.356] [DEBUG] debug-file - runTaskFromQueue task cost before running: 1 s 332 ms 
[2026-09-14T12:47:34.356] [INFO] debug-file - Finished :entry:default@SyscapTransform... after 8 ms 
[2026-09-14T12:47:34.357] [DEBUG] debug-file - Executing task :entry:default@ProcessRouterMap
[2026-09-14T12:47:34.360] [DEBUG] debug-file - Incremental task entry:default@ProcessRouterMap pre-execution cost: 2 ms .
[2026-09-14T12:47:34.360] [DEBUG] debug-file - entry : default@ProcessRouterMap cost memory 0.17049407958984375
[2026-09-14T12:47:34.361] [INFO] debug-file - UP-TO-DATE :entry:default@ProcessRouterMap...  
[2026-09-14T12:47:34.362] [DEBUG] debug-file - Executing task :entry:default@ProcessShareConfig
[2026-09-14T12:47:34.364] [DEBUG] debug-file - Incremental task entry:default@ProcessShareConfig pre-execution cost: 1 ms .
[2026-09-14T12:47:34.364] [DEBUG] debug-file - entry : default@ProcessShareConfig cost memory 0.14524078369140625
[2026-09-14T12:47:34.364] [INFO] debug-file - UP-TO-DATE :entry:default@ProcessShareConfig...  
[2026-09-14T12:47:34.365] [DEBUG] debug-file - Executing task :entry:default@ProcessStartupConfig
[2026-09-14T12:47:34.365] [DEBUG] debug-file - Task 'entry:default@ProcessStartupConfig' cost while wrapping incremental declarations: 1 ms 
[2026-09-14T12:47:34.366] [DEBUG] debug-file - entry:default@ProcessStartupConfig is not up-to-date, since the output file 'C:\Projects\ElecDraw_Harmony\entry\build\default\intermediates\startup\default\startup_config.json' does not exist.
[2026-09-14T12:47:34.366] [DEBUG] debug-file - Incremental task entry:default@ProcessStartupConfig pre-execution cost: 1 ms .
[2026-09-14T12:47:34.366] [DEBUG] debug-file - entry : default@ProcessStartupConfig cost memory 0.13812255859375
[2026-09-14T12:47:34.367] [DEBUG] debug-file - runTaskFromQueue task cost before running: 1 s 343 ms 
[2026-09-14T12:47:34.367] [INFO] debug-file - Finished :entry:default@ProcessStartupConfig... after 2 ms 
[2026-09-14T12:47:34.367] [DEBUG] debug-file - Executing task :schematic_editor:default@CreateHarBuildProfile
[2026-09-14T12:47:34.368] [DEBUG] debug-file - Task 'schematic_editor:default@CreateHarBuildProfile' cost while wrapping incremental declarations: 1 ms 
[2026-09-14T12:47:34.368] [DEBUG] debug-file - schematic_editor:default@CreateHarBuildProfile is not up-to-date, since the input file 'C:\Projects\ElecDraw_Harmony\build-profile.json5' has been changed.
[2026-09-14T12:47:34.368] [DEBUG] debug-file - Incremental task schematic_editor:default@CreateHarBuildProfile pre-execution cost: 1 ms .
[2026-09-14T12:47:34.369] [DEBUG] debug-file - schematic_editor : default@CreateHarBuildProfile cost memory 0.07233428955078125
[2026-09-14T12:47:34.369] [DEBUG] debug-file - runTaskFromQueue task cost before running: 1 s 345 ms 
[2026-09-14T12:47:34.369] [INFO] debug-file - Finished :schematic_editor:default@CreateHarBuildProfile... after 2 ms 
[2026-09-14T12:47:34.370] [DEBUG] debug-file - Executing task :component_library:default@CreateHarBuildProfile
[2026-09-14T12:47:34.370] [DEBUG] debug-file - Task 'component_library:default@CreateHarBuildProfile' cost while wrapping incremental declarations: 1 ms 
[2026-09-14T12:47:34.370] [DEBUG] debug-file - component_library:default@CreateHarBuildProfile is not up-to-date, since the input file 'C:\Projects\ElecDraw_Harmony\build-profile.json5' has been changed.
[2026-09-14T12:47:34.371] [DEBUG] debug-file - Incremental task component_library:default@CreateHarBuildProfile pre-execution cost: 1 ms .
[2026-09-14T12:47:34.371] [DEBUG] debug-file - component_library : default@CreateHarBuildProfile cost memory 0.0726318359375
[2026-09-14T12:47:34.371] [DEBUG] debug-file - runTaskFromQueue task cost before running: 1 s 347 ms 
[2026-09-14T12:47:34.371] [INFO] debug-file - Finished :component_library:default@CreateHarBuildProfile... after 2 ms 
[2026-09-14T12:47:34.372] [DEBUG] debug-file - Executing task :simulation_kernel:default@CreateHarBuildProfile
[2026-09-14T12:47:34.372] [DEBUG] debug-file - Task 'simulation_kernel:default@CreateHarBuildProfile' cost while wrapping incremental declarations: 1 ms 
[2026-09-14T12:47:34.373] [DEBUG] debug-file - simulation_kernel:default@CreateHarBuildProfile is not up-to-date, since the input file 'C:\Projects\ElecDraw_Harmony\build-profile.json5' has been changed.
[2026-09-14T12:47:34.373] [DEBUG] debug-file - Incremental task simulation_kernel:default@CreateHarBuildProfile pre-execution cost: 1 ms .
[2026-09-14T12:47:34.373] [DEBUG] debug-file - simulation_kernel : default@CreateHarBuildProfile cost memory 0.17479705810546875
[2026-09-14T12:47:34.374] [DEBUG] debug-file - runTaskFromQueue task cost before running: 1 s 350 ms 
[2026-09-14T12:47:34.374] [INFO] debug-file - Finished :simulation_kernel:default@CreateHarBuildProfile... after 2 ms 
[2026-09-14T12:47:34.375] [DEBUG] debug-file - Executing task :hex_debugger:default@CreateHarBuildProfile
[2026-09-14T12:47:34.375] [DEBUG] debug-file - Task 'hex_debugger:default@CreateHarBuildProfile' cost while wrapping incremental declarations: 1 ms 
[2026-09-14T12:47:34.376] [DEBUG] debug-file - hex_debugger:default@CreateHarBuildProfile is not up-to-date, since the input file 'C:\Projects\ElecDraw_Harmony\build-profile.json5' has been changed.
[2026-09-14T12:47:34.376] [DEBUG] debug-file - Incremental task hex_debugger:default@CreateHarBuildProfile pre-execution cost: 1 ms .
[2026-09-14T12:47:34.376] [DEBUG] debug-file - hex_debugger : default@CreateHarBuildProfile cost memory 0.07239532470703125
[2026-09-14T12:47:34.377] [DEBUG] debug-file - runTaskFromQueue task cost before running: 1 s 353 ms 
[2026-09-14T12:47:34.377] [INFO] debug-file - Finished :hex_debugger:default@CreateHarBuildProfile... after 2 ms 
[2026-09-14T12:47:34.378] [DEBUG] debug-file - Executing task :ai_api_manager:default@CreateHarBuildProfile
[2026-09-14T12:47:34.378] [DEBUG] debug-file - Task 'ai_api_manager:default@CreateHarBuildProfile' cost while wrapping incremental declarations: 1 ms 
[2026-09-14T12:47:34.378] [DEBUG] debug-file - ai_api_manager:default@CreateHarBuildProfile is not up-to-date, since the input file 'C:\Projects\ElecDraw_Harmony\build-profile.json5' has been changed.
[2026-09-14T12:47:34.378] [DEBUG] debug-file - Incremental task ai_api_manager:default@CreateHarBuildProfile pre-execution cost: 1 ms .
[2026-09-14T12:47:34.379] [DEBUG] debug-file - ai_api_manager : default@CreateHarBuildProfile cost memory 0.07247161865234375
[2026-09-14T12:47:34.379] [DEBUG] debug-file - runTaskFromQueue task cost before running: 1 s 355 ms 
[2026-09-14T12:47:34.379] [INFO] debug-file - Finished :ai_api_manager:default@CreateHarBuildProfile... after 2 ms 
[2026-09-14T12:47:34.380] [DEBUG] debug-file - Executing task :file_persistence:default@CreateHarBuildProfile
[2026-09-14T12:47:34.380] [DEBUG] debug-file - Task 'file_persistence:default@CreateHarBuildProfile' cost while wrapping incremental declarations: 1 ms 
[2026-09-14T12:47:34.380] [DEBUG] debug-file - file_persistence:default@CreateHarBuildProfile is not up-to-date, since the input file 'C:\Projects\ElecDraw_Harmony\build-profile.json5' has been changed.
[2026-09-14T12:47:34.380] [DEBUG] debug-file - Incremental task file_persistence:default@CreateHarBuildProfile pre-execution cost: 1 ms .
[2026-09-14T12:47:34.381] [DEBUG] debug-file - file_persistence : default@CreateHarBuildProfile cost memory 0.07262420654296875
[2026-09-14T12:47:34.381] [DEBUG] debug-file - runTaskFromQueue task cost before running: 1 s 357 ms 
[2026-09-14T12:47:34.381] [INFO] debug-file - Finished :file_persistence:default@CreateHarBuildProfile... after 2 ms 
[2026-09-14T12:47:34.382] [DEBUG] debug-file - Executing task :instruments:default@CreateHarBuildProfile
[2026-09-14T12:47:34.382] [DEBUG] debug-file - Task 'instruments:default@CreateHarBuildProfile' cost while wrapping incremental declarations: 1 ms 
[2026-09-14T12:47:34.383] [DEBUG] debug-file - instruments:default@CreateHarBuildProfile is not up-to-date, since the input file 'C:\Projects\ElecDraw_Harmony\build-profile.json5' has been changed.
[2026-09-14T12:47:34.383] [DEBUG] debug-file - Incremental task instruments:default@CreateHarBuildProfile pre-execution cost: 1 ms .
[2026-09-14T12:47:34.383] [DEBUG] debug-file - instruments : default@CreateHarBuildProfile cost memory 0.07213592529296875
[2026-09-14T12:47:34.383] [DEBUG] debug-file - runTaskFromQueue task cost before running: 1 s 359 ms 
[2026-09-14T12:47:34.384] [INFO] debug-file - Finished :instruments:default@CreateHarBuildProfile... after 2 ms 
[2026-09-14T12:47:34.384] [DEBUG] debug-file - Executing task :plugin_system:default@CreateHarBuildProfile
[2026-09-14T12:47:34.384] [DEBUG] debug-file - Task 'plugin_system:default@CreateHarBuildProfile' cost while wrapping incremental declarations: 1 ms 
[2026-09-14T12:47:34.385] [DEBUG] debug-file - plugin_system:default@CreateHarBuildProfile is not up-to-date, since the input file 'C:\Projects\ElecDraw_Harmony\build-profile.json5' has been changed.
[2026-09-14T12:47:34.385] [DEBUG] debug-file - Incremental task plugin_system:default@CreateHarBuildProfile pre-execution cost: 1 ms .
[2026-09-14T12:47:34.385] [DEBUG] debug-file - plugin_system : default@CreateHarBuildProfile cost memory 0.07244873046875
[2026-09-14T12:47:34.386] [DEBUG] debug-file - runTaskFromQueue task cost before running: 1 s 362 ms 
[2026-09-14T12:47:34.386] [INFO] debug-file - Finished :plugin_system:default@CreateHarBuildProfile... after 2 ms 
[2026-09-14T12:47:34.386] [DEBUG] debug-file - Executing task :pcb_editor:default@CreateHarBuildProfile
[2026-09-14T12:47:34.387] [DEBUG] debug-file - Task 'pcb_editor:default@CreateHarBuildProfile' cost while wrapping incremental declarations: 1 ms 
[2026-09-14T12:47:34.387] [DEBUG] debug-file - pcb_editor:default@CreateHarBuildProfile is not up-to-date, since the input file 'C:\Projects\ElecDraw_Harmony\build-profile.json5' has been changed.
[2026-09-14T12:47:34.387] [DEBUG] debug-file - Incremental task pcb_editor:default@CreateHarBuildProfile pre-execution cost: 1 ms .
[2026-09-14T12:47:34.388] [DEBUG] debug-file - pcb_editor : default@CreateHarBuildProfile cost memory 0.08287811279296875
[2026-09-14T12:47:34.388] [DEBUG] debug-file - runTaskFromQueue task cost before running: 1 s 364 ms 
[2026-09-14T12:47:34.388] [INFO] debug-file - Finished :pcb_editor:default@CreateHarBuildProfile... after 2 ms 
[2026-09-14T12:47:34.389] [DEBUG] debug-file - Executing task :common:default@BuildNativeWithCmake
[2026-09-14T12:47:34.390] [DEBUG] debug-file - common : default@BuildNativeWithCmake cost memory 0.013427734375
[2026-09-14T12:47:34.390] [DEBUG] debug-file - runTaskFromQueue task cost before running: 1 s 366 ms 
[2026-09-14T12:47:34.390] [INFO] debug-file - Finished :common:default@BuildNativeWithCmake... after 1 ms 
[2026-09-14T12:47:34.391] [DEBUG] debug-file - Executing task :schematic_editor:default@MergeProfile
[2026-09-14T12:47:34.391] [DEBUG] debug-file - Task 'schematic_editor:default@MergeProfile' cost while wrapping incremental declarations: 1 ms 
[2026-09-14T12:47:34.392] [DEBUG] debug-file - schematic_editor:default@MergeProfile is not up-to-date, since the input file 'C:\Projects\ElecDraw_Harmony\build-profile.json5' has been changed.
[2026-09-14T12:47:34.392] [DEBUG] debug-file - Incremental task schematic_editor:default@MergeProfile pre-execution cost: 1 ms .
[2026-09-14T12:47:34.392] [DEBUG] debug-file - Change app api release type with 'Release'
[2026-09-14T12:47:34.392] [DEBUG] debug-file - Change app compile API version with '6.1.1.125'
[2026-09-14T12:47:34.392] [DEBUG] debug-file - Change app target API version with '60101024'
[2026-09-14T12:47:34.392] [DEBUG] debug-file - Change app minimum API version with '60101024'
[2026-09-14T12:47:34.392] [DEBUG] debug-file - Use cli appEnvironment
[2026-09-14T12:47:34.393] [DEBUG] debug-file - schematic_editor : default@MergeProfile cost memory 0.1914215087890625
[2026-09-14T12:47:34.393] [DEBUG] debug-file - runTaskFromQueue task cost before running: 1 s 369 ms 
[2026-09-14T12:47:34.394] [INFO] debug-file - Finished :schematic_editor:default@MergeProfile... after 3 ms 
[2026-09-14T12:47:34.394] [DEBUG] debug-file - Executing task :component_library:default@MergeProfile
[2026-09-14T12:47:34.394] [DEBUG] debug-file - Task 'component_library:default@MergeProfile' cost while wrapping incremental declarations: 1 ms 
[2026-09-14T12:47:34.395] [DEBUG] debug-file - component_library:default@MergeProfile is not up-to-date, since the input file 'C:\Projects\ElecDraw_Harmony\build-profile.json5' has been changed.
[2026-09-14T12:47:34.395] [DEBUG] debug-file - Incremental task component_library:default@MergeProfile pre-execution cost: 1 ms .
[2026-09-14T12:47:34.395] [DEBUG] debug-file - Change app api release type with 'Release'
[2026-09-14T12:47:34.395] [DEBUG] debug-file - Change app compile API version with '6.1.1.125'
[2026-09-14T12:47:34.395] [DEBUG] debug-file - Change app target API version with '60101024'
[2026-09-14T12:47:34.395] [DEBUG] debug-file - Change app minimum API version with '60101024'
[2026-09-14T12:47:34.395] [DEBUG] debug-file - Use cli appEnvironment
[2026-09-14T12:47:34.397] [DEBUG] debug-file - component_library : default@MergeProfile cost memory 0.19062042236328125
[2026-09-14T12:47:34.397] [DEBUG] debug-file - runTaskFromQueue task cost before running: 1 s 373 ms 
[2026-09-14T12:47:34.398] [INFO] debug-file - Finished :component_library:default@MergeProfile... after 4 ms 
[2026-09-14T12:47:34.398] [DEBUG] debug-file - Executing task :simulation_kernel:default@MergeProfile
[2026-09-14T12:47:34.399] [DEBUG] debug-file - Task 'simulation_kernel:default@MergeProfile' cost while wrapping incremental declarations: 1 ms 
[2026-09-14T12:47:34.399] [DEBUG] debug-file - simulation_kernel:default@MergeProfile is not up-to-date, since the input file 'C:\Projects\ElecDraw_Harmony\build-profile.json5' has been changed.
[2026-09-14T12:47:34.400] [DEBUG] debug-file - Incremental task simulation_kernel:default@MergeProfile pre-execution cost: 1 ms .
[2026-09-14T12:47:34.400] [DEBUG] debug-file - Change app api release type with 'Release'
[2026-09-14T12:47:34.400] [DEBUG] debug-file - Change app compile API version with '6.1.1.125'
[2026-09-14T12:47:34.400] [DEBUG] debug-file - Change app target API version with '60101024'
[2026-09-14T12:47:34.400] [DEBUG] debug-file - Change app minimum API version with '60101024'
[2026-09-14T12:47:34.400] [DEBUG] debug-file - Use cli appEnvironment
[2026-09-14T12:47:34.401] [DEBUG] debug-file - simulation_kernel : default@MergeProfile cost memory 0.191162109375
[2026-09-14T12:47:34.401] [DEBUG] debug-file - runTaskFromQueue task cost before running: 1 s 377 ms 
[2026-09-14T12:47:34.402] [INFO] debug-file - Finished :simulation_kernel:default@MergeProfile... after 4 ms 
[2026-09-14T12:47:34.402] [DEBUG] debug-file - Executing task :hex_debugger:default@MergeProfile
[2026-09-14T12:47:34.402] [DEBUG] debug-file - Task 'hex_debugger:default@MergeProfile' cost while wrapping incremental declarations: 1 ms 
[2026-09-14T12:47:34.403] [DEBUG] debug-file - hex_debugger:default@MergeProfile is not up-to-date, since the input file 'C:\Projects\ElecDraw_Harmony\build-profile.json5' has been changed.
[2026-09-14T12:47:34.403] [DEBUG] debug-file - Incremental task hex_debugger:default@MergeProfile pre-execution cost: 1 ms .
[2026-09-14T12:47:34.403] [DEBUG] debug-file - Change app api release type with 'Release'
[2026-09-14T12:47:34.403] [DEBUG] debug-file - Change app compile API version with '6.1.1.125'
[2026-09-14T12:47:34.403] [DEBUG] debug-file - Change app target API version with '60101024'
[2026-09-14T12:47:34.403] [DEBUG] debug-file - Change app minimum API version with '60101024'
[2026-09-14T12:47:34.403] [DEBUG] debug-file - Use cli appEnvironment
[2026-09-14T12:47:34.404] [DEBUG] debug-file - hex_debugger : default@MergeProfile cost memory 0.18953704833984375
[2026-09-14T12:47:34.405] [DEBUG] debug-file - runTaskFromQueue task cost before running: 1 s 381 ms 
[2026-09-14T12:47:34.405] [INFO] debug-file - Finished :hex_debugger:default@MergeProfile... after 3 ms 
[2026-09-14T12:47:34.405] [DEBUG] debug-file - Executing task :ai_api_manager:default@MergeProfile
[2026-09-14T12:47:34.406] [DEBUG] debug-file - Task 'ai_api_manager:default@MergeProfile' cost while wrapping incremental declarations: 1 ms 
[2026-09-14T12:47:34.406] [DEBUG] debug-file - ai_api_manager:default@MergeProfile is not up-to-date, since the input file 'C:\Projects\ElecDraw_Harmony\build-profile.json5' has been changed.
[2026-09-14T12:47:34.407] [DEBUG] debug-file - Incremental task ai_api_manager:default@MergeProfile pre-execution cost: 1 ms .
[2026-09-14T12:47:34.407] [DEBUG] debug-file - Change app api release type with 'Release'
[2026-09-14T12:47:34.407] [DEBUG] debug-file - Change app compile API version with '6.1.1.125'
[2026-09-14T12:47:34.407] [DEBUG] debug-file - Change app target API version with '60101024'
[2026-09-14T12:47:34.407] [DEBUG] debug-file - Change app minimum API version with '60101024'
[2026-09-14T12:47:34.407] [DEBUG] debug-file - Use cli appEnvironment
[2026-09-14T12:47:34.408] [DEBUG] debug-file - ai_api_manager : default@MergeProfile cost memory 0.190216064453125
[2026-09-14T12:47:34.408] [DEBUG] debug-file - runTaskFromQueue task cost before running: 1 s 384 ms 
[2026-09-14T12:47:34.409] [INFO] debug-file - Finished :ai_api_manager:default@MergeProfile... after 3 ms 
[2026-09-14T12:47:34.409] [DEBUG] debug-file - Executing task :file_persistence:default@MergeProfile
[2026-09-14T12:47:34.409] [DEBUG] debug-file - Task 'file_persistence:default@MergeProfile' cost while wrapping incremental declarations: 1 ms 
[2026-09-14T12:47:34.410] [DEBUG] debug-file - file_persistence:default@MergeProfile is not up-to-date, since the input file 'C:\Projects\ElecDraw_Harmony\build-profile.json5' has been changed.
[2026-09-14T12:47:34.410] [DEBUG] debug-file - Incremental task file_persistence:default@MergeProfile pre-execution cost: 1 ms .
[2026-09-14T12:47:34.410] [DEBUG] debug-file - Change app api release type with 'Release'
[2026-09-14T12:47:34.410] [DEBUG] debug-file - Change app compile API version with '6.1.1.125'
[2026-09-14T12:47:34.410] [DEBUG] debug-file - Change app target API version with '60101024'
[2026-09-14T12:47:34.410] [DEBUG] debug-file - Change app minimum API version with '60101024'
[2026-09-14T12:47:34.410] [DEBUG] debug-file - Use cli appEnvironment
[2026-09-14T12:47:34.412] [DEBUG] debug-file - file_persistence : default@MergeProfile cost memory 0.19014739990234375
[2026-09-14T12:47:34.412] [DEBUG] debug-file - runTaskFromQueue task cost before running: 1 s 388 ms 
[2026-09-14T12:47:34.412] [INFO] debug-file - Finished :file_persistence:default@MergeProfile... after 3 ms 
[2026-09-14T12:47:34.413] [DEBUG] debug-file - Executing task :instruments:default@MergeProfile
[2026-09-14T12:47:34.413] [DEBUG] debug-file - Task 'instruments:default@MergeProfile' cost while wrapping incremental declarations: 1 ms 
[2026-09-14T12:47:34.414] [DEBUG] debug-file - instruments:default@MergeProfile is not up-to-date, since the input file 'C:\Projects\ElecDraw_Harmony\build-profile.json5' has been changed.
[2026-09-14T12:47:34.414] [DEBUG] debug-file - Incremental task instruments:default@MergeProfile pre-execution cost: 1 ms .
[2026-09-14T12:47:34.414] [DEBUG] debug-file - Change app api release type with 'Release'
[2026-09-14T12:47:34.414] [DEBUG] debug-file - Change app compile API version with '6.1.1.125'
[2026-09-14T12:47:34.414] [DEBUG] debug-file - Change app target API version with '60101024'
[2026-09-14T12:47:34.415] [DEBUG] debug-file - Change app minimum API version with '60101024'
[2026-09-14T12:47:34.415] [DEBUG] debug-file - Use cli appEnvironment
[2026-09-14T12:47:34.416] [DEBUG] debug-file - instruments : default@MergeProfile cost memory 0.1894989013671875
[2026-09-14T12:47:34.416] [DEBUG] debug-file - runTaskFromQueue task cost before running: 1 s 392 ms 
[2026-09-14T12:47:34.416] [INFO] debug-file - Finished :instruments:default@MergeProfile... after 3 ms 
[2026-09-14T12:47:34.417] [DEBUG] debug-file - Executing task :plugin_system:default@MergeProfile
[2026-09-14T12:47:34.417] [DEBUG] debug-file - Task 'plugin_system:default@MergeProfile' cost while wrapping incremental declarations: 1 ms 
[2026-09-14T12:47:34.418] [DEBUG] debug-file - plugin_system:default@MergeProfile is not up-to-date, since the input file 'C:\Projects\ElecDraw_Harmony\build-profile.json5' has been changed.
[2026-09-14T12:47:34.418] [DEBUG] debug-file - Incremental task plugin_system:default@MergeProfile pre-execution cost: 1 ms .
[2026-09-14T12:47:34.418] [DEBUG] debug-file - Change app api release type with 'Release'
[2026-09-14T12:47:34.418] [DEBUG] debug-file - Change app compile API version with '6.1.1.125'
[2026-09-14T12:47:34.418] [DEBUG] debug-file - Change app target API version with '60101024'
[2026-09-14T12:47:34.418] [DEBUG] debug-file - Change app minimum API version with '60101024'
[2026-09-14T12:47:34.418] [DEBUG] debug-file - Use cli appEnvironment
[2026-09-14T12:47:34.419] [DEBUG] debug-file - plugin_system : default@MergeProfile cost memory 0.189422607421875
[2026-09-14T12:47:34.419] [DEBUG] debug-file - runTaskFromQueue task cost before running: 1 s 396 ms 
[2026-09-14T12:47:34.420] [INFO] debug-file - Finished :plugin_system:default@MergeProfile... after 3 ms 
[2026-09-14T12:47:34.420] [DEBUG] debug-file - Executing task :pcb_editor:default@MergeProfile
[2026-09-14T12:47:34.421] [DEBUG] debug-file - Task 'pcb_editor:default@MergeProfile' cost while wrapping incremental declarations: 1 ms 
[2026-09-14T12:47:34.421] [DEBUG] debug-file - pcb_editor:default@MergeProfile is not up-to-date, since the input file 'C:\Projects\ElecDraw_Harmony\build-profile.json5' has been changed.
[2026-09-14T12:47:34.421] [DEBUG] debug-file - Incremental task pcb_editor:default@MergeProfile pre-execution cost: 1 ms .
[2026-09-14T12:47:34.421] [DEBUG] debug-file - Change app api release type with 'Release'
[2026-09-14T12:47:34.421] [DEBUG] debug-file - Change app compile API version with '6.1.1.125'
[2026-09-14T12:47:34.421] [DEBUG] debug-file - Change app target API version with '60101024'
[2026-09-14T12:47:34.422] [DEBUG] debug-file - Change app minimum API version with '60101024'
[2026-09-14T12:47:34.422] [DEBUG] debug-file - Use cli appEnvironment
[2026-09-14T12:47:34.423] [DEBUG] debug-file - pcb_editor : default@MergeProfile cost memory 0.20044708251953125
[2026-09-14T12:47:34.423] [DEBUG] debug-file - runTaskFromQueue task cost before running: 1 s 399 ms 
[2026-09-14T12:47:34.424] [INFO] debug-file - Finished :pcb_editor:default@MergeProfile... after 3 ms 
[2026-09-14T12:47:34.425] [DEBUG] debug-file - Obtain build option for module 'common' target 'default'in this build.
[2026-09-14T12:47:34.425] [DEBUG] debug-file - Obtain build option for module 'schematic_editor' target 'default'in this build.
[2026-09-14T12:47:34.425] [DEBUG] debug-file - Obtain build option for module 'component_library' target 'default'in this build.
[2026-09-14T12:47:34.425] [DEBUG] debug-file - Obtain build option for module 'simulation_kernel' target 'default'in this build.
[2026-09-14T12:47:34.425] [DEBUG] debug-file - Obtain build option for module 'hex_debugger' target 'default'in this build.
[2026-09-14T12:47:34.425] [DEBUG] debug-file - Obtain build option for module 'ai_api_manager' target 'default'in this build.
[2026-09-14T12:47:34.425] [DEBUG] debug-file - Obtain build option for module 'ai_engine' target 'default'in this build.
[2026-09-14T12:47:34.425] [DEBUG] debug-file - Obtain build option for module 'file_persistence' target 'default'in this build.
[2026-09-14T12:47:34.425] [DEBUG] debug-file - Obtain build option for module 'instruments' target 'default'in this build.
[2026-09-14T12:47:34.425] [DEBUG] debug-file - Obtain build option for module 'plugin_system' target 'default'in this build.
[2026-09-14T12:47:34.425] [DEBUG] debug-file - Obtain build option for module 'pcb_editor' target 'default'in this build.
[2026-09-14T12:47:34.425] [DEBUG] debug-file - Obtain build option for module 'agent_bridge' target 'default'in this build.
[2026-09-14T12:47:34.426] [DEBUG] debug-file - Executing task :entry:default@GenerateLoaderJson
[2026-09-14T12:47:34.427] [DEBUG] debug-file - Task 'entry:default@GenerateLoaderJson' cost while wrapping incremental declarations: 1 ms 
[2026-09-14T12:47:34.429] [DEBUG] debug-file - Obtain build option for module 'common' target 'default'in this build.
[2026-09-14T12:47:34.429] [DEBUG] debug-file - Obtain build option for module 'schematic_editor' target 'default'in this build.
[2026-09-14T12:47:34.429] [DEBUG] debug-file - Obtain build option for module 'component_library' target 'default'in this build.
[2026-09-14T12:47:34.429] [DEBUG] debug-file - Obtain build option for module 'simulation_kernel' target 'default'in this build.
[2026-09-14T12:47:34.429] [DEBUG] debug-file - Obtain build option for module 'hex_debugger' target 'default'in this build.
[2026-09-14T12:47:34.429] [DEBUG] debug-file - Obtain build option for module 'ai_api_manager' target 'default'in this build.
[2026-09-14T12:47:34.429] [DEBUG] debug-file - Obtain build option for module 'ai_engine' target 'default'in this build.
[2026-09-14T12:47:34.429] [DEBUG] debug-file - Obtain build option for module 'file_persistence' target 'default'in this build.
[2026-09-14T12:47:34.429] [DEBUG] debug-file - Obtain build option for module 'instruments' target 'default'in this build.
[2026-09-14T12:47:34.429] [DEBUG] debug-file - Obtain build option for module 'plugin_system' target 'default'in this build.
[2026-09-14T12:47:34.429] [DEBUG] debug-file - Obtain build option for module 'pcb_editor' target 'default'in this build.
[2026-09-14T12:47:34.429] [DEBUG] debug-file - Obtain build option for module 'agent_bridge' target 'default'in this build.
[2026-09-14T12:47:34.431] [DEBUG] debug-file - Obtain build option for module 'common' target 'default'in this build.
[2026-09-14T12:47:34.431] [DEBUG] debug-file - Obtain build option for module 'schematic_editor' target 'default'in this build.
[2026-09-14T12:47:34.431] [DEBUG] debug-file - Obtain build option for module 'component_library' target 'default'in this build.
[2026-09-14T12:47:34.431] [DEBUG] debug-file - Obtain build option for module 'simulation_kernel' target 'default'in this build.
[2026-09-14T12:47:34.431] [DEBUG] debug-file - Obtain build option for module 'hex_debugger' target 'default'in this build.
[2026-09-14T12:47:34.431] [DEBUG] debug-file - Obtain build option for module 'ai_api_manager' target 'default'in this build.
[2026-09-14T12:47:34.431] [DEBUG] debug-file - Obtain build option for module 'ai_engine' target 'default'in this build.
[2026-09-14T12:47:34.431] [DEBUG] debug-file - Obtain build option for module 'file_persistence' target 'default'in this build.
[2026-09-14T12:47:34.431] [DEBUG] debug-file - Obtain build option for module 'instruments' target 'default'in this build.
[2026-09-14T12:47:34.431] [DEBUG] debug-file - Obtain build option for module 'plugin_system' target 'default'in this build.
[2026-09-14T12:47:34.431] [DEBUG] debug-file - Obtain build option for module 'pcb_editor' target 'default'in this build.
[2026-09-14T12:47:34.431] [DEBUG] debug-file - Obtain build option for module 'agent_bridge' target 'default'in this build.
[2026-09-14T12:47:34.433] [DEBUG] debug-file - Obtain build option for module 'common' target 'default'in this build.
[2026-09-14T12:47:34.433] [DEBUG] debug-file - Obtain build option for module 'schematic_editor' target 'default'in this build.
[2026-09-14T12:47:34.433] [DEBUG] debug-file - Obtain build option for module 'component_library' target 'default'in this build.
[2026-09-14T12:47:34.433] [DEBUG] debug-file - Obtain build option for module 'simulation_kernel' target 'default'in this build.
[2026-09-14T12:47:34.433] [DEBUG] debug-file - Obtain build option for module 'hex_debugger' target 'default'in this build.
[2026-09-14T12:47:34.433] [DEBUG] debug-file - Obtain build option for module 'ai_api_manager' target 'default'in this build.
[2026-09-14T12:47:34.433] [DEBUG] debug-file - Obtain build option for module 'ai_engine' target 'default'in this build.
[2026-09-14T12:47:34.433] [DEBUG] debug-file - Obtain build option for module 'file_persistence' target 'default'in this build.
[2026-09-14T12:47:34.433] [DEBUG] debug-file - Obtain build option for module 'instruments' target 'default'in this build.
[2026-09-14T12:47:34.433] [DEBUG] debug-file - Obtain build option for module 'plugin_system' target 'default'in this build.
[2026-09-14T12:47:34.433] [DEBUG] debug-file - Obtain build option for module 'pcb_editor' target 'default'in this build.
[2026-09-14T12:47:34.433] [DEBUG] debug-file - Obtain build option for module 'agent_bridge' target 'default'in this build.
[2026-09-14T12:47:34.433] [DEBUG] debug-file - Obtain build option for module 'common' target 'default'in this build.
[2026-09-14T12:47:34.434] [DEBUG] debug-file - Obtain build option for module 'schematic_editor' target 'default'in this build.
[2026-09-14T12:47:34.434] [DEBUG] debug-file - Obtain build option for module 'component_library' target 'default'in this build.
[2026-09-14T12:47:34.434] [DEBUG] debug-file - Obtain build option for module 'simulation_kernel' target 'default'in this build.
[2026-09-14T12:47:34.434] [DEBUG] debug-file - Obtain build option for module 'hex_debugger' target 'default'in this build.
[2026-09-14T12:47:34.434] [DEBUG] debug-file - Obtain build option for module 'ai_api_manager' target 'default'in this build.
[2026-09-14T12:47:34.434] [DEBUG] debug-file - Obtain build option for module 'ai_engine' target 'default'in this build.
[2026-09-14T12:47:34.434] [DEBUG] debug-file - Obtain build option for module 'file_persistence' target 'default'in this build.
[2026-09-14T12:47:34.434] [DEBUG] debug-file - Obtain build option for module 'instruments' target 'default'in this build.
[2026-09-14T12:47:34.434] [DEBUG] debug-file - Obtain build option for module 'plugin_system' target 'default'in this build.
[2026-09-14T12:47:34.434] [DEBUG] debug-file - Obtain build option for module 'pcb_editor' target 'default'in this build.
[2026-09-14T12:47:34.434] [DEBUG] debug-file - Obtain build option for module 'agent_bridge' target 'default'in this build.
[2026-09-14T12:47:34.434] [DEBUG] debug-file - Obtain build option for module 'common' target 'default'in this build.
[2026-09-14T12:47:34.434] [DEBUG] debug-file - Obtain build option for module 'schematic_editor' target 'default'in this build.
[2026-09-14T12:47:34.434] [DEBUG] debug-file - Obtain build option for module 'component_library' target 'default'in this build.
[2026-09-14T12:47:34.434] [DEBUG] debug-file - Obtain build option for module 'simulation_kernel' target 'default'in this build.
[2026-09-14T12:47:34.434] [DEBUG] debug-file - Obtain build option for module 'hex_debugger' target 'default'in this build.
[2026-09-14T12:47:34.434] [DEBUG] debug-file - Obtain build option for module 'ai_api_manager' target 'default'in this build.
[2026-09-14T12:47:34.434] [DEBUG] debug-file - Obtain build option for module 'ai_engine' target 'default'in this build.
[2026-09-14T12:47:34.434] [DEBUG] debug-file - Obtain build option for module 'file_persistence' target 'default'in this build.
[2026-09-14T12:47:34.435] [DEBUG] debug-file - Obtain build option for module 'instruments' target 'default'in this build.
[2026-09-14T12:47:34.435] [DEBUG] debug-file - Obtain build option for module 'plugin_system' target 'default'in this build.
[2026-09-14T12:47:34.435] [DEBUG] debug-file - Obtain build option for module 'pcb_editor' target 'default'in this build.
[2026-09-14T12:47:34.435] [DEBUG] debug-file - Obtain build option for module 'agent_bridge' target 'default'in this build.
[2026-09-14T12:47:34.435] [DEBUG] debug-file - Incremental task entry:default@GenerateLoaderJson pre-execution cost: 5 ms .
[2026-09-14T12:47:34.435] [DEBUG] debug-file - entry : default@GenerateLoaderJson cost memory 1.1087875366210938
[2026-09-14T12:47:34.437] [DEBUG] debug-file - Obtain build option for module 'common' target 'default'in this build.
[2026-09-14T12:47:34.437] [DEBUG] debug-file - Obtain build option for module 'schematic_editor' target 'default'in this build.
[2026-09-14T12:47:34.437] [DEBUG] debug-file - Obtain build option for module 'component_library' target 'default'in this build.
[2026-09-14T12:47:34.437] [DEBUG] debug-file - Obtain build option for module 'simulation_kernel' target 'default'in this build.
[2026-09-14T12:47:34.437] [DEBUG] debug-file - Obtain build option for module 'hex_debugger' target 'default'in this build.
[2026-09-14T12:47:34.437] [DEBUG] debug-file - Obtain build option for module 'ai_api_manager' target 'default'in this build.
[2026-09-14T12:47:34.437] [DEBUG] debug-file - Obtain build option for module 'ai_engine' target 'default'in this build.
[2026-09-14T12:47:34.437] [DEBUG] debug-file - Obtain build option for module 'file_persistence' target 'default'in this build.
[2026-09-14T12:47:34.437] [DEBUG] debug-file - Obtain build option for module 'instruments' target 'default'in this build.
[2026-09-14T12:47:34.437] [DEBUG] debug-file - Obtain build option for module 'plugin_system' target 'default'in this build.
[2026-09-14T12:47:34.437] [DEBUG] debug-file - Obtain build option for module 'pcb_editor' target 'default'in this build.
[2026-09-14T12:47:34.437] [DEBUG] debug-file - Obtain build option for module 'agent_bridge' target 'default'in this build.
[2026-09-14T12:47:34.438] [DEBUG] debug-file - Obtain build option for module 'common' target 'default'in this build.
[2026-09-14T12:47:34.438] [DEBUG] debug-file - Obtain build option for module 'schematic_editor' target 'default'in this build.
[2026-09-14T12:47:34.438] [DEBUG] debug-file - Obtain build option for module 'component_library' target 'default'in this build.
[2026-09-14T12:47:34.439] [DEBUG] debug-file - Obtain build option for module 'simulation_kernel' target 'default'in this build.
[2026-09-14T12:47:34.439] [DEBUG] debug-file - Obtain build option for module 'hex_debugger' target 'default'in this build.
[2026-09-14T12:47:34.439] [DEBUG] debug-file - Obtain build option for module 'ai_api_manager' target 'default'in this build.
[2026-09-14T12:47:34.439] [DEBUG] debug-file - Obtain build option for module 'ai_engine' target 'default'in this build.
[2026-09-14T12:47:34.439] [DEBUG] debug-file - Obtain build option for module 'file_persistence' target 'default'in this build.
[2026-09-14T12:47:34.439] [DEBUG] debug-file - Obtain build option for module 'instruments' target 'default'in this build.
[2026-09-14T12:47:34.439] [DEBUG] debug-file - Obtain build option for module 'plugin_system' target 'default'in this build.
[2026-09-14T12:47:34.439] [DEBUG] debug-file - Obtain build option for module 'pcb_editor' target 'default'in this build.
[2026-09-14T12:47:34.439] [DEBUG] debug-file - Obtain build option for module 'agent_bridge' target 'default'in this build.
[2026-09-14T12:47:34.439] [INFO] debug-file - UP-TO-DATE :entry:default@GenerateLoaderJson...  
[2026-09-14T12:47:34.440] [DEBUG] debug-file - Executing task :ai_engine:default@CreateHarBuildProfile
[2026-09-14T12:47:34.440] [DEBUG] debug-file - Task 'ai_engine:default@CreateHarBuildProfile' cost while wrapping incremental declarations: 1 ms 
[2026-09-14T12:47:34.441] [DEBUG] debug-file - ai_engine:default@CreateHarBuildProfile is not up-to-date, since the input file 'C:\Projects\ElecDraw_Harmony\build-profile.json5' has been changed.
[2026-09-14T12:47:34.441] [DEBUG] debug-file - Incremental task ai_engine:default@CreateHarBuildProfile pre-execution cost: 1 ms .
[2026-09-14T12:47:34.441] [DEBUG] debug-file - ai_engine : default@CreateHarBuildProfile cost memory 0.08306884765625
[2026-09-14T12:47:34.441] [DEBUG] debug-file - runTaskFromQueue task cost before running: 1 s 418 ms 
[2026-09-14T12:47:34.442] [INFO] debug-file - Finished :ai_engine:default@CreateHarBuildProfile... after 2 ms 
[2026-09-14T12:47:34.442] [DEBUG] debug-file - Executing task :agent_bridge:default@CreateHarBuildProfile
[2026-09-14T12:47:34.442] [DEBUG] debug-file - Task 'agent_bridge:default@CreateHarBuildProfile' cost while wrapping incremental declarations: 1 ms 
[2026-09-14T12:47:34.446] [DEBUG] debug-file - agent_bridge:default@CreateHarBuildProfile is not up-to-date, since the input file 'C:\Projects\ElecDraw_Harmony\build-profile.json5' has been changed.
[2026-09-14T12:47:34.446] [DEBUG] debug-file - Incremental task agent_bridge:default@CreateHarBuildProfile pre-execution cost: 1 ms .
[2026-09-14T12:47:34.446] [DEBUG] debug-file - agent_bridge : default@CreateHarBuildProfile cost memory -13.391067504882812
[2026-09-14T12:47:34.446] [DEBUG] debug-file - runTaskFromQueue task cost before running: 1 s 423 ms 
[2026-09-14T12:47:34.447] [INFO] debug-file - Finished :agent_bridge:default@CreateHarBuildProfile... after 5 ms 
[2026-09-14T12:47:34.447] [DEBUG] debug-file - Executing task :common:default@BuildNativeWithNinja
[2026-09-14T12:47:34.448] [DEBUG] debug-file - common : default@BuildNativeWithNinja cost memory 0.01911163330078125
[2026-09-14T12:47:34.448] [DEBUG] debug-file - runTaskFromQueue task cost before running: 1 s 424 ms 
[2026-09-14T12:47:34.448] [INFO] debug-file - Finished :common:default@BuildNativeWithNinja... after 1 ms 
[2026-09-14T12:47:34.449] [DEBUG] debug-file - Executing task :schematic_editor:default@ConfigureCmake
[2026-09-14T12:47:34.449] [DEBUG] debug-file - schematic_editor : default@ConfigureCmake cost memory 0.013458251953125
[2026-09-14T12:47:34.449] [DEBUG] debug-file - runTaskFromQueue task cost before running: 1 s 425 ms 
[2026-09-14T12:47:34.449] [INFO] debug-file - Finished :schematic_editor:default@ConfigureCmake... after 1 ms 
[2026-09-14T12:47:34.449] [DEBUG] debug-file - Executing task :component_library:default@ConfigureCmake
[2026-09-14T12:47:34.449] [DEBUG] debug-file - component_library : default@ConfigureCmake cost memory 0.013458251953125
[2026-09-14T12:47:34.449] [DEBUG] debug-file - runTaskFromQueue task cost before running: 1 s 426 ms 
[2026-09-14T12:47:34.449] [INFO] debug-file - Finished :component_library:default@ConfigureCmake... after 1 ms 
[2026-09-14T12:47:34.450] [DEBUG] debug-file - Executing task :simulation_kernel:default@ConfigureCmake
[2026-09-14T12:47:34.450] [DEBUG] debug-file - simulation_kernel : default@ConfigureCmake cost memory 0.013458251953125
[2026-09-14T12:47:34.450] [DEBUG] debug-file - runTaskFromQueue task cost before running: 1 s 426 ms 
[2026-09-14T12:47:34.450] [INFO] debug-file - Finished :simulation_kernel:default@ConfigureCmake... after 1 ms 
[2026-09-14T12:47:34.450] [DEBUG] debug-file - Executing task :hex_debugger:default@ConfigureCmake
[2026-09-14T12:47:34.451] [DEBUG] debug-file - hex_debugger : default@ConfigureCmake cost memory 0.0134429931640625
[2026-09-14T12:47:34.451] [DEBUG] debug-file - runTaskFromQueue task cost before running: 1 s 427 ms 
[2026-09-14T12:47:34.451] [INFO] debug-file - Finished :hex_debugger:default@ConfigureCmake... after 1 ms 
[2026-09-14T12:47:34.451] [DEBUG] debug-file - Executing task :ai_api_manager:default@ConfigureCmake
[2026-09-14T12:47:34.451] [DEBUG] debug-file - ai_api_manager : default@ConfigureCmake cost memory 0.013458251953125
[2026-09-14T12:47:34.451] [DEBUG] debug-file - runTaskFromQueue task cost before running: 1 s 427 ms 
[2026-09-14T12:47:34.451] [INFO] debug-file - Finished :ai_api_manager:default@ConfigureCmake... after 1 ms 
[2026-09-14T12:47:34.452] [DEBUG] debug-file - Executing task :file_persistence:default@ConfigureCmake
[2026-09-14T12:47:34.452] [DEBUG] debug-file - file_persistence : default@ConfigureCmake cost memory 0.013458251953125
[2026-09-14T12:47:34.452] [DEBUG] debug-file - runTaskFromQueue task cost before running: 1 s 428 ms 
[2026-09-14T12:47:34.452] [INFO] debug-file - Finished :file_persistence:default@ConfigureCmake... after 1 ms 
[2026-09-14T12:47:34.452] [DEBUG] debug-file - Executing task :instruments:default@ConfigureCmake
[2026-09-14T12:47:34.452] [DEBUG] debug-file - instruments : default@ConfigureCmake cost memory 0.01343536376953125
[2026-09-14T12:47:34.452] [DEBUG] debug-file - runTaskFromQueue task cost before running: 1 s 429 ms 
[2026-09-14T12:47:34.453] [INFO] debug-file - Finished :instruments:default@ConfigureCmake... after 1 ms 
[2026-09-14T12:47:34.453] [DEBUG] debug-file - Executing task :plugin_system:default@ConfigureCmake
[2026-09-14T12:47:34.453] [DEBUG] debug-file - plugin_system : default@ConfigureCmake cost memory 0.01345062255859375
[2026-09-14T12:47:34.453] [DEBUG] debug-file - runTaskFromQueue task cost before running: 1 s 429 ms 
[2026-09-14T12:47:34.453] [INFO] debug-file - Finished :plugin_system:default@ConfigureCmake... after 1 ms 
[2026-09-14T12:47:34.454] [DEBUG] debug-file - Executing task :pcb_editor:default@ConfigureCmake
[2026-09-14T12:47:34.454] [DEBUG] debug-file - pcb_editor : default@ConfigureCmake cost memory 0.01593017578125
[2026-09-14T12:47:34.454] [DEBUG] debug-file - runTaskFromQueue task cost before running: 1 s 430 ms 
[2026-09-14T12:47:34.454] [INFO] debug-file - Finished :pcb_editor:default@ConfigureCmake... after 1 ms 
[2026-09-14T12:47:34.454] [DEBUG] debug-file - Executing task :ai_engine:default@MergeProfile
[2026-09-14T12:47:34.455] [DEBUG] debug-file - Task 'ai_engine:default@MergeProfile' cost while wrapping incremental declarations: 1 ms 
[2026-09-14T12:47:34.456] [DEBUG] debug-file - ai_engine:default@MergeProfile is not up-to-date, since the input file 'C:\Projects\ElecDraw_Harmony\build-profile.json5' has been changed.
[2026-09-14T12:47:34.456] [DEBUG] debug-file - Incremental task ai_engine:default@MergeProfile pre-execution cost: 1 ms .
[2026-09-14T12:47:34.456] [DEBUG] debug-file - Change app api release type with 'Release'
[2026-09-14T12:47:34.456] [DEBUG] debug-file - Change app compile API version with '6.1.1.125'
[2026-09-14T12:47:34.456] [DEBUG] debug-file - Change app target API version with '60101024'
[2026-09-14T12:47:34.456] [DEBUG] debug-file - Change app minimum API version with '60101024'
[2026-09-14T12:47:34.456] [DEBUG] debug-file - Use cli appEnvironment
[2026-09-14T12:47:34.458] [DEBUG] debug-file - ai_engine : default@MergeProfile cost memory 0.2280731201171875
[2026-09-14T12:47:34.458] [DEBUG] debug-file - runTaskFromQueue task cost before running: 1 s 434 ms 
[2026-09-14T12:47:34.458] [INFO] debug-file - Finished :ai_engine:default@MergeProfile... after 4 ms 
[2026-09-14T12:47:34.459] [DEBUG] debug-file - Executing task :agent_bridge:default@MergeProfile
[2026-09-14T12:47:34.459] [DEBUG] debug-file - Task 'agent_bridge:default@MergeProfile' cost while wrapping incremental declarations: 1 ms 
[2026-09-14T12:47:34.460] [DEBUG] debug-file - agent_bridge:default@MergeProfile is not up-to-date, since the input file 'C:\Projects\ElecDraw_Harmony\build-profile.json5' has been changed.
[2026-09-14T12:47:34.460] [DEBUG] debug-file - Incremental task agent_bridge:default@MergeProfile pre-execution cost: 1 ms .
[2026-09-14T12:47:34.460] [DEBUG] debug-file - Change app api release type with 'Release'
[2026-09-14T12:47:34.460] [DEBUG] debug-file - Change app compile API version with '6.1.1.125'
[2026-09-14T12:47:34.461] [DEBUG] debug-file - Change app target API version with '60101024'
[2026-09-14T12:47:34.461] [DEBUG] debug-file - Change app minimum API version with '60101024'
[2026-09-14T12:47:34.461] [DEBUG] debug-file - Use cli appEnvironment
[2026-09-14T12:47:34.462] [DEBUG] debug-file - agent_bridge : default@MergeProfile cost memory 0.2350616455078125
[2026-09-14T12:47:34.462] [DEBUG] debug-file - runTaskFromQueue task cost before running: 1 s 438 ms 
[2026-09-14T12:47:34.463] [INFO] debug-file - Finished :agent_bridge:default@MergeProfile... after 4 ms 
[2026-09-14T12:47:34.464] [DEBUG] debug-file - Executing task :entry:default@CreateBuildProfile
[2026-09-14T12:47:34.464] [DEBUG] debug-file - Task 'entry:default@CreateBuildProfile' cost while wrapping incremental declarations: 1 ms 
[2026-09-14T12:47:34.465] [DEBUG] debug-file - entry:default@CreateBuildProfile is not up-to-date, since the input file 'C:\Projects\ElecDraw_Harmony\build-profile.json5' has been changed.
[2026-09-14T12:47:34.465] [DEBUG] debug-file - Incremental task entry:default@CreateBuildProfile pre-execution cost: 1 ms .
[2026-09-14T12:47:34.465] [DEBUG] debug-file - entry : default@CreateBuildProfile cost memory 0.09813690185546875
[2026-09-14T12:47:34.466] [DEBUG] debug-file - runTaskFromQueue task cost before running: 1 s 442 ms 
[2026-09-14T12:47:34.466] [INFO] debug-file - Finished :entry:default@CreateBuildProfile... after 2 ms 
[2026-09-14T12:47:34.467] [DEBUG] debug-file - Executing task :common:default@ProcessLibs
[2026-09-14T12:47:34.468] [DEBUG] debug-file - common:default@ProcessLibs is not up-to-date, since the input file 'C:\Projects\ElecDraw_Harmony\build-profile.json5' has been changed.
[2026-09-14T12:47:34.468] [DEBUG] debug-file - Incremental task common:default@ProcessLibs pre-execution cost: 1 ms .
[2026-09-14T12:47:34.470] [DEBUG] debug-file - Worker dispatch failed, running processLibs on main thread.
[2026-09-14T12:47:34.472] [DEBUG] debug-file - common : default@ProcessLibs cost memory 0.2801971435546875
[2026-09-14T12:47:34.472] [DEBUG] debug-file - runTaskFromQueue task cost before running: 1 s 448 ms 
[2026-09-14T12:47:34.473] [INFO] debug-file - Finished :common:default@ProcessLibs... after 6 ms 
[2026-09-14T12:47:34.473] [DEBUG] debug-file - Executing task :schematic_editor:default@BuildNativeWithCmake
[2026-09-14T12:47:34.473] [DEBUG] debug-file - schematic_editor : default@BuildNativeWithCmake cost memory 0.01348876953125
[2026-09-14T12:47:34.473] [DEBUG] debug-file - runTaskFromQueue task cost before running: 1 s 449 ms 
[2026-09-14T12:47:34.473] [INFO] debug-file - Finished :schematic_editor:default@BuildNativeWithCmake... after 1 ms 
[2026-09-14T12:47:34.474] [DEBUG] debug-file - Executing task :component_library:default@BuildNativeWithCmake
[2026-09-14T12:47:34.474] [DEBUG] debug-file - component_library : default@BuildNativeWithCmake cost memory 0.01348876953125
[2026-09-14T12:47:34.474] [DEBUG] debug-file - runTaskFromQueue task cost before running: 1 s 450 ms 
[2026-09-14T12:47:34.474] [INFO] debug-file - Finished :component_library:default@BuildNativeWithCmake... after 1 ms 
[2026-09-14T12:47:34.474] [DEBUG] debug-file - Executing task :simulation_kernel:default@BuildNativeWithCmake
[2026-09-14T12:47:34.475] [DEBUG] debug-file - simulation_kernel : default@BuildNativeWithCmake cost memory 0.01348876953125
[2026-09-14T12:47:34.475] [DEBUG] debug-file - runTaskFromQueue task cost before running: 1 s 451 ms 
[2026-09-14T12:47:34.475] [INFO] debug-file - Finished :simulation_kernel:default@BuildNativeWithCmake... after 1 ms 
[2026-09-14T12:47:34.475] [DEBUG] debug-file - Executing task :hex_debugger:default@BuildNativeWithCmake
[2026-09-14T12:47:34.475] [DEBUG] debug-file - hex_debugger : default@BuildNativeWithCmake cost memory 0.01346588134765625
[2026-09-14T12:47:34.475] [DEBUG] debug-file - runTaskFromQueue task cost before running: 1 s 451 ms 
[2026-09-14T12:47:34.475] [INFO] debug-file - Finished :hex_debugger:default@BuildNativeWithCmake... after 1 ms 
[2026-09-14T12:47:34.476] [DEBUG] debug-file - Executing task :ai_api_manager:default@BuildNativeWithCmake
[2026-09-14T12:47:34.476] [DEBUG] debug-file - ai_api_manager : default@BuildNativeWithCmake cost memory 0.0134735107421875
[2026-09-14T12:47:34.476] [DEBUG] debug-file - runTaskFromQueue task cost before running: 1 s 452 ms 
[2026-09-14T12:47:34.476] [INFO] debug-file - Finished :ai_api_manager:default@BuildNativeWithCmake... after 1 ms 
[2026-09-14T12:47:34.476] [DEBUG] debug-file - Executing task :file_persistence:default@BuildNativeWithCmake
[2026-09-14T12:47:34.476] [DEBUG] debug-file - file_persistence : default@BuildNativeWithCmake cost memory 0.01348876953125
[2026-09-14T12:47:34.477] [DEBUG] debug-file - runTaskFromQueue task cost before running: 1 s 453 ms 
[2026-09-14T12:47:34.477] [INFO] debug-file - Finished :file_persistence:default@BuildNativeWithCmake... after 1 ms 
[2026-09-14T12:47:34.477] [DEBUG] debug-file - Executing task :instruments:default@BuildNativeWithCmake
[2026-09-14T12:47:34.477] [DEBUG] debug-file - instruments : default@BuildNativeWithCmake cost memory 0.013458251953125
[2026-09-14T12:47:34.477] [DEBUG] debug-file - runTaskFromQueue task cost before running: 1 s 453 ms 
[2026-09-14T12:47:34.477] [INFO] debug-file - Finished :instruments:default@BuildNativeWithCmake... after 1 ms 
[2026-09-14T12:47:34.478] [DEBUG] debug-file - Executing task :plugin_system:default@BuildNativeWithCmake
[2026-09-14T12:47:34.478] [DEBUG] debug-file - plugin_system : default@BuildNativeWithCmake cost memory 0.013641357421875
[2026-09-14T12:47:34.478] [DEBUG] debug-file - runTaskFromQueue task cost before running: 1 s 454 ms 
[2026-09-14T12:47:34.478] [INFO] debug-file - Finished :plugin_system:default@BuildNativeWithCmake... after 1 ms 
[2026-09-14T12:47:34.478] [DEBUG] debug-file - Executing task :pcb_editor:default@BuildNativeWithCmake
[2026-09-14T12:47:34.478] [DEBUG] debug-file - pcb_editor : default@BuildNativeWithCmake cost memory 0.01596832275390625
[2026-09-14T12:47:34.479] [DEBUG] debug-file - runTaskFromQueue task cost before running: 1 s 455 ms 
[2026-09-14T12:47:34.479] [INFO] debug-file - Finished :pcb_editor:default@BuildNativeWithCmake... after 1 ms 
[2026-09-14T12:47:34.479] [DEBUG] debug-file - Executing task :entry:default@MergeProfile
[2026-09-14T12:47:34.480] [DEBUG] debug-file - Task 'entry:default@MergeProfile' cost while wrapping incremental declarations: 1 ms 
[2026-09-14T12:47:34.483] [DEBUG] debug-file - entry:default@MergeProfile is not up-to-date, since the input file 'C:\Projects\ElecDraw_Harmony\build-profile.json5' has been changed.
[2026-09-14T12:47:34.483] [DEBUG] debug-file - Incremental task entry:default@MergeProfile pre-execution cost: 2 ms .
[2026-09-14T12:47:34.483] [DEBUG] debug-file - Change app api release type with 'Release'
[2026-09-14T12:47:34.483] [DEBUG] debug-file - Change app compile API version with '6.1.1.125'
[2026-09-14T12:47:34.483] [DEBUG] debug-file - Change app target API version with '60101024'
[2026-09-14T12:47:34.483] [DEBUG] debug-file - Change app minimum API version with '60101024'
[2026-09-14T12:47:34.483] [DEBUG] debug-file - Use cli appEnvironment
[2026-09-14T12:47:34.489] [DEBUG] debug-file - entry : default@MergeProfile cost memory 0.7842864990234375
[2026-09-14T12:47:34.490] [DEBUG] debug-file - runTaskFromQueue task cost before running: 1 s 466 ms 
[2026-09-14T12:47:34.491] [INFO] debug-file - Finished :entry:default@MergeProfile... after 11 ms 
[2026-09-14T12:47:34.492] [DEBUG] debug-file - Executing task :common:default@DoNativeStrip
[2026-09-14T12:47:34.492] [DEBUG] debug-file - File: 'C:\Projects\ElecDraw_Harmony\common\build\default\intermediates\binxo\default' from 'doBinxoNativeLibs' is not exists, just ignore.
[2026-09-14T12:47:34.492] [DEBUG] debug-file - Task 'common:default@DoNativeStrip' cost while wrapping incremental declarations: 1 ms 
[2026-09-14T12:47:34.493] [DEBUG] debug-file - Incremental task common:default@DoNativeStrip pre-execution cost: 1 ms .
[2026-09-14T12:47:34.493] [DEBUG] debug-file - common : default@DoNativeStrip cost memory 0.0848846435546875
[2026-09-14T12:47:34.493] [INFO] debug-file - UP-TO-DATE :common:default@DoNativeStrip...  
[2026-09-14T12:47:34.494] [DEBUG] debug-file - Executing task :ai_engine:default@ConfigureCmake
[2026-09-14T12:47:34.494] [DEBUG] debug-file - ai_engine : default@ConfigureCmake cost memory 0.0159149169921875
[2026-09-14T12:47:34.494] [DEBUG] debug-file - runTaskFromQueue task cost before running: 1 s 470 ms 
[2026-09-14T12:47:34.494] [INFO] debug-file - Finished :ai_engine:default@ConfigureCmake... after 1 ms 
[2026-09-14T12:47:34.495] [DEBUG] debug-file - Executing task :agent_bridge:default@ConfigureCmake
[2026-09-14T12:47:34.495] [DEBUG] debug-file - agent_bridge : default@ConfigureCmake cost memory 0.01354217529296875
[2026-09-14T12:47:34.495] [DEBUG] debug-file - runTaskFromQueue task cost before running: 1 s 471 ms 
[2026-09-14T12:47:34.495] [INFO] debug-file - Finished :agent_bridge:default@ConfigureCmake... after 1 ms 
[2026-09-14T12:47:34.496] [DEBUG] debug-file - Executing task :entry:default@MakePackInfo
[2026-09-14T12:47:34.497] [DEBUG] debug-file - entry:default@MakePackInfo is not up-to-date, since the input file 'C:\Projects\ElecDraw_Harmony\build-profile.json5' has been changed.
[2026-09-14T12:47:34.497] [DEBUG] debug-file - Incremental task entry:default@MakePackInfo pre-execution cost: 1 ms .
[2026-09-14T12:47:34.498] [DEBUG] debug-file - Module Pack Info:  {
  summary: {
    app: { bundleName: 'c***m', bundleType: 'app', version: [Object] },
    modules: [ [Object] ]
  },
  packages: [
    {
      deviceType: [Array],
      moduleType: 'entry',
      deliveryWithInstall: true,
      name: 'entry-default'
    }
  ]
}
[2026-09-14T12:47:34.499] [DEBUG] debug-file - entry : default@MakePackInfo cost memory 0.1549072265625
[2026-09-14T12:47:34.499] [DEBUG] debug-file - runTaskFromQueue task cost before running: 1 s 475 ms 
[2026-09-14T12:47:34.499] [INFO] debug-file - Finished :entry:default@MakePackInfo... after 3 ms 
[2026-09-14T12:47:34.501] [DEBUG] debug-file - Executing task :entry:default@ProcessProfile
[2026-09-14T12:47:34.502] [DEBUG] debug-file - Task 'entry:default@ProcessProfile' cost while wrapping incremental declarations: 1 ms 
[2026-09-14T12:47:34.503] [DEBUG] debug-file - entry:default@ProcessProfile is not up-to-date, since the input file 'C:\Projects\ElecDraw_Harmony\entry\build\default\intermediates\merge_profile\default\module.json' has been changed.
[2026-09-14T12:47:34.503] [DEBUG] debug-file - Incremental task entry:default@ProcessProfile pre-execution cost: 1 ms .
[2026-09-14T12:47:34.505] [DEBUG] debug-file - [
  'C:\\Program Files\\Huawei\\DevEco Studio\\tools\\node\\node.exe',
  'C:\\Program Files\\Huawei\\DevEco Studio\\sdk\\default\\openharmony\\ets\\build-tools\\ets-loader\\bin\\ark\\ts2abc.js',
  '--target-api-version',
  '24'
]
[2026-09-14T12:47:34.793] [DEBUG] debug-file - 24.0.0.0
[2026-09-14T12:47:34.794] [DEBUG] debug-file - No need to add fake ui ability because of not in preview process.
[2026-09-14T12:47:34.795] [DEBUG] debug-file - entry : default@ProcessProfile cost memory 0.4345703125
[2026-09-14T12:47:34.795] [DEBUG] debug-file - runTaskFromQueue task cost before running: 1 s 771 ms 
[2026-09-14T12:47:34.795] [INFO] debug-file - Finished :entry:default@ProcessProfile... after 294 ms 
[2026-09-14T12:47:34.796] [DEBUG] debug-file - Executing task :schematic_editor:default@BuildNativeWithNinja
[2026-09-14T12:47:34.796] [DEBUG] debug-file - schematic_editor : default@BuildNativeWithNinja cost memory 0.02017974853515625
[2026-09-14T12:47:34.796] [DEBUG] debug-file - runTaskFromQueue task cost before running: 1 s 772 ms 
[2026-09-14T12:47:34.796] [INFO] debug-file - Finished :schematic_editor:default@BuildNativeWithNinja... after 1 ms 
[2026-09-14T12:47:34.797] [DEBUG] debug-file - Executing task :component_library:default@BuildNativeWithNinja
[2026-09-14T12:47:34.797] [DEBUG] debug-file - component_library : default@BuildNativeWithNinja cost memory 0.0229644775390625
[2026-09-14T12:47:34.797] [DEBUG] debug-file - runTaskFromQueue task cost before running: 1 s 773 ms 
[2026-09-14T12:47:34.797] [INFO] debug-file - Finished :component_library:default@BuildNativeWithNinja... after 1 ms 
[2026-09-14T12:47:34.798] [DEBUG] debug-file - Executing task :simulation_kernel:default@BuildNativeWithNinja
[2026-09-14T12:47:34.798] [DEBUG] debug-file - simulation_kernel : default@BuildNativeWithNinja cost memory 0.02022552490234375
[2026-09-14T12:47:34.798] [DEBUG] debug-file - runTaskFromQueue task cost before running: 1 s 774 ms 
[2026-09-14T12:47:34.798] [INFO] debug-file - Finished :simulation_kernel:default@BuildNativeWithNinja... after 1 ms 
[2026-09-14T12:47:34.799] [DEBUG] debug-file - Executing task :hex_debugger:default@BuildNativeWithNinja
[2026-09-14T12:47:34.799] [DEBUG] debug-file - hex_debugger : default@BuildNativeWithNinja cost memory 0.02010345458984375
[2026-09-14T12:47:34.800] [DEBUG] debug-file - runTaskFromQueue task cost before running: 1 s 776 ms 
[2026-09-14T12:47:34.800] [INFO] debug-file - Finished :hex_debugger:default@BuildNativeWithNinja... after 1 ms 
[2026-09-14T12:47:34.800] [DEBUG] debug-file - Executing task :ai_api_manager:default@BuildNativeWithNinja
[2026-09-14T12:47:34.801] [DEBUG] debug-file - ai_api_manager : default@BuildNativeWithNinja cost memory 0.0201263427734375
[2026-09-14T12:47:34.801] [DEBUG] debug-file - runTaskFromQueue task cost before running: 1 s 777 ms 
[2026-09-14T12:47:34.801] [INFO] debug-file - Finished :ai_api_manager:default@BuildNativeWithNinja... after 1 ms 
[2026-09-14T12:47:34.802] [DEBUG] debug-file - Executing task :file_persistence:default@BuildNativeWithNinja
[2026-09-14T12:47:34.802] [DEBUG] debug-file - file_persistence : default@BuildNativeWithNinja cost memory 0.02017974853515625
[2026-09-14T12:47:34.802] [DEBUG] debug-file - runTaskFromQueue task cost before running: 1 s 778 ms 
[2026-09-14T12:47:34.802] [INFO] debug-file - Finished :file_persistence:default@BuildNativeWithNinja... after 1 ms 
[2026-09-14T12:47:34.803] [DEBUG] debug-file - Executing task :instruments:default@BuildNativeWithNinja
[2026-09-14T12:47:34.803] [DEBUG] debug-file - instruments : default@BuildNativeWithNinja cost memory 0.02013397216796875
[2026-09-14T12:47:34.803] [DEBUG] debug-file - runTaskFromQueue task cost before running: 1 s 779 ms 
[2026-09-14T12:47:34.804] [INFO] debug-file - Finished :instruments:default@BuildNativeWithNinja... after 1 ms 
[2026-09-14T12:47:34.804] [DEBUG] debug-file - Executing task :plugin_system:default@BuildNativeWithNinja
[2026-09-14T12:47:34.805] [DEBUG] debug-file - plugin_system : default@BuildNativeWithNinja cost memory 0.02031707763671875
[2026-09-14T12:47:34.805] [DEBUG] debug-file - runTaskFromQueue task cost before running: 1 s 781 ms 
[2026-09-14T12:47:34.805] [INFO] debug-file - Finished :plugin_system:default@BuildNativeWithNinja... after 1 ms 
[2026-09-14T12:47:34.806] [DEBUG] debug-file - Executing task :pcb_editor:default@BuildNativeWithNinja
[2026-09-14T12:47:34.806] [DEBUG] debug-file - pcb_editor : default@BuildNativeWithNinja cost memory 0.02260589599609375
[2026-09-14T12:47:34.806] [DEBUG] debug-file - runTaskFromQueue task cost before running: 1 s 782 ms 
[2026-09-14T12:47:34.807] [INFO] debug-file - Finished :pcb_editor:default@BuildNativeWithNinja... after 1 ms 
[2026-09-14T12:47:34.807] [DEBUG] debug-file - Executing task :ai_engine:default@BuildNativeWithCmake
[2026-09-14T12:47:34.808] [DEBUG] debug-file - ai_engine : default@BuildNativeWithCmake cost memory 0.015960693359375
[2026-09-14T12:47:34.808] [DEBUG] debug-file - runTaskFromQueue task cost before running: 1 s 784 ms 
[2026-09-14T12:47:34.808] [INFO] debug-file - Finished :ai_engine:default@BuildNativeWithCmake... after 1 ms 
[2026-09-14T12:47:34.808] [DEBUG] debug-file - Executing task :agent_bridge:default@BuildNativeWithCmake
[2026-09-14T12:47:34.808] [DEBUG] debug-file - agent_bridge : default@BuildNativeWithCmake cost memory 0.01346588134765625
[2026-09-14T12:47:34.808] [DEBUG] debug-file - runTaskFromQueue task cost before running: 1 s 785 ms 
[2026-09-14T12:47:34.809] [INFO] debug-file - Finished :agent_bridge:default@BuildNativeWithCmake... after 1 ms 
[2026-09-14T12:47:34.810] [DEBUG] debug-file - restool module names: entry,common,schematic_editor,component_library,simulation_kernel,hex_debugger,ai_engine,ai_api_manager,file_persistence,instruments,plugin_system,pcb_editor,agent_bridge; moduleName=entry, taskName=default@ProcessResource
[2026-09-14T12:47:34.815] [DEBUG] debug-file - Executing task :entry:default@ProcessResource
[2026-09-14T12:47:34.815] [DEBUG] debug-file - Task 'entry:default@ProcessResource' cost while wrapping incremental declarations: 1 ms 
[2026-09-14T12:47:34.817] [DEBUG] debug-file - Incremental task entry:default@ProcessResource pre-execution cost: 1 ms .
[2026-09-14T12:47:34.817] [DEBUG] debug-file - entry : default@ProcessResource cost memory 0.18166351318359375
[2026-09-14T12:47:34.818] [INFO] debug-file - UP-TO-DATE :entry:default@ProcessResource...  
[2026-09-14T12:47:34.819] [DEBUG] debug-file - Executing task :schematic_editor:default@ProcessLibs
[2026-09-14T12:47:34.820] [DEBUG] debug-file - schematic_editor:default@ProcessLibs is not up-to-date, since the input file 'C:\Projects\ElecDraw_Harmony\build-profile.json5' has been changed.
[2026-09-14T12:47:34.820] [DEBUG] debug-file - Incremental task schematic_editor:default@ProcessLibs pre-execution cost: 1 ms .
[2026-09-14T12:47:34.821] [DEBUG] debug-file - Worker dispatch failed, running processLibs on main thread.
[2026-09-14T12:47:34.822] [DEBUG] debug-file - schematic_editor : default@ProcessLibs cost memory 0.29138946533203125
[2026-09-14T12:47:34.822] [DEBUG] debug-file - runTaskFromQueue task cost before running: 1 s 799 ms 
[2026-09-14T12:47:34.823] [INFO] debug-file - Finished :schematic_editor:default@ProcessLibs... after 4 ms 
[2026-09-14T12:47:34.824] [DEBUG] debug-file - Executing task :component_library:default@ProcessLibs
[2026-09-14T12:47:34.825] [DEBUG] debug-file - component_library:default@ProcessLibs is not up-to-date, since the input file 'C:\Projects\ElecDraw_Harmony\build-profile.json5' has been changed.
[2026-09-14T12:47:34.825] [DEBUG] debug-file - Incremental task component_library:default@ProcessLibs pre-execution cost: 1 ms .
[2026-09-14T12:47:34.826] [DEBUG] debug-file - Worker dispatch failed, running processLibs on main thread.
[2026-09-14T12:47:34.828] [DEBUG] debug-file - component_library : default@ProcessLibs cost memory 0.2939605712890625
[2026-09-14T12:47:34.828] [DEBUG] debug-file - runTaskFromQueue task cost before running: 1 s 804 ms 
[2026-09-14T12:47:34.828] [INFO] debug-file - Finished :component_library:default@ProcessLibs... after 5 ms 
[2026-09-14T12:47:34.829] [DEBUG] debug-file - Executing task :simulation_kernel:default@ProcessLibs
[2026-09-14T12:47:34.830] [DEBUG] debug-file - simulation_kernel:default@ProcessLibs is not up-to-date, since the input file 'C:\Projects\ElecDraw_Harmony\build-profile.json5' has been changed.
[2026-09-14T12:47:34.830] [DEBUG] debug-file - Incremental task simulation_kernel:default@ProcessLibs pre-execution cost: 1 ms .
[2026-09-14T12:47:34.832] [DEBUG] debug-file - Worker dispatch failed, running processLibs on main thread.
[2026-09-14T12:47:34.833] [DEBUG] debug-file - simulation_kernel : default@ProcessLibs cost memory 0.292022705078125
[2026-09-14T12:47:34.833] [DEBUG] debug-file - runTaskFromQueue task cost before running: 1 s 809 ms 
[2026-09-14T12:47:34.834] [INFO] debug-file - Finished :simulation_kernel:default@ProcessLibs... after 4 ms 
[2026-09-14T12:47:34.834] [DEBUG] debug-file - Executing task :hex_debugger:default@ProcessLibs
[2026-09-14T12:47:34.835] [DEBUG] debug-file - hex_debugger:default@ProcessLibs is not up-to-date, since the input file 'C:\Projects\ElecDraw_Harmony\build-profile.json5' has been changed.
[2026-09-14T12:47:34.836] [DEBUG] debug-file - Incremental task hex_debugger:default@ProcessLibs pre-execution cost: 1 ms .
[2026-09-14T12:47:34.837] [DEBUG] debug-file - Worker dispatch failed, running processLibs on main thread.
[2026-09-14T12:47:34.838] [DEBUG] debug-file - hex_debugger : default@ProcessLibs cost memory 0.29389190673828125
[2026-09-14T12:47:34.838] [DEBUG] debug-file - runTaskFromQueue task cost before running: 1 s 814 ms 
[2026-09-14T12:47:34.839] [INFO] debug-file - Finished :hex_debugger:default@ProcessLibs... after 4 ms 
[2026-09-14T12:47:34.839] [DEBUG] debug-file - Executing task :ai_api_manager:default@ProcessLibs
[2026-09-14T12:47:34.841] [DEBUG] debug-file - ai_api_manager:default@ProcessLibs is not up-to-date, since the input file 'C:\Projects\ElecDraw_Harmony\build-profile.json5' has been changed.
[2026-09-14T12:47:34.841] [DEBUG] debug-file - Incremental task ai_api_manager:default@ProcessLibs pre-execution cost: 1 ms .
[2026-09-14T12:47:34.843] [DEBUG] debug-file - Worker dispatch failed, running processLibs on main thread.
[2026-09-14T12:47:34.844] [DEBUG] debug-file - ai_api_manager : default@ProcessLibs cost memory 0.2950439453125
[2026-09-14T12:47:34.844] [DEBUG] debug-file - runTaskFromQueue task cost before running: 1 s 820 ms 
[2026-09-14T12:47:34.845] [INFO] debug-file - Finished :ai_api_manager:default@ProcessLibs... after 5 ms 
[2026-09-14T12:47:34.846] [DEBUG] debug-file - Executing task :file_persistence:default@ProcessLibs
[2026-09-14T12:47:34.847] [DEBUG] debug-file - file_persistence:default@ProcessLibs is not up-to-date, since the input file 'C:\Projects\ElecDraw_Harmony\build-profile.json5' has been changed.
[2026-09-14T12:47:34.847] [DEBUG] debug-file - Incremental task file_persistence:default@ProcessLibs pre-execution cost: 1 ms .
[2026-09-14T12:47:34.849] [DEBUG] debug-file - Worker dispatch failed, running processLibs on main thread.
[2026-09-14T12:47:34.850] [DEBUG] debug-file - file_persistence : default@ProcessLibs cost memory 0.2968292236328125
[2026-09-14T12:47:34.850] [DEBUG] debug-file - runTaskFromQueue task cost before running: 1 s 826 ms 
[2026-09-14T12:47:34.851] [INFO] debug-file - Finished :file_persistence:default@ProcessLibs... after 5 ms 
[2026-09-14T12:47:34.851] [DEBUG] debug-file - Executing task :instruments:default@ProcessLibs
[2026-09-14T12:47:34.853] [DEBUG] debug-file - instruments:default@ProcessLibs is not up-to-date, since the input file 'C:\Projects\ElecDraw_Harmony\build-profile.json5' has been changed.
[2026-09-14T12:47:34.853] [DEBUG] debug-file - Incremental task instruments:default@ProcessLibs pre-execution cost: 1 ms .
[2026-09-14T12:47:34.855] [DEBUG] debug-file - Worker dispatch failed, running processLibs on main thread.
[2026-09-14T12:47:34.856] [DEBUG] debug-file - instruments : default@ProcessLibs cost memory 0.290130615234375
[2026-09-14T12:47:34.856] [DEBUG] debug-file - runTaskFromQueue task cost before running: 1 s 832 ms 
[2026-09-14T12:47:34.856] [INFO] debug-file - Finished :instruments:default@ProcessLibs... after 5 ms 
[2026-09-14T12:47:34.857] [DEBUG] debug-file - Executing task :plugin_system:default@ProcessLibs
[2026-09-14T12:47:34.858] [DEBUG] debug-file - plugin_system:default@ProcessLibs is not up-to-date, since the input file 'C:\Projects\ElecDraw_Harmony\build-profile.json5' has been changed.
[2026-09-14T12:47:34.858] [DEBUG] debug-file - Incremental task plugin_system:default@ProcessLibs pre-execution cost: 1 ms .
[2026-09-14T12:47:34.860] [DEBUG] debug-file - Worker dispatch failed, running processLibs on main thread.
[2026-09-14T12:47:34.860] [DEBUG] debug-file - plugin_system : default@ProcessLibs cost memory 0.2957763671875
[2026-09-14T12:47:34.861] [DEBUG] debug-file - runTaskFromQueue task cost before running: 1 s 837 ms 
[2026-09-14T12:47:34.861] [INFO] debug-file - Finished :plugin_system:default@ProcessLibs... after 4 ms 
[2026-09-14T12:47:34.862] [DEBUG] debug-file - Executing task :pcb_editor:default@ProcessLibs
[2026-09-14T12:47:34.862] [DEBUG] debug-file - pcb_editor:default@ProcessLibs is not up-to-date, since the input file 'C:\Projects\ElecDraw_Harmony\build-profile.json5' has been changed.
[2026-09-14T12:47:34.862] [DEBUG] debug-file - Incremental task pcb_editor:default@ProcessLibs pre-execution cost: 1 ms .
[2026-09-14T12:47:34.864] [DEBUG] debug-file - Worker dispatch failed, running processLibs on main thread.
[2026-09-14T12:47:34.865] [DEBUG] debug-file - pcb_editor : default@ProcessLibs cost memory 0.3032073974609375
[2026-09-14T12:47:34.865] [DEBUG] debug-file - runTaskFromQueue task cost before running: 1 s 841 ms 
[2026-09-14T12:47:34.865] [INFO] debug-file - Finished :pcb_editor:default@ProcessLibs... after 4 ms 
[2026-09-14T12:47:34.866] [DEBUG] debug-file - Executing task :entry:default@ConfigureCmake
[2026-09-14T12:47:34.866] [DEBUG] debug-file - entry : default@ConfigureCmake cost memory 0.01342010498046875
[2026-09-14T12:47:34.866] [DEBUG] debug-file - runTaskFromQueue task cost before running: 1 s 842 ms 
[2026-09-14T12:47:34.866] [INFO] debug-file - Finished :entry:default@ConfigureCmake... after 1 ms 
[2026-09-14T12:47:34.868] [DEBUG] debug-file - restool module names: entry,common,schematic_editor,component_library,simulation_kernel,hex_debugger,ai_engine,ai_api_manager,file_persistence,instruments,plugin_system,pcb_editor,agent_bridge; moduleName=entry, taskName=default@CompileResource
[2026-09-14T12:47:34.871] [DEBUG] debug-file - Executing task :entry:default@CompileResource
[2026-09-14T12:47:34.911] [DEBUG] debug-file - entry:default@CompileResource is not up-to-date, since the input file 'C:\Projects\ElecDraw_Harmony\entry\build\default\intermediates\process_profile\default\module.json' has been changed.
[2026-09-14T12:47:34.911] [DEBUG] debug-file - Incremental task entry:default@CompileResource pre-execution cost: 40 ms .
[2026-09-14T12:47:34.918] [DEBUG] debug-file - Use tool [C:\Program Files\Huawei\DevEco Studio\sdk\default\openharmony\toolchains\restool.exe]
 [
  'C:\\Program Files\\Huawei\\DevEco Studio\\sdk\\default\\openharmony\\toolchains\\restool.exe',
  '-l',
  'C:\\Projects\\ElecDraw_Harmony\\entry\\build\\default\\intermediates\\res\\default\\resConfig.json'
]
[2026-09-14T12:47:34.922] [DEBUG] debug-file - current process  memoryUsage: {
  rss: 161783808,
  heapTotal: 180121600,
  heapUsed: 141778832,
  external: 3650099,
  arrayBuffers: 527196
} os memoryUsage :14.865428924560547
[2026-09-14T12:47:35.009] [DEBUG] debug-file - Info: Pack: normal pack mode

[2026-09-14T12:47:35.164] [DEBUG] debug-file - Info: hardware concurrency count is : 16
Info: thread count is : 16

[2026-09-14T12:47:35.164] [DEBUG] debug-file - Info: thread pool is started

[2026-09-14T12:47:35.165] [DEBUG] debug-file - Info: GenericCompiler::CompileFiles

[2026-09-14T12:47:35.172] [DEBUG] debug-file - Info: GenericCompiler::CompileFiles

[2026-09-14T12:47:35.176] [DEBUG] debug-file - Info: GenericCompiler::CompileFiles

[2026-09-14T12:47:35.190] [DEBUG] debug-file - 09-14 12:47:35.190  7592 14072 E C01400/ImageTranscoderUtils: DecodeToRGBA IN
09-14 12:47:35.190  7592 14072 E C01400/ImageTranscoderUtils: ImageFilter IN C:\Projects\ElecDraw_Harmony\AppScope\resources\base\media\app_icon.png

[2026-09-14T12:47:35.195] [DEBUG] debug-file - 09-14 12:47:35.195  7592 14072 E C01400/ImageTranscoder: TranscodeSLR ScalePixelsWithSLR failed

[2026-09-14T12:47:35.195] [DEBUG] debug-file - Warning: ScaleImage failed, file path = C:\Projects\ElecDraw_Harmony\AppScope\resources\base\media\app_icon.png

[2026-09-14T12:47:35.197] [DEBUG] debug-file - 09-14 12:47:35.197  7592 14072 E C01400/ImageTranscoderUtils: DecodeToRGBA IN
09-14 12:47:35.197  7592 14072 E C01400/ImageTranscoderUtils: ImageFilter IN C:\Projects\ElecDraw_Harmony\entry\src\main\resources\base\media\background.png

[2026-09-14T12:47:35.198] [DEBUG] debug-file - 09-14 12:47:35.199  7592 14072 E C01400/ImageTranscoder: TranscodeSLR ScalePixelsWithSLR failed

[2026-09-14T12:47:35.199] [DEBUG] debug-file - Warning: ScaleImage failed, file path = C:\Projects\ElecDraw_Harmony\entry\src\main\resources\base\media\background.png

[2026-09-14T12:47:35.200] [DEBUG] debug-file - 09-14 12:47:35.201  7592 14072 E C01400/ImageTranscoderUtils: DecodeToRGBA IN
09-14 12:47:35.201  7592 14072 E C01400/ImageTranscoderUtils: ImageFilter IN C:\Projects\ElecDraw_Harmony\entry\src\main\resources\base\media\foreground.png

[2026-09-14T12:47:35.205] [DEBUG] debug-file - 09-14 12:47:35.206  7592 14072 E C01400/ImageTranscoder: TranscodeSLR ScalePixelsWithSLR failed

[2026-09-14T12:47:35.206] [DEBUG] debug-file - Warning: ScaleImage failed, file path = C:\Projects\ElecDraw_Harmony\entry\src\main\resources\base\media\foreground.png

[2026-09-14T12:47:35.207] [DEBUG] debug-file - Info: can't scale media json file.

[2026-09-14T12:47:35.207] [DEBUG] debug-file - Warning: The width or height of the png file referenced by the icon exceeds the limit (41 pixels)
at C:\Projects\ElecDraw_Harmony\AppScope\resources\base\media\app_icon.png

[2026-09-14T12:47:35.207] [DEBUG] debug-file - Warning: The width or height of the png file referenced by the icon exceeds the limit (41 pixels)
at C:\Projects\ElecDraw_Harmony\entry\src\main\resources\base\media\background.png

[2026-09-14T12:47:35.207] [DEBUG] debug-file - Warning: The width or height of the png file referenced by the icon exceeds the limit (41 pixels)
at C:\Projects\ElecDraw_Harmony\entry\src\main\resources\base\media\foreground.png
Warning: C:\Projects\ElecDraw_Harmony\entry\src\main\resources\base\media\layered_image.json is not png format

[2026-09-14T12:47:35.219] [DEBUG] debug-file - Info: file '.gitkeep' is ignored by default filename pattern '\..+'.

[2026-09-14T12:47:35.234] [DEBUG] debug-file - Info: restool resources compile success.

[2026-09-14T12:47:35.234] [DEBUG] debug-file - Info: thread pool is stopped

[2026-09-14T12:47:35.303] [DEBUG] debug-file - entry : default@CompileResource cost memory -8.343353271484375
[2026-09-14T12:47:35.303] [DEBUG] debug-file - runTaskFromQueue task cost before running: 2 s 279 ms 
[2026-09-14T12:47:35.304] [INFO] debug-file - Finished :entry:default@CompileResource... after 433 ms 
[2026-09-14T12:47:35.304] [DEBUG] debug-file - Executing task :schematic_editor:default@DoNativeStrip
[2026-09-14T12:47:35.305] [DEBUG] debug-file - File: 'C:\Projects\ElecDraw_Harmony\features\schematic_editor\build\default\intermediates\binxo\default' from 'doBinxoNativeLibs' is not exists, just ignore.
[2026-09-14T12:47:35.305] [DEBUG] debug-file - Task 'schematic_editor:default@DoNativeStrip' cost while wrapping incremental declarations: 1 ms 
[2026-09-14T12:47:35.306] [DEBUG] debug-file - Incremental task schematic_editor:default@DoNativeStrip pre-execution cost: 1 ms .
[2026-09-14T12:47:35.306] [DEBUG] debug-file - schematic_editor : default@DoNativeStrip cost memory 0.0873870849609375
[2026-09-14T12:47:35.306] [INFO] debug-file - UP-TO-DATE :schematic_editor:default@DoNativeStrip...  
[2026-09-14T12:47:35.306] [DEBUG] debug-file - Executing task :component_library:default@DoNativeStrip
[2026-09-14T12:47:35.306] [DEBUG] debug-file - File: 'C:\Projects\ElecDraw_Harmony\features\component_library\build\default\intermediates\binxo\default' from 'doBinxoNativeLibs' is not exists, just ignore.
[2026-09-14T12:47:35.306] [DEBUG] debug-file - Task 'component_library:default@DoNativeStrip' cost while wrapping incremental declarations: 1 ms 
[2026-09-14T12:47:35.307] [DEBUG] debug-file - Incremental task component_library:default@DoNativeStrip pre-execution cost: 1 ms .
[2026-09-14T12:47:35.307] [DEBUG] debug-file - component_library : default@DoNativeStrip cost memory 0.092437744140625
[2026-09-14T12:47:35.307] [INFO] debug-file - UP-TO-DATE :component_library:default@DoNativeStrip...  
[2026-09-14T12:47:35.308] [DEBUG] debug-file - Executing task :simulation_kernel:default@DoNativeStrip
[2026-09-14T12:47:35.308] [DEBUG] debug-file - File: 'C:\Projects\ElecDraw_Harmony\features\simulation_kernel\build\default\intermediates\binxo\default' from 'doBinxoNativeLibs' is not exists, just ignore.
[2026-09-14T12:47:35.308] [DEBUG] debug-file - Task 'simulation_kernel:default@DoNativeStrip' cost while wrapping incremental declarations: 1 ms 
[2026-09-14T12:47:35.309] [DEBUG] debug-file - Incremental task simulation_kernel:default@DoNativeStrip pre-execution cost: 1 ms .
[2026-09-14T12:47:35.309] [DEBUG] debug-file - simulation_kernel : default@DoNativeStrip cost memory 0.087677001953125
[2026-09-14T12:47:35.309] [INFO] debug-file - UP-TO-DATE :simulation_kernel:default@DoNativeStrip...  
[2026-09-14T12:47:35.309] [DEBUG] debug-file - Executing task :hex_debugger:default@DoNativeStrip
[2026-09-14T12:47:35.309] [DEBUG] debug-file - File: 'C:\Projects\ElecDraw_Harmony\features\hex_debugger\build\default\intermediates\binxo\default' from 'doBinxoNativeLibs' is not exists, just ignore.
[2026-09-14T12:47:35.310] [DEBUG] debug-file - Task 'hex_debugger:default@DoNativeStrip' cost while wrapping incremental declarations: 1 ms 
[2026-09-14T12:47:35.311] [DEBUG] debug-file - Incremental task hex_debugger:default@DoNativeStrip pre-execution cost: 1 ms .
[2026-09-14T12:47:35.311] [DEBUG] debug-file - hex_debugger : default@DoNativeStrip cost memory 0.08721923828125
[2026-09-14T12:47:35.311] [INFO] debug-file - UP-TO-DATE :hex_debugger:default@DoNativeStrip...  
[2026-09-14T12:47:35.311] [DEBUG] debug-file - Executing task :ai_api_manager:default@DoNativeStrip
[2026-09-14T12:47:35.312] [DEBUG] debug-file - File: 'C:\Projects\ElecDraw_Harmony\features\ai_api_manager\build\default\intermediates\binxo\default' from 'doBinxoNativeLibs' is not exists, just ignore.
[2026-09-14T12:47:35.312] [DEBUG] debug-file - Task 'ai_api_manager:default@DoNativeStrip' cost while wrapping incremental declarations: 1 ms 
[2026-09-14T12:47:35.312] [DEBUG] debug-file - Incremental task ai_api_manager:default@DoNativeStrip pre-execution cost: 1 ms .
[2026-09-14T12:47:35.312] [DEBUG] debug-file - ai_api_manager : default@DoNativeStrip cost memory 0.08754730224609375
[2026-09-14T12:47:35.312] [INFO] debug-file - UP-TO-DATE :ai_api_manager:default@DoNativeStrip...  
[2026-09-14T12:47:35.313] [DEBUG] debug-file - Executing task :file_persistence:default@DoNativeStrip
[2026-09-14T12:47:35.313] [DEBUG] debug-file - File: 'C:\Projects\ElecDraw_Harmony\features\file_persistence\build\default\intermediates\binxo\default' from 'doBinxoNativeLibs' is not exists, just ignore.
[2026-09-14T12:47:35.313] [DEBUG] debug-file - Task 'file_persistence:default@DoNativeStrip' cost while wrapping incremental declarations: 1 ms 
[2026-09-14T12:47:35.314] [DEBUG] debug-file - Incremental task file_persistence:default@DoNativeStrip pre-execution cost: 1 ms .
[2026-09-14T12:47:35.314] [DEBUG] debug-file - file_persistence : default@DoNativeStrip cost memory 0.0876312255859375
[2026-09-14T12:47:35.314] [INFO] debug-file - UP-TO-DATE :file_persistence:default@DoNativeStrip...  
[2026-09-14T12:47:35.314] [DEBUG] debug-file - Executing task :instruments:default@DoNativeStrip
[2026-09-14T12:47:35.315] [DEBUG] debug-file - File: 'C:\Projects\ElecDraw_Harmony\features\instruments\build\default\intermediates\binxo\default' from 'doBinxoNativeLibs' is not exists, just ignore.
[2026-09-14T12:47:35.315] [DEBUG] debug-file - Task 'instruments:default@DoNativeStrip' cost while wrapping incremental declarations: 1 ms 
[2026-09-14T12:47:35.315] [DEBUG] debug-file - Incremental task instruments:default@DoNativeStrip pre-execution cost: 1 ms .
[2026-09-14T12:47:35.315] [DEBUG] debug-file - instruments : default@DoNativeStrip cost memory 0.0872039794921875
[2026-09-14T12:47:35.315] [INFO] debug-file - UP-TO-DATE :instruments:default@DoNativeStrip...  
[2026-09-14T12:47:35.316] [DEBUG] debug-file - Executing task :plugin_system:default@DoNativeStrip
[2026-09-14T12:47:35.316] [DEBUG] debug-file - File: 'C:\Projects\ElecDraw_Harmony\features\plugin_system\build\default\intermediates\binxo\default' from 'doBinxoNativeLibs' is not exists, just ignore.
[2026-09-14T12:47:35.316] [DEBUG] debug-file - Task 'plugin_system:default@DoNativeStrip' cost while wrapping incremental declarations: 1 ms 
[2026-09-14T12:47:35.317] [DEBUG] debug-file - Incremental task plugin_system:default@DoNativeStrip pre-execution cost: 1 ms .
[2026-09-14T12:47:35.317] [DEBUG] debug-file - plugin_system : default@DoNativeStrip cost memory 0.08748626708984375
[2026-09-14T12:47:35.317] [INFO] debug-file - UP-TO-DATE :plugin_system:default@DoNativeStrip...  
[2026-09-14T12:47:35.317] [DEBUG] debug-file - Executing task :pcb_editor:default@DoNativeStrip
[2026-09-14T12:47:35.318] [DEBUG] debug-file - File: 'C:\Projects\ElecDraw_Harmony\features\pcb_editor\build\default\intermediates\binxo\default' from 'doBinxoNativeLibs' is not exists, just ignore.
[2026-09-14T12:47:35.318] [DEBUG] debug-file - Task 'pcb_editor:default@DoNativeStrip' cost while wrapping incremental declarations: 1 ms 
[2026-09-14T12:47:35.318] [DEBUG] debug-file - Incremental task pcb_editor:default@DoNativeStrip pre-execution cost: 1 ms .
[2026-09-14T12:47:35.318] [DEBUG] debug-file - pcb_editor : default@DoNativeStrip cost memory 0.09551239013671875
[2026-09-14T12:47:35.318] [INFO] debug-file - UP-TO-DATE :pcb_editor:default@DoNativeStrip...  
[2026-09-14T12:47:35.319] [DEBUG] debug-file - Executing task :entry:default@BuildNativeWithCmake
[2026-09-14T12:47:35.319] [DEBUG] debug-file - entry : default@BuildNativeWithCmake cost memory 0.01348876953125
[2026-09-14T12:47:35.319] [DEBUG] debug-file - runTaskFromQueue task cost before running: 2 s 295 ms 
[2026-09-14T12:47:35.319] [INFO] debug-file - Finished :entry:default@BuildNativeWithCmake... after 1 ms 
[2026-09-14T12:47:35.320] [DEBUG] debug-file - Executing task :entry:default@CompileArkTS
[2026-09-14T12:47:35.321] [DEBUG] debug-file - obfuscationOptions: undefined
[2026-09-14T12:47:35.327] [DEBUG] debug-file - Task 'entry:default@CompileArkTS' cost while wrapping incremental declarations: 1 ms 
[2026-09-14T12:47:35.336] [DEBUG] debug-file - entry:default@CompileArkTS is not up-to-date, since the input file 'C:\Projects\ElecDraw_Harmony\common\Index.ets' has been changed.
[2026-09-14T12:47:35.336] [DEBUG] debug-file - Incremental task entry:default@CompileArkTS pre-execution cost: 6 ms .
[2026-09-14T12:47:35.354] [DEBUG] debug-file - build config:
[2026-09-14T12:47:35.354] [DEBUG] debug-file - {
  moduleType: 'entry',
  perf: 0,
  targetName: '.default',
  packageManagerType: 'ohpm',
  localPropertiesPath: 'C:\\Projects\\ElecDraw_Harmony\\local.properties',
  isPreview: false,
  isOhosTest: false,
  isLocalTest: false,
  buildMode: 'Debug',
  hotReloadBuild: undefined,
  watchMode: 'false',
  aceProfilePath: 'C:\\Projects\\ElecDraw_Harmony\\entry\\build\\default\\intermediates\\res\\default\\resources\\base\\profile',
  etsLoaderPath: 'C:\\Program Files\\Huawei\\DevEco Studio\\sdk\\default\\openharmony\\ets\\build-tools\\ets-loader',
  modulePath: 'C:\\Projects\\ElecDraw_Harmony\\entry',
  testFrameworkPar: {
    testMode: undefined,
    coveragePathFilter: undefined,
    coverageMode: undefined
  },
  needCoverageInsert: false,
  debugLine: false,
  projectTopDir: 'C:\\Projects\\ElecDraw_Harmony',
  compileSdkVersion: 24,
  compatibleSdkVersion: 24,
  originCompatibleSdkVersion: '6.1.1(24)',
  compatibleSdkVersionStage: undefined,
  bundleName: 'c***m',
  etsLoaderVersion: '6.1.1.125',
  etsLoaderReleaseType: 'Release',
  aotCompileMode: 'type',
  apPath: 'C:\\Projects\\ElecDraw_Harmony\\entry\\modules.ap',
  entryModuleName: 'entry',
  entryModuleVersion: '1.0.0',
  entryPackageName: 'entry',
  allModuleNameHash: '62eaf4cd04e043480f468c549e25c7570ceb87c90f032676d034fce6695434e6',
  externalApiPaths: [
    'C:\\Program Files\\Huawei\\DevEco Studio\\sdk\\default\\hms\\ets'
  ],
  compilerTypes: [],
  isCrossplatform: false,
  hvigorPluginFile: undefined,
  compilePluginPath: undefined,
  buildGeneratedProfilePath: 'C:\\Projects\\ElecDraw_Harmony\\entry\\build\\default\\generated\\profile\\default',
  bundleType: 'app',
  arkTSVersion: undefined,
  apiVersion: 24,
  needCompleteSourcesMap: false,
  isFaMode: false,
  buildDir: 'C:\\Projects\\ElecDraw_Harmony\\entry\\build',
  deviceTypes: [ 'default', 'tablet', '2in1' ],
  pkgContextInfo: undefined,
  ohPackagePathMap: {},
  dependencyAliasMap: {},
  permission: {
    requestPermissions: [ [Object], [Object], [Object], [Object] ],
    definePermissions: undefined
  },
  useGetCurrentBundleName: false,
  projectArkOption: undefined,
  sourceMapDir: undefined,
  branchElimination: false,
  transformLib: undefined,
  tsImportSendable: false,
  resolveConflictMode: true,
  depName2RootPath: {},
  depName2DepInfo: {},
  depName2OhExports: {},
  rootPathSet: [ 'C:\\Projects\\ElecDraw_Harmony' ],
  useNativeResolver: true,
  shouldEmitJs: true,
  useTscResolve: false,
  singleFileEmit: false,
  userProjectConfig: {
    autoLazyImport: false,
    allowEmptyBundleName: false,
    reExportCheckMode: 'noCheck',
    executionMode: 'memory',
    usePathPlaceholder: false,
    writeRollupCache: true,
    isExpandImportEnabled: false,
    expandImportExclude: '',
    lazyImportExclude: '',
    lazyImportInclude: '',
    ignoreCrossplatformCheck: false,
    isHarDeduplicateEnabled: false,
    skipOhModulesLint: false,
    enableStrictCheckOHModule: false,
    disableSendableCheckRules: [],
    useDeclarationFileSignature: false,
    customizedOptions: undefined,
    integratedHsp: false,
    isPreloadSoEnabled: false
  },
  executionMode: 'memory',
  arkCompileCachePath: 'C:\\Projects\\ElecDraw_Harmony\\entry\\build\\default\\cache\\default\\default@CompileArkTS\\esmodule',
  autoLazyFilter: undefined,
  isHarDeduplicateEnabled: false,
  intermediateHarDuplicateDirPath: 'C:\\Projects\\ElecDraw_Harmony\\entry\\build\\default\\intermediates\\har_duplicate\\default',
  autoLazyImport: false,
  allowEmptyBundleName: false,
  reExportCheckMode: 'noCheck',
  usePathPlaceholder: false,
  writeRollupCache: true,
  isExpandImportEnabled: false,
  expandImportExclude: '',
  lazyImportExclude: '',
  lazyImportInclude: '',
  ignoreCrossplatformCheck: false,
  skipOhModulesLint: false,
  enableStrictCheckOHModule: false,
  disableSendableCheckRules: [],
  useDeclarationFileSignature: false,
  customizedOptions: undefined,
  integratedHsp: false,
  isPreloadSoEnabled: false,
  strictMode: undefined,
  useNormalizedOHMUrl: false,
  caseSensitiveCheck: false,
  strictCheckerOnly: false,
  aceModuleJsonPath: 'C:\\Projects\\ElecDraw_Harmony\\entry\\build\\default\\intermediates\\res\\default\\ark_module.json',
  appResource: 'C:\\Projects\\ElecDraw_Harmony\\entry\\build\\default\\intermediates\\res\\default\\ResourceTable.txt',
  rawFileResource: 'C:\\Projects\\ElecDraw_Harmony\\entry\\build\\default\\intermediates\\res\\default\\resources\\rawfile',
  resourceTableHash: 'f4799e43523e66af8974a83c85785eeb189413590a61c6c6f057fced620a1488',
  runtimeOS: 'HarmonyOS',
  sdkInfo: 'false:24:6.1.1.125:Release',
  aceModuleRoot: 'C:\\Projects\\ElecDraw_Harmony\\entry\\src\\main\\ets',
  compileMode: 'esmodule',
  aceSuperVisualPath: 'C:\\Projects\\ElecDraw_Harmony\\entry\\src\\main\\supervisual',
  aceBuildJson: 'C:\\Projects\\ElecDraw_Harmony\\entry\\build\\default\\intermediates\\loader\\default\\loader.json',
  cachePath: 'C:\\Projects\\ElecDraw_Harmony\\entry\\build\\default\\cache\\default\\default@CompileArkTS\\esmodule\\debug',
  aceModuleBuild: 'C:\\Projects\\ElecDraw_Harmony\\entry\\build\\default\\intermediates\\loader_out\\default\\ets',
  supportChunks: true,
  declaredFilesPath: undefined,
  shouldCollectDirectImportees: false,
  isByteCodeHarOptimize: false,
  expandImportPath: undefined,
  resourceTableTs: 'C:\\Projects\\ElecDraw_Harmony\\entry\\build\\default\\generated\\r\\default\\ResourceTable.ts',
  moduleMetaInfoFiles: [
    {
      filePath: 'C:\\Projects\\ElecDraw_Harmony\\entry\\build\\default\\generated\\r\\default\\ResourceTable.ts',
      ohmurl: 'com.elecdraw.aischsim/entry/build/generated/r/ResourceTable'
    }
  ],
  pkgNameToPkgBriefInfo: {
    common: {
      pkgRoot: 'C:\\Projects\\ElecDraw_Harmony\\common',
      pkgName: 'common',
      sourceRoots: [Array],
      originalSourceRoots: undefined
    },
    schematic_editor: {
      pkgRoot: 'C:\\Projects\\ElecDraw_Harmony\\features\\schematic_editor',
      pkgName: 'schematic_editor',
      sourceRoots: [Array],
      originalSourceRoots: undefined
    },
    component_library: {
      pkgRoot: 'C:\\Projects\\ElecDraw_Harmony\\features\\component_library',
      pkgName: 'component_library',
      sourceRoots: [Array],
      originalSourceRoots: undefined
    },
    simulation_kernel: {
      pkgRoot: 'C:\\Projects\\ElecDraw_Harmony\\features\\simulation_kernel',
      pkgName: 'simulation_kernel',
      sourceRoots: [Array],
      originalSourceRoots: undefined
    },
    hex_debugger: {
      pkgRoot: 'C:\\Projects\\ElecDraw_Harmony\\features\\hex_debugger',
      pkgName: 'hex_debugger',
      sourceRoots: [Array],
      originalSourceRoots: undefined
    },
    ai_api_manager: {
      pkgRoot: 'C:\\Projects\\ElecDraw_Harmony\\features\\ai_api_manager',
      pkgName: 'ai_api_manager',
      sourceRoots: [Array],
      originalSourceRoots: undefined
    },
    ai_engine: {
      pkgRoot: 'C:\\Projects\\ElecDraw_Harmony\\features\\ai_engine',
      pkgName: 'ai_engine',
      sourceRoots: [Array],
      originalSourceRoots: undefined
    },
    file_persistence: {
      pkgRoot: 'C:\\Projects\\ElecDraw_Harmony\\features\\file_persistence',
      pkgName: 'file_persistence',
      sourceRoots: [Array],
      originalSourceRoots: undefined
    },
    instruments: {
      pkgRoot: 'C:\\Projects\\ElecDraw_Harmony\\features\\instruments',
      pkgName: 'instruments',
      sourceRoots: [Array],
      originalSourceRoots: undefined
    },
    plugin_system: {
      pkgRoot: 'C:\\Projects\\ElecDraw_Harmony\\features\\plugin_system',
      pkgName: 'plugin_system',
      sourceRoots: [Array],
      originalSourceRoots: undefined
    },
    pcb_editor: {
      pkgRoot: 'C:\\Projects\\ElecDraw_Harmony\\features\\pcb_editor',
      pkgName: 'pcb_editor',
      sourceRoots: [Array],
      originalSourceRoots: undefined
    },
    agent_bridge: {
      pkgRoot: 'C:\\Projects\\ElecDraw_Harmony\\features\\agent_bridge',
      pkgName: 'agent_bridge',
      sourceRoots: [Array],
      originalSourceRoots: undefined
    },
    entry: {
      pkgRoot: 'C:\\Projects\\ElecDraw_Harmony\\entry',
      originalSourceRoots: undefined,
      sourceRoots: [Array],
      pkgName: 'entry'
    }
  },
  projectModel: {
    'C:\\Projects\\ElecDraw_Harmony\\entry\\src\\main': {
      moduleName: 'entry',
      modulePkgPath: 'C:\\Projects\\ElecDraw_Harmony\\entry',
      belongProjectPath: 'C:\\Projects\\ElecDraw_Harmony'
    },
    'C:\\Projects\\ElecDraw_Harmony\\entry': {
      moduleName: 'entry',
      modulePkgPath: 'C:\\Projects\\ElecDraw_Harmony\\entry',
      belongProjectPath: 'C:\\Projects\\ElecDraw_Harmony'
    },
    'C:\\Projects\\ElecDraw_Harmony\\common\\src\\main': {
      moduleName: 'common',
      modulePkgPath: 'C:\\Projects\\ElecDraw_Harmony\\common',
      belongProjectPath: 'C:\\Projects\\ElecDraw_Harmony'
    },
    'C:\\Projects\\ElecDraw_Harmony\\common': {
      moduleName: 'common',
      modulePkgPath: 'C:\\Projects\\ElecDraw_Harmony\\common',
      belongProjectPath: 'C:\\Projects\\ElecDraw_Harmony'
    },
    'C:\\Projects\\ElecDraw_Harmony\\features\\schematic_editor\\src\\main': {
      moduleName: 'schematic_editor',
      modulePkgPath: 'C:\\Projects\\ElecDraw_Harmony\\features\\schematic_editor',
      belongProjectPath: 'C:\\Projects\\ElecDraw_Harmony'
    },
    'C:\\Projects\\ElecDraw_Harmony\\features\\schematic_editor': {
      moduleName: 'schematic_editor',
      modulePkgPath: 'C:\\Projects\\ElecDraw_Harmony\\features\\schematic_editor',
      belongProjectPath: 'C:\\Projects\\ElecDraw_Harmony'
    },
    'C:\\Projects\\ElecDraw_Harmony\\features\\component_library\\src\\main': {
      moduleName: 'component_library',
      modulePkgPath: 'C:\\Projects\\ElecDraw_Harmony\\features\\component_library',
      belongProjectPath: 'C:\\Projects\\ElecDraw_Harmony'
    },
    'C:\\Projects\\ElecDraw_Harmony\\features\\component_library': {
      moduleName: 'component_library',
      modulePkgPath: 'C:\\Projects\\ElecDraw_Harmony\\features\\component_library',
      belongProjectPath: 'C:\\Projects\\ElecDraw_Harmony'
    },
    'C:\\Projects\\ElecDraw_Harmony\\features\\simulation_kernel\\src\\main': {
      moduleName: 'simulation_kernel',
      modulePkgPath: 'C:\\Projects\\ElecDraw_Harmony\\features\\simulation_kernel',
      belongProjectPath: 'C:\\Projects\\ElecDraw_Harmony'
    },
    'C:\\Projects\\ElecDraw_Harmony\\features\\simulation_kernel': {
      moduleName: 'simulation_kernel',
      modulePkgPath: 'C:\\Projects\\ElecDraw_Harmony\\features\\simulation_kernel',
      belongProjectPath: 'C:\\Projects\\ElecDraw_Harmony'
    },
    'C:\\Projects\\ElecDraw_Harmony\\features\\hex_debugger\\src\\main': {
      moduleName: 'hex_debugger',
      modulePkgPath: 'C:\\Projects\\ElecDraw_Harmony\\features\\hex_debugger',
      belongProjectPath: 'C:\\Projects\\ElecDraw_Harmony'
    },
    'C:\\Projects\\ElecDraw_Harmony\\features\\hex_debugger': {
      moduleName: 'hex_debugger',
      modulePkgPath: 'C:\\Projects\\ElecDraw_Harmony\\features\\hex_debugger',
      belongProjectPath: 'C:\\Projects\\ElecDraw_Harmony'
    },
    'C:\\Projects\\ElecDraw_Harmony\\features\\ai_engine\\src\\main': {
      moduleName: 'ai_engine',
      modulePkgPath: 'C:\\Projects\\ElecDraw_Harmony\\features\\ai_engine',
      belongProjectPath: 'C:\\Projects\\ElecDraw_Harmony'
    },
    'C:\\Projects\\ElecDraw_Harmony\\features\\ai_engine': {
      moduleName: 'ai_engine',
      modulePkgPath: 'C:\\Projects\\ElecDraw_Harmony\\features\\ai_engine',
      belongProjectPath: 'C:\\Projects\\ElecDraw_Harmony'
    },
    'C:\\Projects\\ElecDraw_Harmony\\features\\ai_api_manager\\src\\main': {
      moduleName: 'ai_api_manager',
      modulePkgPath: 'C:\\Projects\\ElecDraw_Harmony\\features\\ai_api_manager',
      belongProjectPath: 'C:\\Projects\\ElecDraw_Harmony'
    },
    'C:\\Projects\\ElecDraw_Harmony\\features\\ai_api_manager': {
      moduleName: 'ai_api_manager',
      modulePkgPath: 'C:\\Projects\\ElecDraw_Harmony\\features\\ai_api_manager',
      belongProjectPath: 'C:\\Projects\\ElecDraw_Harmony'
    },
    'C:\\Projects\\ElecDraw_Harmony\\features\\file_persistence\\src\\main': {
      moduleName: 'file_persistence',
      modulePkgPath: 'C:\\Projects\\ElecDraw_Harmony\\features\\file_persistence',
      belongProjectPath: 'C:\\Projects\\ElecDraw_Harmony'
    },
    'C:\\Projects\\ElecDraw_Harmony\\features\\file_persistence': {
      moduleName: 'file_persistence',
      modulePkgPath: 'C:\\Projects\\ElecDraw_Harmony\\features\\file_persistence',
      belongProjectPath: 'C:\\Projects\\ElecDraw_Harmony'
    },
    'C:\\Projects\\ElecDraw_Harmony\\features\\instruments\\src\\main': {
      moduleName: 'instruments',
      modulePkgPath: 'C:\\Projects\\ElecDraw_Harmony\\features\\instruments',
      belongProjectPath: 'C:\\Projects\\ElecDraw_Harmony'
    },
    'C:\\Projects\\ElecDraw_Harmony\\features\\instruments': {
      moduleName: 'instruments',
      modulePkgPath: 'C:\\Projects\\ElecDraw_Harmony\\features\\instruments',
      belongProjectPath: 'C:\\Projects\\ElecDraw_Harmony'
    },
    'C:\\Projects\\ElecDraw_Harmony\\features\\plugin_system\\src\\main': {
      moduleName: 'plugin_system',
      modulePkgPath: 'C:\\Projects\\ElecDraw_Harmony\\features\\plugin_system',
      belongProjectPath: 'C:\\Projects\\ElecDraw_Harmony'
    },
    'C:\\Projects\\ElecDraw_Harmony\\features\\plugin_system': {
      moduleName: 'plugin_system',
      modulePkgPath: 'C:\\Projects\\ElecDraw_Harmony\\features\\plugin_system',
      belongProjectPath: 'C:\\Projects\\ElecDraw_Harmony'
    },
    'C:\\Projects\\ElecDraw_Harmony\\features\\pcb_editor\\src\\main': {
      moduleName: 'pcb_editor',
      modulePkgPath: 'C:\\Projects\\ElecDraw_Harmony\\features\\pcb_editor',
      belongProjectPath: 'C:\\Projects\\ElecDraw_Harmony'
    },
    'C:\\Projects\\ElecDraw_Harmony\\features\\pcb_editor': {
      moduleName: 'pcb_editor',
      modulePkgPath: 'C:\\Projects\\ElecDraw_Harmony\\features\\pcb_editor',
      belongProjectPath: 'C:\\Projects\\ElecDraw_Harmony'
    },
    'C:\\Projects\\ElecDraw_Harmony\\features\\agent_bridge\\src\\main': {
      moduleName: 'agent_bridge',
      modulePkgPath: 'C:\\Projects\\ElecDraw_Harmony\\features\\agent_bridge',
      belongProjectPath: 'C:\\Projects\\ElecDraw_Harmony'
    },
    'C:\\Projects\\ElecDraw_Harmony\\features\\agent_bridge': {
      moduleName: 'agent_bridge',
      modulePkgPath: 'C:\\Projects\\ElecDraw_Harmony\\features\\agent_bridge',
      belongProjectPath: 'C:\\Projects\\ElecDraw_Harmony'
    },
    'C:\\Projects\\ElecDraw_Harmony': {
      moduleName: 'ElecDraw_Harmony',
      modulePkgPath: 'C:\\Projects\\ElecDraw_Harmony',
      belongProjectPath: 'C:\\Projects\\ElecDraw_Harmony'
    }
  },
  pkgJsonFileHash: 'c201b108c10a434e731302e907f88196332a335ef89768b474e80e6e8a999040',
  allModulePaths: [
    'C:\\Projects\\ElecDraw_Harmony\\entry',
    'C:\\Projects\\ElecDraw_Harmony\\common',
    'C:\\Projects\\ElecDraw_Harmony\\features\\schematic_editor',
    'C:\\Projects\\ElecDraw_Harmony\\features\\component_library',
    'C:\\Projects\\ElecDraw_Harmony\\features\\simulation_kernel',
    'C:\\Projects\\ElecDraw_Harmony\\features\\hex_debugger',
    'C:\\Projects\\ElecDraw_Harmony\\features\\ai_engine',
    'C:\\Projects\\ElecDraw_Harmony\\features\\ai_api_manager',
    'C:\\Projects\\ElecDraw_Harmony\\features\\file_persistence',
    'C:\\Projects\\ElecDraw_Harmony\\features\\instruments',
    'C:\\Projects\\ElecDraw_Harmony\\features\\plugin_system',
    'C:\\Projects\\ElecDraw_Harmony\\features\\pcb_editor',
    'C:\\Projects\\ElecDraw_Harmony\\features\\agent_bridge'
  ],
  routerMap: {},
  obfuscationOptions: undefined,
  byteCodeHarToDependencyKeys: undefined,
  compileBlockPkg: [],
  mockParams: {
    decorator: '@MockSetup',
    packageName: '@ohos/hamock',
    etsSourceRootPath: 'src/main/ets',
    mockConfigPath: undefined,
    mockConfigKey2ModuleInfo: {},
    source2ModuleIdMap: {}
  },
  copyCodeResourceEnable: true,
  copyCodeResourceExcludes: [],
  copyCodeResourceIncludes: undefined,
  uiTransformOptimization: false,
  sdkPath: 'C:/Program Files/Huawei/DevEco Studio/sdk',
  needPreloadSoFileSet: {},
  preloadSoFilePath: 'C:\\Projects\\ElecDraw_Harmony\\entry\\build\\default\\intermediates\\preload\\default\\preload.json',
  useSourceHash: false,
  localModuleParamMap: {},
  otherPaths: {
    'common/*': [
      '..\\..\\..\\..\\common\\src\\main\\*',
      '..\\..\\..\\..\\common\\build\\default\\generated\\profile\\default\\*'
    ],
    'schematic_editor/*': [
      '..\\..\\..\\..\\features\\schematic_editor\\src\\main\\*',
      '..\\..\\..\\..\\features\\schematic_editor\\build\\default\\generated\\profile\\default\\*'
    ],
    'component_library/*': [
      '..\\..\\..\\..\\features\\component_library\\src\\main\\*',
      '..\\..\\..\\..\\features\\component_library\\build\\default\\generated\\profile\\default\\*'
    ],
    'simulation_kernel/*': [
      '..\\..\\..\\..\\features\\simulation_kernel\\src\\main\\*',
      '..\\..\\..\\..\\features\\simulation_kernel\\build\\default\\generated\\profile\\default\\*'
    ],
    'hex_debugger/*': [
      '..\\..\\..\\..\\features\\hex_debugger\\src\\main\\*',
      '..\\..\\..\\..\\features\\hex_debugger\\build\\default\\generated\\profile\\default\\*'
    ],
    'ai_api_manager/*': [
      '..\\..\\..\\..\\features\\ai_api_manager\\src\\main\\*',
      '..\\..\\..\\..\\features\\ai_api_manager\\build\\default\\generated\\profile\\default\\*'
    ],
    'ai_engine/*': [
      '..\\..\\..\\..\\features\\ai_engine\\src\\main\\*',
      '..\\..\\..\\..\\features\\ai_engine\\build\\default\\generated\\profile\\default\\*'
    ],
    'file_persistence/*': [
      '..\\..\\..\\..\\features\\file_persistence\\src\\main\\*',
      '..\\..\\..\\..\\features\\file_persistence\\build\\default\\generated\\profile\\default\\*'
    ],
    'instruments/*': [
      '..\\..\\..\\..\\features\\instruments\\src\\main\\*',
      '..\\..\\..\\..\\features\\instruments\\build\\default\\generated\\profile\\default\\*'
    ],
    'plugin_system/*': [
      '..\\..\\..\\..\\features\\plugin_system\\src\\main\\*',
      '..\\..\\..\\..\\features\\plugin_system\\build\\default\\generated\\profile\\default\\*'
    ],
    'pcb_editor/*': [
      '..\\..\\..\\..\\features\\pcb_editor\\src\\main\\*',
      '..\\..\\..\\..\\features\\pcb_editor\\build\\default\\generated\\profile\\default\\*'
    ],
    'agent_bridge/*': [
      '..\\..\\..\\..\\features\\agent_bridge\\src\\main\\*',
      '..\\..\\..\\..\\features\\agent_bridge\\build\\default\\generated\\profile\\default\\*'
    ],
    'entry/*': [
      '..\\*',
      '..\\..\\..\\build\\default\\generated\\profile\\default\\*'
    ]
  },
  collectImportersConfig: undefined
}
[2026-09-14T12:47:35.354] [DEBUG] debug-file - Compile arkts with external api path: C:\Program Files\Huawei\DevEco Studio\sdk\default\hms\ets
[2026-09-14T12:47:35.355] [DEBUG] debug-file - default@CompileArkTS work[20] is submitted.
[2026-09-14T12:47:35.355] [DEBUG] debug-file - default@CompileArkTS work[20] is pushed to ready queue.
[2026-09-14T12:47:35.355] [DEBUG] debug-file - A work dispatched to worker[15] failed because unable to get work from ready queue.
[2026-09-14T12:47:35.356] [DEBUG] debug-file - A work dispatched to worker[14] failed because unable to get work from ready queue.
[2026-09-14T12:47:35.356] [DEBUG] debug-file - A work dispatched to worker[13] failed because unable to get work from ready queue.
[2026-09-14T12:47:35.356] [DEBUG] debug-file - A work dispatched to worker[12] failed because unable to get work from ready queue.
[2026-09-14T12:47:35.356] [DEBUG] debug-file - A work dispatched to worker[11] failed because unable to get work from ready queue.
[2026-09-14T12:47:35.356] [DEBUG] debug-file - A work dispatched to worker[10] failed because unable to get work from ready queue.
[2026-09-14T12:47:35.356] [DEBUG] debug-file - A work dispatched to worker[9] failed because unable to get work from ready queue.
[2026-09-14T12:47:35.356] [DEBUG] debug-file - A work dispatched to worker[8] failed because unable to get work from ready queue.
[2026-09-14T12:47:35.356] [DEBUG] debug-file - A work dispatched to worker[7] failed because unable to get work from ready queue.
[2026-09-14T12:47:35.356] [DEBUG] debug-file - A work dispatched to worker[6] failed because unable to get work from ready queue.
[2026-09-14T12:47:35.356] [DEBUG] debug-file - A work dispatched to worker[5] failed because unable to get work from ready queue.
[2026-09-14T12:47:35.356] [DEBUG] debug-file - default@CompileArkTS work[20] has been dispatched to worker[4].
[2026-09-14T12:47:35.356] [DEBUG] debug-file - default@CompileArkTS work[20] is dispatched.
[2026-09-14T12:47:35.356] [DEBUG] debug-file - CopyResources startTime: 258560633144000
[2026-09-14T12:47:35.356] [DEBUG] debug-file - default@CompileArkTS work[21] is submitted.
[2026-09-14T12:47:35.356] [DEBUG] debug-file - default@CompileArkTS work[21] is pushed to ready queue.
[2026-09-14T12:47:35.356] [DEBUG] debug-file - A work dispatched to worker[15] failed because unable to get work from ready queue.
[2026-09-14T12:47:35.357] [DEBUG] debug-file - Create  resident worker with id: 14.
[2026-09-14T12:47:35.361] [DEBUG] debug-file - default@CompileArkTS work[21] has been dispatched to worker[14].
[2026-09-14T12:47:35.361] [DEBUG] debug-file - default@CompileArkTS work[21] is dispatched.
[2026-09-14T12:47:35.361] [DEBUG] debug-file - entry : default@CompileArkTS cost memory 2.8902587890625
[2026-09-14T12:47:35.363] [DEBUG] debug-file - Executing task :entry:default@BuildJS
[2026-09-14T12:47:35.363] [DEBUG] debug-file - Task 'entry:default@BuildJS' cost while wrapping incremental declarations: 1 ms 
[2026-09-14T12:47:35.368] [DEBUG] debug-file - entry : default@BuildJS cost memory 0.27010345458984375
[2026-09-14T12:47:35.368] [DEBUG] debug-file - runTaskFromQueue task cost before running: 2 s 344 ms 
[2026-09-14T12:47:35.368] [INFO] debug-file - Finished :entry:default@BuildJS... after 5 ms 
[2026-09-14T12:47:35.369] [DEBUG] debug-file - Executing task :ai_engine:default@BuildNativeWithNinja
[2026-09-14T12:47:35.369] [DEBUG] debug-file - ai_engine : default@BuildNativeWithNinja cost memory 0.02265167236328125
[2026-09-14T12:47:35.369] [DEBUG] debug-file - runTaskFromQueue task cost before running: 2 s 345 ms 
[2026-09-14T12:47:35.369] [INFO] debug-file - Finished :ai_engine:default@BuildNativeWithNinja... after 1 ms 
[2026-09-14T12:47:35.370] [DEBUG] debug-file - Executing task :agent_bridge:default@BuildNativeWithNinja
[2026-09-14T12:47:35.371] [DEBUG] debug-file - agent_bridge : default@BuildNativeWithNinja cost memory 0.020172119140625
[2026-09-14T12:47:35.371] [DEBUG] debug-file - runTaskFromQueue task cost before running: 2 s 347 ms 
[2026-09-14T12:47:35.371] [INFO] debug-file - Finished :agent_bridge:default@BuildNativeWithNinja... after 1 ms 
[2026-09-14T12:47:35.371] [DEBUG] debug-file - Executing task :ai_engine:default@ProcessLibs
[2026-09-14T12:47:35.373] [DEBUG] debug-file - ai_engine:default@ProcessLibs is not up-to-date, since the input file 'C:\Projects\ElecDraw_Harmony\build-profile.json5' has been changed.
[2026-09-14T12:47:35.373] [DEBUG] debug-file - Incremental task ai_engine:default@ProcessLibs pre-execution cost: 1 ms .
[2026-09-14T12:47:35.375] [DEBUG] debug-file - Worker dispatch failed, running processLibs on main thread.
[2026-09-14T12:47:35.376] [DEBUG] debug-file - ai_engine : default@ProcessLibs cost memory 0.312713623046875
[2026-09-14T12:47:35.376] [DEBUG] debug-file - runTaskFromQueue task cost before running: 2 s 352 ms 
[2026-09-14T12:47:35.377] [INFO] debug-file - Finished :ai_engine:default@ProcessLibs... after 5 ms 
[2026-09-14T12:47:35.378] [DEBUG] debug-file - Executing task :agent_bridge:default@ProcessLibs
[2026-09-14T12:47:35.379] [DEBUG] debug-file - agent_bridge:default@ProcessLibs is not up-to-date, since the input file 'C:\Projects\ElecDraw_Harmony\build-profile.json5' has been changed.
[2026-09-14T12:47:35.379] [DEBUG] debug-file - Incremental task agent_bridge:default@ProcessLibs pre-execution cost: 1 ms .
[2026-09-14T12:47:35.381] [DEBUG] debug-file - Worker dispatch failed, running processLibs on main thread.
[2026-09-14T12:47:35.382] [DEBUG] debug-file - agent_bridge : default@ProcessLibs cost memory 0.292388916015625
[2026-09-14T12:47:35.382] [DEBUG] debug-file - runTaskFromQueue task cost before running: 2 s 358 ms 
[2026-09-14T12:47:35.382] [INFO] debug-file - Finished :agent_bridge:default@ProcessLibs... after 5 ms 
[2026-09-14T12:47:35.383] [DEBUG] debug-file - Executing task :ai_engine:default@DoNativeStrip
[2026-09-14T12:47:35.383] [DEBUG] debug-file - File: 'C:\Projects\ElecDraw_Harmony\features\ai_engine\build\default\intermediates\binxo\default' from 'doBinxoNativeLibs' is not exists, just ignore.
[2026-09-14T12:47:35.383] [DEBUG] debug-file - Task 'ai_engine:default@DoNativeStrip' cost while wrapping incremental declarations: 1 ms 
[2026-09-14T12:47:35.384] [DEBUG] debug-file - Incremental task ai_engine:default@DoNativeStrip pre-execution cost: 1 ms .
[2026-09-14T12:47:35.384] [DEBUG] debug-file - ai_engine : default@DoNativeStrip cost memory 0.0953369140625
[2026-09-14T12:47:35.384] [INFO] debug-file - UP-TO-DATE :ai_engine:default@DoNativeStrip...  
[2026-09-14T12:47:35.385] [DEBUG] debug-file - Executing task :agent_bridge:default@DoNativeStrip
[2026-09-14T12:47:35.385] [DEBUG] debug-file - File: 'C:\Projects\ElecDraw_Harmony\features\agent_bridge\build\default\intermediates\binxo\default' from 'doBinxoNativeLibs' is not exists, just ignore.
[2026-09-14T12:47:35.385] [DEBUG] debug-file - Task 'agent_bridge:default@DoNativeStrip' cost while wrapping incremental declarations: 1 ms 
[2026-09-14T12:47:35.386] [DEBUG] debug-file - Incremental task agent_bridge:default@DoNativeStrip pre-execution cost: 1 ms .
[2026-09-14T12:47:35.386] [DEBUG] debug-file - agent_bridge : default@DoNativeStrip cost memory 0.0869598388671875
[2026-09-14T12:47:35.386] [INFO] debug-file - UP-TO-DATE :agent_bridge:default@DoNativeStrip...  
[2026-09-14T12:47:35.387] [DEBUG] debug-file - Executing task :entry:default@BuildNativeWithNinja
[2026-09-14T12:47:35.387] [DEBUG] debug-file - entry : default@BuildNativeWithNinja cost memory 0.01912689208984375
[2026-09-14T12:47:35.388] [DEBUG] debug-file - runTaskFromQueue task cost before running: 2 s 364 ms 
[2026-09-14T12:47:35.388] [INFO] debug-file - Finished :entry:default@BuildNativeWithNinja... after 1 ms 
[2026-09-14T12:47:35.389] [DEBUG] debug-file - Executing task :entry:default@ProcessLibs
[2026-09-14T12:47:35.403] [DEBUG] debug-file - entry:default@ProcessLibs is not up-to-date, since the input file 'C:\Projects\ElecDraw_Harmony\build-profile.json5' has been changed.
[2026-09-14T12:47:35.403] [DEBUG] debug-file - Incremental task entry:default@ProcessLibs pre-execution cost: 5 ms .
[2026-09-14T12:47:35.404] [DEBUG] debug-file - Worker dispatch failed, running processLibs on main thread.
[2026-09-14T12:47:35.405] [DEBUG] debug-file - entry : default@ProcessLibs cost memory 2.0329437255859375
[2026-09-14T12:47:35.405] [DEBUG] debug-file - runTaskFromQueue task cost before running: 2 s 381 ms 
[2026-09-14T12:47:35.407] [INFO] debug-file - Finished :entry:default@ProcessLibs... after 17 ms 
[2026-09-14T12:47:35.408] [DEBUG] debug-file - Executing task :entry:default@DoNativeStrip
[2026-09-14T12:47:35.408] [DEBUG] debug-file - File: 'C:\Projects\ElecDraw_Harmony\entry\build\default\intermediates\binxo\default' from 'doBinxoNativeLibs' is not exists, just ignore.
[2026-09-14T12:47:35.408] [DEBUG] debug-file - Task 'entry:default@DoNativeStrip' cost while wrapping incremental declarations: 1 ms 
[2026-09-14T12:47:35.409] [DEBUG] debug-file - Incremental task entry:default@DoNativeStrip pre-execution cost: 1 ms .
[2026-09-14T12:47:35.409] [DEBUG] debug-file - entry : default@DoNativeStrip cost memory 0.08495330810546875
[2026-09-14T12:47:35.409] [INFO] debug-file - UP-TO-DATE :entry:default@DoNativeStrip...  
[2026-09-14T12:47:35.411] [DEBUG] debug-file - Executing task :entry:default@CacheNativeLibs
[2026-09-14T12:47:35.412] [DEBUG] debug-file - File: 'C:\Projects\ElecDraw_Harmony\entry\build\default\intermediates\binxo\default' from 'cacheBinxoNativeLibs' is not exists, just ignore.
[2026-09-14T12:47:35.412] [DEBUG] debug-file - Task 'entry:default@CacheNativeLibs' cost while wrapping incremental declarations: 1 ms 
[2026-09-14T12:47:35.413] [DEBUG] debug-file - Incremental task entry:default@CacheNativeLibs pre-execution cost: 2 ms .
[2026-09-14T12:47:35.414] [DEBUG] debug-file - entry : default@CacheNativeLibs cost memory 0.11179351806640625
[2026-09-14T12:47:35.414] [INFO] debug-file - UP-TO-DATE :entry:default@CacheNativeLibs...  
[2026-09-14T12:47:36.426] [DEBUG] debug-file - worker[14] has one work done.
[2026-09-14T12:47:36.427] [DEBUG] debug-file - CopyResources is end, endTime: 258561703436800
[2026-09-14T12:47:36.427] [DEBUG] debug-file - default@CompileArkTS work[21] done.
[2026-09-14T12:47:36.427] [DEBUG] debug-file - A work dispatched to worker[14] failed because unable to get work from ready queue.
[2026-09-14T12:48:05.216] [DEBUG] debug-file - worker[4] has one work error.
[2026-09-14T12:48:05.220] [DEBUG] debug-file - default@CompileArkTS work[20] failed.
[2026-09-14T12:48:05.221] [ERROR] debug-file - Failed :entry:default@CompileArkTS... 
[2026-09-14T12:48:05.222] [WARN] debug-file - 
[33m1 WARN: [33m[33mArkTS:WARN File: C:/Projects/ElecDraw_Harmony/features/ai_engine/src/main/ets/algorithms/agents/StageHooks.ets:60:32
 Classes cannot be used as objects (arkts-no-classes-as-obj)
[39m[39m
[33m2 WARN: [33m[33mArkTS:WARN: For details about ArkTS syntax errors, see FAQs[39m[39m
[33m3 WARN: [33m[33mArkTS:WARN File: C:/Projects/ElecDraw_Harmony/common/src/main/ets/security/HardwareFingerprint.ets:11:56
 To use this API, you need to apply for the permissions: ohos.permission.sec.ACCESS_UDID
[39m[39m
[33m4 WARN: [33m[33mArkTS:WARN File: C:/Projects/ElecDraw_Harmony/common/src/main/ets/security/HardwareFingerprint.ets:12:54
 To use this API, you need to apply for the permissions: ohos.permission.sec.ACCESS_UDID
[39m[39m
[33m5 WARN: [33m[33mArkTS:WARN File: C:/Projects/ElecDraw_Harmony/features/ai_api_manager/src/main/ets/AiApiManagerImpl.ets:160:22
 'decode' has been deprecated.
[39m[39m
[33m6 WARN: [33m[33mArkTS:WARN File: C:/Projects/ElecDraw_Harmony/features/ai_api_manager/src/main/ets/AiApiManagerImpl.ets:1357:31
 'decode' has been deprecated.
[39m[39m
[33m7 WARN: [33m[33mArkTS:WARN File: C:/Projects/ElecDraw_Harmony/features/ai_api_manager/src/main/ets/AiApiManagerImpl.ets:1438:20
 'decode' has been deprecated.
[39m[39m
[33m8 WARN: [33m[33mArkTS:WARN File: C:/Projects/ElecDraw_Harmony/features/agent_bridge/src/main/ets/AgentHttpServer.ets:171:20
 'decode' has been deprecated.
[39m[39m
[33m9 WARN: [33m[33mArkTS:WARN File: C:/Projects/ElecDraw_Harmony/entry/src/main/ets/utils/WindowLaunchUtil.ets:23:21
 The system capacity of this api 'setWindowRectAutoSave' is not supported on all devices
[39m[39m
[33m10 WARN: [33m[33mArkTS:WARN File: C:/Projects/ElecDraw_Harmony/entry/src/main/ets/utils/WindowLaunchUtil.ets:35:24
 The system capacity of this api 'maximize' is not supported on all devices
[39m[39m
[33m11 WARN: [33m[33mArkTS:WARN File: C:/Projects/ElecDraw_Harmony/entry/src/main/ets/pages/HomePage.ets:328:19
 'getContext' has been deprecated.
[39m[39m
[33m12 WARN: [33m[33mArkTS:WARN File: C:/Projects/ElecDraw_Harmony/entry/src/main/ets/pages/HomePage.ets:355:19
 'getContext' has been deprecated.
[39m[39m
[33m13 WARN: [33m[33mArkTS:WARN File: C:/Projects/ElecDraw_Harmony/entry/src/main/ets/pages/HomePage.ets:402:19
 'getContext' has been deprecated.
[39m[39m
[33m14 WARN: [33m[33mArkTS:WARN File: C:/Projects/ElecDraw_Harmony/entry/src/main/ets/pages/HomePage.ets:473:19
 'getContext' has been deprecated.
[39m[39m
[33m15 WARN: [33m[33mArkTS:WARN File: C:/Projects/ElecDraw_Harmony/entry/src/main/ets/pages/HomePage.ets:502:19
 'getContext' has been deprecated.
[39m[39m
[33m16 WARN: [33m[33mArkTS:WARN File: C:/Projects/ElecDraw_Harmony/entry/src/main/ets/pages/HomePage.ets:535:19
 'getContext' has been deprecated.
[39m[39m
[33m17 WARN: [33m[33mArkTS:WARN File: C:/Projects/ElecDraw_Harmony/entry/src/main/ets/pages/HomePage.ets:964:10
 'key' can only be used for testing directories 
[39m[39m
[33m18 WARN: [33m[33mArkTS:WARN File: C:/Projects/ElecDraw_Harmony/entry/src/main/ets/components/SchematicCanvas.ets:441:14
 'key' can only be used for testing directories 
[39m[39m
[33m19 WARN: [33m[33mArkTS:WARN File: C:/Projects/ElecDraw_Harmony/entry/src/main/ets/components/SchematicCanvas.ets:454:14
 'key' can only be used for testing directories 
[39m[39m
[33m20 WARN: [33m[33mArkTS:WARN File: C:/Projects/ElecDraw_Harmony/entry/src/main/ets/components/SchematicCanvas.ets:465:14
 'key' can only be used for testing directories 
[39m[39m
[33m21 WARN: [33m[33mArkTS:WARN File: C:/Projects/ElecDraw_Harmony/entry/src/main/ets/components/PropertyPanel.ets:831:6
 'key' can only be used for testing directories 
[39m[39m
[33m22 WARN: [33m[33mArkTS:WARN File: C:/Projects/ElecDraw_Harmony/entry/src/main/ets/components/AiSettingsPanel.ets:1118:16
 'key' can only be used for testing directories 
[39m[39m
[33m23 WARN: [33m[33mArkTS:WARN File: C:/Projects/ElecDraw_Harmony/entry/src/main/ets/components/InstrumentPanel.ets:40:10
 'key' can only be used for testing directories 
[39m[39m
[33m24 WARN: [33m[33mArkTS:WARN File: C:/Projects/ElecDraw_Harmony/entry/src/main/ets/components/InstrumentPanel.ets:75:10
 'key' can only be used for testing directories 
[39m[39m
[33m25 WARN: [33m[33mArkTS:WARN File: C:/Projects/ElecDraw_Harmony/entry/src/main/ets/components/ComponentPreview.ets:40:10
 'key' can only be used for testing directories 
[39m[39m
[33m26 WARN: [33m[33mArkTS:WARN File: C:/Projects/ElecDraw_Harmony/entry/src/main/ets/pages/Index.ets:1393:10
 'key' can only be used for testing directories 
[39m[39m
[33m27 WARN: [33m[33mArkTS:WARN File: C:/Projects/ElecDraw_Harmony/entry/src/main/ets/pages/Index.ets:1566:6
 'key' can only be used for testing directories 
[39m[39m
[33m28 WARN: [33m[33mArkTS:WARN File: C:/Projects/ElecDraw_Harmony/entry/src/main/ets/pages/Index.ets:1889:6
 'key' can only be used for testing directories 
[39m[39m
[33m29 WARN: [33m[33mArkTS:WARN File: C:/Projects/ElecDraw_Harmony/entry/src/main/ets/pages/Index.ets:2128:6
 'key' can only be used for testing directories 
[39m[39m
[33m30 WARN: [33m[33mArkTS:WARN File: C:/Projects/ElecDraw_Harmony/entry/src/main/ets/pages/Index.ets:2359:14
 'key' can only be used for testing directories 
[39m[39m
[33m31 WARN: [33m[33mArkTS:WARN File: C:/Projects/ElecDraw_Harmony/entry/src/main/ets/pages/Index.ets:2369:14
 'key' can only be used for testing directories 
[39m[39m
[33m32 WARN: [33m[33mArkTS:WARN File: C:/Projects/ElecDraw_Harmony/entry/src/main/ets/pages/Index.ets:2374:14
 'key' can only be used for testing directories 
[39m[39m
[33m33 WARN: [33m[33mArkTS:WARN File: C:/Projects/ElecDraw_Harmony/entry/src/main/ets/pages/Index.ets:2380:14
 'key' can only be used for testing directories 
[39m[39m
[33m34 WARN: [33m[33mArkTS:WARN File: C:/Projects/ElecDraw_Harmony/entry/src/main/ets/pages/Index.ets:2516:20
 'key' can only be used for testing directories 
[39m[39m
[33m35 WARN: [33m[33mArkTS:WARN File: C:/Projects/ElecDraw_Harmony/entry/src/main/ets/pages/Index.ets:2523:20
 'key' can only be used for testing directories 
[39m[39m
[33m36 WARN: [33m[33mArkTS:WARN File: C:/Projects/ElecDraw_Harmony/entry/src/main/ets/pages/Index.ets:2530:20
 'key' can only be used for testing directories 
[39m[39m
[33m37 WARN: [33m[33mArkTS:WARN File: C:/Projects/ElecDraw_Harmony/entry/src/main/ets/pages/Index.ets:2537:20
 'key' can only be used for testing directories 
[39m[39m
[33m38 WARN: [33m[33mArkTS:WARN File: C:/Projects/ElecDraw_Harmony/entry/src/main/ets/pages/Index.ets:2615:6
 'key' can only be used for testing directories 
[39m[39m
[33m39 WARN: [33m[33mArkTS:WARN File: C:/Projects/ElecDraw_Harmony/entry/src/main/ets/pages/Index.ets:3266:6
 'key' can only be used for testing directories 
[39m[39m
[33m40 WARN: [33m[33mArkTS:WARN File: C:/Projects/ElecDraw_Harmony/entry/src/main/ets/components/pcb/PcbGerberPreview.ets:343:10
 'key' can only be used for testing directories 
[39m[39m
[33m41 WARN: [33m[33mArkTS:WARN File: C:/Projects/ElecDraw_Harmony/entry/src/main/ets/pages/PcbPage.ets:1027:31
 'decodeWithStream' has been deprecated.
[39m[39m
[2026-09-14T12:48:05.223] [DEBUG] debug-file - hvigor build process will be closed with an error.
[2026-09-14T12:48:05.244] [DEBUG] debug-file - ERROR: stacktrace = Error: 00305015 Rollup Error
Error Message: Unexpected token (Note that you need plugins to import files that are not JavaScript)
. At file: C:\Projects\ElecDraw_Harmony\common\src\main\ets\utils\pcb_route\PcbChannelAutoRouter.ets:5
[31m1 ERROR: [31m10605150 ArkTS Compiler Error
Error Message: "import" statements after other statements are not allowed (arkts-no-misplaced-imports) At File: C:/Projects/ElecDraw_Harmony/common/src/main/ets/utils/pcb_route/PcbChannelAutoRouter.ets:8:1
[39m
[39m
[31m2 ERROR: [31m10605150 ArkTS Compiler Error
Error Message: "import" statements after other statements are not allowed (arkts-no-misplaced-imports) At File: C:/Projects/ElecDraw_Harmony/common/src/main/ets/utils/pcb_route/PcbChannelAutoRouter.ets:11:1
[39m
[39m
[31m3 ERROR: [31m10605150 ArkTS Compiler Error
Error Message: "import" statements after other statements are not allowed (arkts-no-misplaced-imports) At File: C:/Projects/ElecDraw_Harmony/common/src/main/ets/utils/pcb_route/PcbChannelAutoRouter.ets:12:1
[39m
[39m
[31m4 ERROR: [31m10605150 ArkTS Compiler Error
Error Message: "import" statements after other statements are not allowed (arkts-no-misplaced-imports) At File: C:/Projects/ElecDraw_Harmony/common/src/main/ets/utils/pcb_route/PcbChannelAutoRouter.ets:13:1
[39m
[39m
[31m5 ERROR: [31m10605150 ArkTS Compiler Error
Error Message: "import" statements after other statements are not allowed (arkts-no-misplaced-imports) At File: C:/Projects/ElecDraw_Harmony/common/src/main/ets/utils/pcb_route/PcbChannelAutoRouter.ets:14:1
[39m
[39m
[31m6 ERROR: [31m10605150 ArkTS Compiler Error
Error Message: "import" statements after other statements are not allowed (arkts-no-misplaced-imports) At File: C:/Projects/ElecDraw_Harmony/common/src/main/ets/utils/pcb_route/PcbChannelAutoRouter.ets:15:1
[39m
[39m
[31m7 ERROR: [31m10605150 ArkTS Compiler Error
Error Message: "import" statements after other statements are not allowed (arkts-no-misplaced-imports) At File: C:/Projects/ElecDraw_Harmony/common/src/main/ets/utils/pcb_route/PcbChannelAutoRouter.ets:18:1
[39m
[39m
[31m8 ERROR: [31m10605150 ArkTS Compiler Error
Error Message: "import" statements after other statements are not allowed (arkts-no-misplaced-imports) At File: C:/Projects/ElecDraw_Harmony/common/src/main/ets/utils/pcb_route/PcbChannelAutoRouter.ets:19:1
[39m
[39m
[31m9 ERROR: [31m10605150 ArkTS Compiler Error
Error Message: "import" statements after other statements are not allowed (arkts-no-misplaced-imports) At File: C:/Projects/ElecDraw_Harmony/common/src/main/ets/utils/pcb_route/PcbChannelAutoRouter.ets:20:1
[39m
[39m
[31m10 ERROR: [31m10605150 ArkTS Compiler Error
Error Message: "import" statements after other statements are not allowed (arkts-no-misplaced-imports) At File: C:/Projects/ElecDraw_Harmony/common/src/main/ets/utils/pcb_route/PcbChannelAutoRouter.ets:23:1
[39m
[39m
[31m11 ERROR: [31m10605150 ArkTS Compiler Error
Error Message: "import" statements after other statements are not allowed (arkts-no-misplaced-imports) At File: C:/Projects/ElecDraw_Harmony/common/src/main/ets/utils/pcb_route/PcbChannelAutoRouter.ets:24:1
[39m
[39m
[31m12 ERROR: [31m10605150 ArkTS Compiler Error
Error Message: "import" statements after other statements are not allowed (arkts-no-misplaced-imports) At File: C:/Projects/ElecDraw_Harmony/common/src/main/ets/utils/pcb_route/PcbChannelAutoRouter.ets:25:1
[39m
[39m
[31m13 ERROR: [31m10505001 ArkTS Compiler Error
Error Message: Unexpected keyword or identifier. At File: C:/Projects/ElecDraw_Harmony/common/src/main/ets/utils/pcb_route/PcbChannelAutoRouter.ets:4:45
[39m
[39m
[31m14 ERROR: [31m10505001 ArkTS Compiler Error
Error Message: Invalid character. At File: C:/Projects/ElecDraw_Harmony/common/src/main/ets/utils/pcb_route/PcbChannelAutoRouter.ets:4:49
[39m
[39m
[31m15 ERROR: [31m10505001 ArkTS Compiler Error
Error Message: Invalid character. At File: C:/Projects/ElecDraw_Harmony/common/src/main/ets/utils/pcb_route/PcbChannelAutoRouter.ets:4:53
[39m
[39m
[31m16 ERROR: [31m10505001 ArkTS Compiler Error
Error Message: Invalid character. At File: C:/Projects/ElecDraw_Harmony/common/src/main/ets/utils/pcb_route/PcbChannelAutoRouter.ets:4:55
[39m
[39m
[31m17 ERROR: [31m10505001 ArkTS Compiler Error
Error Message: Unexpected keyword or identifier. At File: C:/Projects/ElecDraw_Harmony/common/src/main/ets/utils/pcb_route/PcbChannelAutoRouter.ets:4:56
[39m
[39m
[31m18 ERROR: [31m10505001 ArkTS Compiler Error
Error Message: Invalid character. At File: C:/Projects/ElecDraw_Harmony/common/src/main/ets/utils/pcb_route/PcbChannelAutoRouter.ets:4:64
[39m
[39m
[31m19 ERROR: [31m10505001 ArkTS Compiler Error
Error Message: Expression expected. At File: C:/Projects/ElecDraw_Harmony/common/src/main/ets/utils/pcb_route/PcbChannelAutoRouter.ets:5:2
[39m
[39m
[31m20 ERROR: [31m10505001 ArkTS Compiler Error
Error Message: ';' expected. At File: C:/Projects/ElecDraw_Harmony/common/src/main/ets/utils/pcb_route/PcbChannelAutoRouter.ets:5:5
[39m
[39m
[31m21 ERROR: [31m10505001 ArkTS Compiler Error
Error Message: Invalid character. At File: C:/Projects/ElecDraw_Harmony/common/src/main/ets/utils/pcb_route/PcbChannelAutoRouter.ets:5:15
[39m
[39m
[31m22 ERROR: [31m10505001 ArkTS Compiler Error
Error Message: Unexpected keyword or identifier. At File: C:/Projects/ElecDraw_Harmony/common/src/main/ets/utils/pcb_route/PcbChannelAutoRouter.ets:5:16
[39m
[39m
[31m23 ERROR: [31m10505001 ArkTS Compiler Error
Error Message: Invalid character. At File: C:/Projects/ElecDraw_Harmony/common/src/main/ets/utils/pcb_route/PcbChannelAutoRouter.ets:5:42
[39m
[39m
[31m24 ERROR: [31m10505001 ArkTS Compiler Error
Error Message: Unexpected keyword or identifier. At File: C:/Projects/ElecDraw_Harmony/common/src/main/ets/utils/pcb_route/PcbChannelAutoRouter.ets:5:43
[39m
[39m
[31m25 ERROR: [31m10505001 ArkTS Compiler Error
Error Message: Invalid character. At File: C:/Projects/ElecDraw_Harmony/common/src/main/ets/utils/pcb_route/PcbChannelAutoRouter.ets:5:52
[39m
[39m
[31m26 ERROR: [31m10505001 ArkTS Compiler Error
Error Message: Expression expected. At File: C:/Projects/ElecDraw_Harmony/common/src/main/ets/utils/pcb_route/PcbChannelAutoRouter.ets:6:2
[39m
[39m
[31m27 ERROR: [31m10505001 ArkTS Compiler Error
Error Message: ';' expected. At File: C:/Projects/ElecDraw_Harmony/common/src/main/ets/utils/pcb_route/PcbChannelAutoRouter.ets:6:5
[39m
[39m
[31m28 ERROR: [31m10505001 ArkTS Compiler Error
Error Message: Invalid character. At File: C:/Projects/ElecDraw_Harmony/common/src/main/ets/utils/pcb_route/PcbChannelAutoRouter.ets:6:11
[39m
[39m
[31m29 ERROR: [31m10505001 ArkTS Compiler Error
Error Message: Unexpected keyword or identifier. At File: C:/Projects/ElecDraw_Harmony/common/src/main/ets/utils/pcb_route/PcbChannelAutoRouter.ets:6:12
[39m
[39m
[31m30 ERROR: [31m10505001 ArkTS Compiler Error
Error Message: Invalid character. At File: C:/Projects/ElecDraw_Harmony/common/src/main/ets/utils/pcb_route/PcbChannelAutoRouter.ets:6:18
[39m
[39m
[31m31 ERROR: [31m10505001 ArkTS Compiler Error
Error Message: Invalid character. At File: C:/Projects/ElecDraw_Harmony/common/src/main/ets/utils/pcb_route/PcbChannelAutoRouter.ets:6:23
[39m
[39m
[31m32 ERROR: [31m10505001 ArkTS Compiler Error
Error Message: Unterminated regular expression literal. At File: C:/Projects/ElecDraw_Harmony/common/src/main/ets/utils/pcb_route/PcbChannelAutoRouter.ets:7:4
[39m
[39m
[31m33 ERROR: [31m10505001 ArkTS Compiler Error
Error Message: Cannot find name 'B'. At File: C:/Projects/ElecDraw_Harmony/common/src/main/ets/utils/pcb_route/PcbChannelAutoRouter.ets:4:45
[39m
[39m
[31m34 ERROR: [31m10505001 ArkTS Compiler Error
Error Message: Cannot find name '干线'. At File: C:/Projects/ElecDraw_Harmony/common/src/main/ets/utils/pcb_route/PcbChannelAutoRouter.ets:4:47
[39m
[39m
[31m35 ERROR: [31m10505001 ArkTS Compiler Error
Error Message: Cannot find name 'via'. At File: C:/Projects/ElecDraw_Harmony/common/src/main/ets/utils/pcb_route/PcbChannelAutoRouter.ets:4:50
[39m
[39m
[31m36 ERROR: [31m10505001 ArkTS Compiler Error
Error Message: Cannot find name 'F'. At File: C:/Projects/ElecDraw_Harmony/common/src/main/ets/utils/pcb_route/PcbChannelAutoRouter.ets:4:54
[39m
[39m
[31m37 ERROR: [31m10505001 ArkTS Compiler Error
Error Message: Cannot find name '按网轮询'. At File: C:/Projects/ElecDraw_Harmony/common/src/main/ets/utils/pcb_route/PcbChannelAutoRouter.ets:4:56
[39m
[39m
[31m38 ERROR: [31m10505001 ArkTS Compiler Error
Error Message: Cannot find name 'hop'. At File: C:/Projects/ElecDraw_Harmony/common/src/main/ets/utils/pcb_route/PcbChannelAutoRouter.ets:4:61
[39m
[39m
[31m39 ERROR: [31m10505001 ArkTS Compiler Error
Error Message: Cannot find name '每层须有真实走线'. At File: C:/Projects/ElecDraw_Harmony/common/src/main/ets/utils/pcb_route/PcbChannelAutoRouter.ets:5:7
[39m
[39m
[31m40 ERROR: [31m10505001 ArkTS Compiler Error
Error Message: Cannot find name '结束后'. At File: C:/Projects/ElecDraw_Harmony/common/src/main/ets/utils/pcb_route/PcbChannelAutoRouter.ets:5:16
[39m
[39m
[31m41 ERROR: [31m10505001 ArkTS Compiler Error
Error Message: Cannot find name 'zone'. At File: C:/Projects/ElecDraw_Harmony/common/src/main/ets/utils/pcb_route/PcbChannelAutoRouter.ets:5:43
[39m
[39m
[31m42 ERROR: [31m10505001 ArkTS Compiler Error
Error Message: Cannot find name '不算已用'. At File: C:/Projects/ElecDraw_Harmony/common/src/main/ets/utils/pcb_route/PcbChannelAutoRouter.ets:5:48
[39m
[39m
[31m43 ERROR: [31m10505001 ArkTS Compiler Error
Error Message: Cannot find name '禁止斜线'. At File: C:/Projects/ElecDraw_Harmony/common/src/main/ets/utils/pcb_route/PcbChannelAutoRouter.ets:6:7
[39m
[39m
[31m44 ERROR: [31m10505001 ArkTS Compiler Error
Error Message: Cannot find name 'via'. At File: C:/Projects/ElecDraw_Harmony/common/src/main/ets/utils/pcb_route/PcbChannelAutoRouter.ets:6:12
[39m
[39m
[31m45 ERROR: [31m10505001 ArkTS Compiler Error
Error Message: Cannot find name '过近'. At File: C:/Projects/ElecDraw_Harmony/common/src/main/ets/utils/pcb_route/PcbChannelAutoRouter.ets:6:16
[39m
[39m
[31m46 ERROR: [31m10505001 ArkTS Compiler Error
Error Message: Cannot find name '垃圾折返'. At File: C:/Projects/ElecDraw_Harmony/common/src/main/ets/utils/pcb_route/PcbChannelAutoRouter.ets:6:19
[39m
[39m
[31m47 ERROR: [31m10505001 ArkTS Compiler Error
Error Message: Cannot find name '主线程切片让出'. At File: C:/Projects/ElecDraw_Harmony/common/src/main/ets/utils/pcb_route/PcbChannelAutoRouter.ets:6:24
[39m
[39m
[31m48 ERROR: [31m10505001 ArkTS Compiler Error
Error Message: The right-hand side of an arithmetic operation must be of type 'any', 'number', 'bigint' or an enum type. At File: C:/Projects/ElecDraw_Harmony/common/src/main/ets/utils/pcb_route/PcbChannelAutoRouter.ets:7:3
[39m
[39m
[31mCOMPILE RESULT:FAIL {ERROR:49 WARN:41}[39m
    at runArkPack (C:\Program Files\Huawei\DevEco Studio\tools\hvigor\hvigor-ohos-plugin\node_modules\@ohos\hvigor-arkts-compose\dist\src\arkts-pack.js:1:5965)
RollupError: Unexpected token (Note that you need plugins to import files that are not JavaScript)
    at error (C:\Program Files\Huawei\DevEco Studio\tools\hvigor\hvigor-ohos-plugin\node_modules\@ohos\hvigor-arkts-base\node_modules\rollup\dist\shared\rollup.js:214:30)
    at Module.error (C:\Program Files\Huawei\DevEco Studio\tools\hvigor\hvigor-ohos-plugin\node_modules\@ohos\hvigor-arkts-base\node_modules\rollup\dist\shared\rollup.js:16956:16)
    at Module.tryParse (C:\Program Files\Huawei\DevEco Studio\tools\hvigor\hvigor-ohos-plugin\node_modules\@ohos\hvigor-arkts-base\node_modules\rollup\dist\shared\rollup.js:17733:25)
    at Module.setSource (C:\Program Files\Huawei\DevEco Studio\tools\hvigor\hvigor-ohos-plugin\node_modules\@ohos\hvigor-arkts-base\node_modules\rollup\dist\shared\rollup.js:17251:37)
    at ModuleLoader.addModuleSource (C:\Program Files\Huawei\DevEco Studio\tools\hvigor\hvigor-ohos-plugin\node_modules\@ohos\hvigor-arkts-base\node_modules\rollup\dist\shared\rollup.js:27035:20)
[2026-09-14T12:48:05.244] [ERROR] debug-file - Error: 00305015 Rollup Error
Error Message: Unexpected token (Note that you need plugins to import files that are not JavaScript)
. At file: C:\Projects\ElecDraw_Harmony\common\src\main\ets\utils\pcb_route\PcbChannelAutoRouter.ets:5
[31m1 ERROR: [31m10605150 ArkTS Compiler Error
Error Message: "import" statements after other statements are not allowed (arkts-no-misplaced-imports) At File: C:/Projects/ElecDraw_Harmony/common/src/main/ets/utils/pcb_route/PcbChannelAutoRouter.ets:8:1
[39m
[39m
[31m2 ERROR: [31m10605150 ArkTS Compiler Error
Error Message: "import" statements after other statements are not allowed (arkts-no-misplaced-imports) At File: C:/Projects/ElecDraw_Harmony/common/src/main/ets/utils/pcb_route/PcbChannelAutoRouter.ets:11:1
[39m
[39m
[31m3 ERROR: [31m10605150 ArkTS Compiler Error
Error Message: "import" statements after other statements are not allowed (arkts-no-misplaced-imports) At File: C:/Projects/ElecDraw_Harmony/common/src/main/ets/utils/pcb_route/PcbChannelAutoRouter.ets:12:1
[39m
[39m
[31m4 ERROR: [31m10605150 ArkTS Compiler Error
Error Message: "import" statements after other statements are not allowed (arkts-no-misplaced-imports) At File: C:/Projects/ElecDraw_Harmony/common/src/main/ets/utils/pcb_route/PcbChannelAutoRouter.ets:13:1
[39m
[39m
[31m5 ERROR: [31m10605150 ArkTS Compiler Error
Error Message: "import" statements after other statements are not allowed (arkts-no-misplaced-imports) At File: C:/Projects/ElecDraw_Harmony/common/src/main/ets/utils/pcb_route/PcbChannelAutoRouter.ets:14:1
[39m
[39m
[31m6 ERROR: [31m10605150 ArkTS Compiler Error
Error Message: "import" statements after other statements are not allowed (arkts-no-misplaced-imports) At File: C:/Projects/ElecDraw_Harmony/common/src/main/ets/utils/pcb_route/PcbChannelAutoRouter.ets:15:1
[39m
[39m
[31m7 ERROR: [31m10605150 ArkTS Compiler Error
Error Message: "import" statements after other statements are not allowed (arkts-no-misplaced-imports) At File: C:/Projects/ElecDraw_Harmony/common/src/main/ets/utils/pcb_route/PcbChannelAutoRouter.ets:18:1
[39m
[39m
[31m8 ERROR: [31m10605150 ArkTS Compiler Error
Error Message: "import" statements after other statements are not allowed (arkts-no-misplaced-imports) At File: C:/Projects/ElecDraw_Harmony/common/src/main/ets/utils/pcb_route/PcbChannelAutoRouter.ets:19:1
[39m
[39m
[31m9 ERROR: [31m10605150 ArkTS Compiler Error
Error Message: "import" statements after other statements are not allowed (arkts-no-misplaced-imports) At File: C:/Projects/ElecDraw_Harmony/common/src/main/ets/utils/pcb_route/PcbChannelAutoRouter.ets:20:1
[39m
[39m
[31m10 ERROR: [31m10605150 ArkTS Compiler Error
Error Message: "import" statements after other statements are not allowed (arkts-no-misplaced-imports) At File: C:/Projects/ElecDraw_Harmony/common/src/main/ets/utils/pcb_route/PcbChannelAutoRouter.ets:23:1
[39m
[39m
[31m11 ERROR: [31m10605150 ArkTS Compiler Error
Error Message: "import" statements after other statements are not allowed (arkts-no-misplaced-imports) At File: C:/Projects/ElecDraw_Harmony/common/src/main/ets/utils/pcb_route/PcbChannelAutoRouter.ets:24:1
[39m
[39m
[31m12 ERROR: [31m10605150 ArkTS Compiler Error
Error Message: "import" statements after other statements are not allowed (arkts-no-misplaced-imports) At File: C:/Projects/ElecDraw_Harmony/common/src/main/ets/utils/pcb_route/PcbChannelAutoRouter.ets:25:1
[39m
[39m
[31m13 ERROR: [31m10505001 ArkTS Compiler Error
Error Message: Unexpected keyword or identifier. At File: C:/Projects/ElecDraw_Harmony/common/src/main/ets/utils/pcb_route/PcbChannelAutoRouter.ets:4:45
[39m
[39m
[31m14 ERROR: [31m10505001 ArkTS Compiler Error
Error Message: Invalid character. At File: C:/Projects/ElecDraw_Harmony/common/src/main/ets/utils/pcb_route/PcbChannelAutoRouter.ets:4:49
[39m
[39m
[31m15 ERROR: [31m10505001 ArkTS Compiler Error
Error Message: Invalid character. At File: C:/Projects/ElecDraw_Harmony/common/src/main/ets/utils/pcb_route/PcbChannelAutoRouter.ets:4:53
[39m
[39m
[31m16 ERROR: [31m10505001 ArkTS Compiler Error
Error Message: Invalid character. At File: C:/Projects/ElecDraw_Harmony/common/src/main/ets/utils/pcb_route/PcbChannelAutoRouter.ets:4:55
[39m
[39m
[31m17 ERROR: [31m10505001 ArkTS Compiler Error
Error Message: Unexpected keyword or identifier. At File: C:/Projects/ElecDraw_Harmony/common/src/main/ets/utils/pcb_route/PcbChannelAutoRouter.ets:4:56
[39m
[39m
[31m18 ERROR: [31m10505001 ArkTS Compiler Error
Error Message: Invalid character. At File: C:/Projects/ElecDraw_Harmony/common/src/main/ets/utils/pcb_route/PcbChannelAutoRouter.ets:4:64
[39m
[39m
[31m19 ERROR: [31m10505001 ArkTS Compiler Error
Error Message: Expression expected. At File: C:/Projects/ElecDraw_Harmony/common/src/main/ets/utils/pcb_route/PcbChannelAutoRouter.ets:5:2
[39m
[39m
[31m20 ERROR: [31m10505001 ArkTS Compiler Error
Error Message: ';' expected. At File: C:/Projects/ElecDraw_Harmony/common/src/main/ets/utils/pcb_route/PcbChannelAutoRouter.ets:5:5
[39m
[39m
[31m21 ERROR: [31m10505001 ArkTS Compiler Error
Error Message: Invalid character. At File: C:/Projects/ElecDraw_Harmony/common/src/main/ets/utils/pcb_route/PcbChannelAutoRouter.ets:5:15
[39m
[39m
[31m22 ERROR: [31m10505001 ArkTS Compiler Error
Error Message: Unexpected keyword or identifier. At File: C:/Projects/ElecDraw_Harmony/common/src/main/ets/utils/pcb_route/PcbChannelAutoRouter.ets:5:16
[39m
[39m
[31m23 ERROR: [31m10505001 ArkTS Compiler Error
Error Message: Invalid character. At File: C:/Projects/ElecDraw_Harmony/common/src/main/ets/utils/pcb_route/PcbChannelAutoRouter.ets:5:42
[39m
[39m
[31m24 ERROR: [31m10505001 ArkTS Compiler Error
Error Message: Unexpected keyword or identifier. At File: C:/Projects/ElecDraw_Harmony/common/src/main/ets/utils/pcb_route/PcbChannelAutoRouter.ets:5:43
[39m
[39m
[31m25 ERROR: [31m10505001 ArkTS Compiler Error
Error Message: Invalid character. At File: C:/Projects/ElecDraw_Harmony/common/src/main/ets/utils/pcb_route/PcbChannelAutoRouter.ets:5:52
[39m
[39m
[31m26 ERROR: [31m10505001 ArkTS Compiler Error
Error Message: Expression expected. At File: C:/Projects/ElecDraw_Harmony/common/src/main/ets/utils/pcb_route/PcbChannelAutoRouter.ets:6:2
[39m
[39m
[31m27 ERROR: [31m10505001 ArkTS Compiler Error
Error Message: ';' expected. At File: C:/Projects/ElecDraw_Harmony/common/src/main/ets/utils/pcb_route/PcbChannelAutoRouter.ets:6:5
[39m
[39m
[31m28 ERROR: [31m10505001 ArkTS Compiler Error
Error Message: Invalid character. At File: C:/Projects/ElecDraw_Harmony/common/src/main/ets/utils/pcb_route/PcbChannelAutoRouter.ets:6:11
[39m
[39m
[31m29 ERROR: [31m10505001 ArkTS Compiler Error
Error Message: Unexpected keyword or identifier. At File: C:/Projects/ElecDraw_Harmony/common/src/main/ets/utils/pcb_route/PcbChannelAutoRouter.ets:6:12
[39m
[39m
[31m30 ERROR: [31m10505001 ArkTS Compiler Error
Error Message: Invalid character. At File: C:/Projects/ElecDraw_Harmony/common/src/main/ets/utils/pcb_route/PcbChannelAutoRouter.ets:6:18
[39m
[39m
[31m31 ERROR: [31m10505001 ArkTS Compiler Error
Error Message: Invalid character. At File: C:/Projects/ElecDraw_Harmony/common/src/main/ets/utils/pcb_route/PcbChannelAutoRouter.ets:6:23
[39m
[39m
[31m32 ERROR: [31m10505001 ArkTS Compiler Error
Error Message: Unterminated regular expression literal. At File: C:/Projects/ElecDraw_Harmony/common/src/main/ets/utils/pcb_route/PcbChannelAutoRouter.ets:7:4
[39m
[39m
[31m33 ERROR: [31m10505001 ArkTS Compiler Error
Error Message: Cannot find name 'B'. At File: C:/Projects/ElecDraw_Harmony/common/src/main/ets/utils/pcb_route/PcbChannelAutoRouter.ets:4:45
[39m
[39m
[31m34 ERROR: [31m10505001 ArkTS Compiler Error
Error Message: Cannot find name '干线'. At File: C:/Projects/ElecDraw_Harmony/common/src/main/ets/utils/pcb_route/PcbChannelAutoRouter.ets:4:47
[39m
[39m
[31m35 ERROR: [31m10505001 ArkTS Compiler Error
Error Message: Cannot find name 'via'. At File: C:/Projects/ElecDraw_Harmony/common/src/main/ets/utils/pcb_route/PcbChannelAutoRouter.ets:4:50
[39m
[39m
[31m36 ERROR: [31m10505001 ArkTS Compiler Error
Error Message: Cannot find name 'F'. At File: C:/Projects/ElecDraw_Harmony/common/src/main/ets/utils/pcb_route/PcbChannelAutoRouter.ets:4:54
[39m
[39m
[31m37 ERROR: [31m10505001 ArkTS Compiler Error
Error Message: Cannot find name '按网轮询'. At File: C:/Projects/ElecDraw_Harmony/common/src/main/ets/utils/pcb_route/PcbChannelAutoRouter.ets:4:56
[39m
[39m
[31m38 ERROR: [31m10505001 ArkTS Compiler Error
Error Message: Cannot find name 'hop'. At File: C:/Projects/ElecDraw_Harmony/common/src/main/ets/utils/pcb_route/PcbChannelAutoRouter.ets:4:61
[39m
[39m
[31m39 ERROR: [31m10505001 ArkTS Compiler Error
Error Message: Cannot find name '每层须有真实走线'. At File: C:/Projects/ElecDraw_Harmony/common/src/main/ets/utils/pcb_route/PcbChannelAutoRouter.ets:5:7
[39m
[39m
[31m40 ERROR: [31m10505001 ArkTS Compiler Error
Error Message: Cannot find name '结束后'. At File: C:/Projects/ElecDraw_Harmony/common/src/main/ets/utils/pcb_route/PcbChannelAutoRouter.ets:5:16
[39m
[39m
[31m41 ERROR: [31m10505001 ArkTS Compiler Error
Error Message: Cannot find name 'zone'. At File: C:/Projects/ElecDraw_Harmony/common/src/main/ets/utils/pcb_route/PcbChannelAutoRouter.ets:5:43
[39m
[39m
[31m42 ERROR: [31m10505001 ArkTS Compiler Error
Error Message: Cannot find name '不算已用'. At File: C:/Projects/ElecDraw_Harmony/common/src/main/ets/utils/pcb_route/PcbChannelAutoRouter.ets:5:48
[39m
[39m
[31m43 ERROR: [31m10505001 ArkTS Compiler Error
Error Message: Cannot find name '禁止斜线'. At File: C:/Projects/ElecDraw_Harmony/common/src/main/ets/utils/pcb_route/PcbChannelAutoRouter.ets:6:7
[39m
[39m
[31m44 ERROR: [31m10505001 ArkTS Compiler Error
Error Message: Cannot find name 'via'. At File: C:/Projects/ElecDraw_Harmony/common/src/main/ets/utils/pcb_route/PcbChannelAutoRouter.ets:6:12
[39m
[39m
[31m45 ERROR: [31m10505001 ArkTS Compiler Error
Error Message: Cannot find name '过近'. At File: C:/Projects/ElecDraw_Harmony/common/src/main/ets/utils/pcb_route/PcbChannelAutoRouter.ets:6:16
[39m
[39m
[31m46 ERROR: [31m10505001 ArkTS Compiler Error
Error Message: Cannot find name '垃圾折返'. At File: C:/Projects/ElecDraw_Harmony/common/src/main/ets/utils/pcb_route/PcbChannelAutoRouter.ets:6:19
[39m
[39m
[31m47 ERROR: [31m10505001 ArkTS Compiler Error
Error Message: Cannot find name '主线程切片让出'. At File: C:/Projects/ElecDraw_Harmony/common/src/main/ets/utils/pcb_route/PcbChannelAutoRouter.ets:6:24
[39m
[39m
[31m48 ERROR: [31m10505001 ArkTS Compiler Error
Error Message: The right-hand side of an arithmetic operation must be of type 'any', 'number', 'bigint' or an enum type. At File: C:/Projects/ElecDraw_Harmony/common/src/main/ets/utils/pcb_route/PcbChannelAutoRouter.ets:7:3
[39m
[39m
[31mCOMPILE RESULT:FAIL {ERROR:49 WARN:41}[39m
    at runArkPack (C:\Program Files\Huawei\DevEco Studio\tools\hvigor\hvigor-ohos-plugin\node_modules\@ohos\hvigor-arkts-compose\dist\src\arkts-pack.js:1:5965)
RollupError: Unexpected token (Note that you need plugins to import files that are not JavaScript)
    at error (C:\Program Files\Huawei\DevEco Studio\tools\hvigor\hvigor-ohos-plugin\node_modules\@ohos\hvigor-arkts-base\node_modules\rollup\dist\shared\rollup.js:214:30)
    at Module.error (C:\Program Files\Huawei\DevEco Studio\tools\hvigor\hvigor-ohos-plugin\node_modules\@ohos\hvigor-arkts-base\node_modules\rollup\dist\shared\rollup.js:16956:16)
    at Module.tryParse (C:\Program Files\Huawei\DevEco Studio\tools\hvigor\hvigor-ohos-plugin\node_modules\@ohos\hvigor-arkts-base\node_modules\rollup\dist\shared\rollup.js:17733:25)
    at Module.setSource (C:\Program Files\Huawei\DevEco Studio\tools\hvigor\hvigor-ohos-plugin\node_modules\@ohos\hvigor-arkts-base\node_modules\rollup\dist\shared\rollup.js:17251:37)
    at ModuleLoader.addModuleSource (C:\Program Files\Huawei\DevEco Studio\tools\hvigor\hvigor-ohos-plugin\node_modules\@ohos\hvigor-arkts-base\node_modules\rollup\dist\shared\rollup.js:27035:20)
[2026-09-14T12:48:05.269] [ERROR] debug-file - BUILD FAILED in 32 s 244 ms 
[2026-09-14T12:48:05.271] [DEBUG] debug-file - Update task entry:default@PreBuild input file:C:\Projects\ElecDraw_Harmony\AppScope\app.json5 cache by regenerate.
[2026-09-14T12:48:05.272] [DEBUG] debug-file - Update task entry:default@PreBuild input file:C:\Projects\ElecDraw_Harmony\entry\src\main\module.json5 cache by regenerate.
[2026-09-14T12:48:05.272] [DEBUG] debug-file - Update task entry:default@PreBuild input file:C:\Projects\ElecDraw_Harmony\build-profile.json5 cache from map.
[2026-09-14T12:48:05.272] [DEBUG] debug-file - Update task entry:default@PreBuild input file:C:\Projects\ElecDraw_Harmony\entry\build-profile.json5 cache by regenerate.
[2026-09-14T12:48:05.272] [DEBUG] debug-file - Update task entry:default@PreBuild input file:C:\Projects\ElecDraw_Harmony\entry\src\main\ets\workers\SimWorker.ets cache by regenerate.
[2026-09-14T12:48:05.273] [DEBUG] debug-file - Update task entry:default@PreBuild input file:C:\Projects\ElecDraw_Harmony\entry\src\main\resources\base\profile\main_pages.json cache by regenerate.
[2026-09-14T12:48:05.273] [DEBUG] debug-file - Update task entry:default@PreBuild input file:C:\Projects\ElecDraw_Harmony\hvigor\hvigor-config.json5 cache by regenerate.
[2026-09-14T12:48:05.273] [DEBUG] debug-file - Update task entry:default@PreBuild input file:C:\Projects\ElecDraw_Harmony\entry\oh-package.json5 cache by regenerate.
[2026-09-14T12:48:05.273] [DEBUG] debug-file - Update task entry:default@PreBuild input file:C:\Projects\ElecDraw_Harmony\oh-package.json5 cache by regenerate.
[2026-09-14T12:48:05.274] [DEBUG] debug-file - Incremental task entry:default@PreBuild post-execution cost:5 ms .
[2026-09-14T12:48:05.275] [DEBUG] debug-file - Update task common:default@PreBuild input file:C:\Projects\ElecDraw_Harmony\AppScope\app.json5 cache by regenerate.
[2026-09-14T12:48:05.275] [DEBUG] debug-file - Update task common:default@PreBuild input file:C:\Projects\ElecDraw_Harmony\common\src\main\module.json5 cache by regenerate.
[2026-09-14T12:48:05.275] [DEBUG] debug-file - Update task common:default@PreBuild input file:C:\Projects\ElecDraw_Harmony\build-profile.json5 cache from map.
[2026-09-14T12:48:05.275] [DEBUG] debug-file - Update task common:default@PreBuild input file:C:\Projects\ElecDraw_Harmony\common\build-profile.json5 cache by regenerate.
[2026-09-14T12:48:05.275] [DEBUG] debug-file - Update task common:default@PreBuild input file:C:\Projects\ElecDraw_Harmony\hvigor\hvigor-config.json5 cache by regenerate.
[2026-09-14T12:48:05.275] [DEBUG] debug-file - Update task common:default@PreBuild input file:C:\Projects\ElecDraw_Harmony\common\oh-package.json5 cache by regenerate.
[2026-09-14T12:48:05.276] [DEBUG] debug-file - Update task common:default@PreBuild input file:C:\Projects\ElecDraw_Harmony\oh-package.json5 cache by regenerate.
[2026-09-14T12:48:05.276] [DEBUG] debug-file - Incremental task common:default@PreBuild post-execution cost:2 ms .
[2026-09-14T12:48:05.277] [DEBUG] debug-file - Update task schematic_editor:default@PreBuild input file:C:\Projects\ElecDraw_Harmony\AppScope\app.json5 cache by regenerate.
[2026-09-14T12:48:05.277] [DEBUG] debug-file - Update task schematic_editor:default@PreBuild input file:C:\Projects\ElecDraw_Harmony\features\schematic_editor\src\main\module.json5 cache by regenerate.
[2026-09-14T12:48:05.277] [DEBUG] debug-file - Update task schematic_editor:default@PreBuild input file:C:\Projects\ElecDraw_Harmony\build-profile.json5 cache from map.
[2026-09-14T12:48:05.277] [DEBUG] debug-file - Update task schematic_editor:default@PreBuild input file:C:\Projects\ElecDraw_Harmony\features\schematic_editor\build-profile.json5 cache by regenerate.
[2026-09-14T12:48:05.277] [DEBUG] debug-file - Update task schematic_editor:default@PreBuild input file:C:\Projects\ElecDraw_Harmony\hvigor\hvigor-config.json5 cache by regenerate.
[2026-09-14T12:48:05.277] [DEBUG] debug-file - Update task schematic_editor:default@PreBuild input file:C:\Projects\ElecDraw_Harmony\features\schematic_editor\oh-package.json5 cache by regenerate.
[2026-09-14T12:48:05.278] [DEBUG] debug-file - Update task schematic_editor:default@PreBuild input file:C:\Projects\ElecDraw_Harmony\oh-package.json5 cache by regenerate.
[2026-09-14T12:48:05.278] [DEBUG] debug-file - Incremental task schematic_editor:default@PreBuild post-execution cost:2 ms .
[2026-09-14T12:48:05.278] [DEBUG] debug-file - Update task component_library:default@PreBuild input file:C:\Projects\ElecDraw_Harmony\AppScope\app.json5 cache by regenerate.
[2026-09-14T12:48:05.278] [DEBUG] debug-file - Update task component_library:default@PreBuild input file:C:\Projects\ElecDraw_Harmony\features\component_library\src\main\module.json5 cache by regenerate.
[2026-09-14T12:48:05.279] [DEBUG] debug-file - Update task component_library:default@PreBuild input file:C:\Projects\ElecDraw_Harmony\build-profile.json5 cache from map.
[2026-09-14T12:48:05.279] [DEBUG] debug-file - Update task component_library:default@PreBuild input file:C:\Projects\ElecDraw_Harmony\features\component_library\build-profile.json5 cache by regenerate.
[2026-09-14T12:48:05.279] [DEBUG] debug-file - Update task component_library:default@PreBuild input file:C:\Projects\ElecDraw_Harmony\hvigor\hvigor-config.json5 cache by regenerate.
[2026-09-14T12:48:05.279] [DEBUG] debug-file - Update task component_library:default@PreBuild input file:C:\Projects\ElecDraw_Harmony\features\component_library\oh-package.json5 cache by regenerate.
[2026-09-14T12:48:05.279] [DEBUG] debug-file - Update task component_library:default@PreBuild input file:C:\Projects\ElecDraw_Harmony\oh-package.json5 cache by regenerate.
[2026-09-14T12:48:05.279] [DEBUG] debug-file - Incremental task component_library:default@PreBuild post-execution cost:2 ms .
[2026-09-14T12:48:05.280] [DEBUG] debug-file - Update task simulation_kernel:default@PreBuild input file:C:\Projects\ElecDraw_Harmony\AppScope\app.json5 cache by regenerate.
[2026-09-14T12:48:05.280] [DEBUG] debug-file - Update task simulation_kernel:default@PreBuild input file:C:\Projects\ElecDraw_Harmony\features\simulation_kernel\src\main\module.json5 cache by regenerate.
[2026-09-14T12:48:05.280] [DEBUG] debug-file - Update task simulation_kernel:default@PreBuild input file:C:\Projects\ElecDraw_Harmony\build-profile.json5 cache from map.
[2026-09-14T12:48:05.280] [DEBUG] debug-file - Update task simulation_kernel:default@PreBuild input file:C:\Projects\ElecDraw_Harmony\features\simulation_kernel\build-profile.json5 cache by regenerate.
[2026-09-14T12:48:05.280] [DEBUG] debug-file - Update task simulation_kernel:default@PreBuild input file:C:\Projects\ElecDraw_Harmony\hvigor\hvigor-config.json5 cache by regenerate.
[2026-09-14T12:48:05.281] [DEBUG] debug-file - Update task simulation_kernel:default@PreBuild input file:C:\Projects\ElecDraw_Harmony\features\simulation_kernel\oh-package.json5 cache by regenerate.
[2026-09-14T12:48:05.281] [DEBUG] debug-file - Update task simulation_kernel:default@PreBuild input file:C:\Projects\ElecDraw_Harmony\oh-package.json5 cache by regenerate.
[2026-09-14T12:48:05.281] [DEBUG] debug-file - Incremental task simulation_kernel:default@PreBuild post-execution cost:2 ms .
[2026-09-14T12:48:05.282] [DEBUG] debug-file - Update task hex_debugger:default@PreBuild input file:C:\Projects\ElecDraw_Harmony\AppScope\app.json5 cache by regenerate.
[2026-09-14T12:48:05.282] [DEBUG] debug-file - Update task hex_debugger:default@PreBuild input file:C:\Projects\ElecDraw_Harmony\features\hex_debugger\src\main\module.json5 cache by regenerate.
[2026-09-14T12:48:05.282] [DEBUG] debug-file - Update task hex_debugger:default@PreBuild input file:C:\Projects\ElecDraw_Harmony\build-profile.json5 cache from map.
[2026-09-14T12:48:05.282] [DEBUG] debug-file - Update task hex_debugger:default@PreBuild input file:C:\Projects\ElecDraw_Harmony\features\hex_debugger\build-profile.json5 cache by regenerate.
[2026-09-14T12:48:05.282] [DEBUG] debug-file - Update task hex_debugger:default@PreBuild input file:C:\Projects\ElecDraw_Harmony\hvigor\hvigor-config.json5 cache by regenerate.
[2026-09-14T12:48:05.282] [DEBUG] debug-file - Update task hex_debugger:default@PreBuild input file:C:\Projects\ElecDraw_Harmony\features\hex_debugger\oh-package.json5 cache by regenerate.
[2026-09-14T12:48:05.283] [DEBUG] debug-file - Update task hex_debugger:default@PreBuild input file:C:\Projects\ElecDraw_Harmony\oh-package.json5 cache by regenerate.
[2026-09-14T12:48:05.283] [DEBUG] debug-file - Incremental task hex_debugger:default@PreBuild post-execution cost:2 ms .
[2026-09-14T12:48:05.283] [DEBUG] debug-file - Update task ai_api_manager:default@PreBuild input file:C:\Projects\ElecDraw_Harmony\AppScope\app.json5 cache by regenerate.
[2026-09-14T12:48:05.283] [DEBUG] debug-file - Update task ai_api_manager:default@PreBuild input file:C:\Projects\ElecDraw_Harmony\features\ai_api_manager\src\main\module.json5 cache by regenerate.
[2026-09-14T12:48:05.284] [DEBUG] debug-file - Update task ai_api_manager:default@PreBuild input file:C:\Projects\ElecDraw_Harmony\build-profile.json5 cache from map.
[2026-09-14T12:48:05.284] [DEBUG] debug-file - Update task ai_api_manager:default@PreBuild input file:C:\Projects\ElecDraw_Harmony\features\ai_api_manager\build-profile.json5 cache by regenerate.
[2026-09-14T12:48:05.284] [DEBUG] debug-file - Update task ai_api_manager:default@PreBuild input file:C:\Projects\ElecDraw_Harmony\hvigor\hvigor-config.json5 cache by regenerate.
[2026-09-14T12:48:05.284] [DEBUG] debug-file - Update task ai_api_manager:default@PreBuild input file:C:\Projects\ElecDraw_Harmony\features\ai_api_manager\oh-package.json5 cache by regenerate.
[2026-09-14T12:48:05.284] [DEBUG] debug-file - Update task ai_api_manager:default@PreBuild input file:C:\Projects\ElecDraw_Harmony\oh-package.json5 cache by regenerate.
[2026-09-14T12:48:05.284] [DEBUG] debug-file - Incremental task ai_api_manager:default@PreBuild post-execution cost:2 ms .
[2026-09-14T12:48:05.285] [DEBUG] debug-file - Update task ai_engine:default@PreBuild input file:C:\Projects\ElecDraw_Harmony\AppScope\app.json5 cache by regenerate.
[2026-09-14T12:48:05.285] [DEBUG] debug-file - Update task ai_engine:default@PreBuild input file:C:\Projects\ElecDraw_Harmony\features\ai_engine\src\main\module.json5 cache by regenerate.
[2026-09-14T12:48:05.286] [DEBUG] debug-file - Update task ai_engine:default@PreBuild input file:C:\Projects\ElecDraw_Harmony\build-profile.json5 cache from map.
[2026-09-14T12:48:05.286] [DEBUG] debug-file - Update task ai_engine:default@PreBuild input file:C:\Projects\ElecDraw_Harmony\features\ai_engine\build-profile.json5 cache by regenerate.
[2026-09-14T12:48:05.286] [DEBUG] debug-file - Update task ai_engine:default@PreBuild input file:C:\Projects\ElecDraw_Harmony\hvigor\hvigor-config.json5 cache by regenerate.
[2026-09-14T12:48:05.286] [DEBUG] debug-file - Update task ai_engine:default@PreBuild input file:C:\Projects\ElecDraw_Harmony\features\ai_engine\oh-package.json5 cache by regenerate.
[2026-09-14T12:48:05.287] [DEBUG] debug-file - Update task ai_engine:default@PreBuild input file:C:\Projects\ElecDraw_Harmony\oh-package.json5 cache by regenerate.
[2026-09-14T12:48:05.287] [DEBUG] debug-file - Incremental task ai_engine:default@PreBuild post-execution cost:3 ms .
[2026-09-14T12:48:05.287] [DEBUG] debug-file - Update task file_persistence:default@PreBuild input file:C:\Projects\ElecDraw_Harmony\AppScope\app.json5 cache by regenerate.
[2026-09-14T12:48:05.288] [DEBUG] debug-file - Update task file_persistence:default@PreBuild input file:C:\Projects\ElecDraw_Harmony\features\file_persistence\src\main\module.json5 cache by regenerate.
[2026-09-14T12:48:05.288] [DEBUG] debug-file - Update task file_persistence:default@PreBuild input file:C:\Projects\ElecDraw_Harmony\build-profile.json5 cache from map.
[2026-09-14T12:48:05.288] [DEBUG] debug-file - Update task file_persistence:default@PreBuild input file:C:\Projects\ElecDraw_Harmony\features\file_persistence\build-profile.json5 cache by regenerate.
[2026-09-14T12:48:05.288] [DEBUG] debug-file - Update task file_persistence:default@PreBuild input file:C:\Projects\ElecDraw_Harmony\hvigor\hvigor-config.json5 cache by regenerate.
[2026-09-14T12:48:05.288] [DEBUG] debug-file - Update task file_persistence:default@PreBuild input file:C:\Projects\ElecDraw_Harmony\features\file_persistence\oh-package.json5 cache by regenerate.
[2026-09-14T12:48:05.288] [DEBUG] debug-file - Update task file_persistence:default@PreBuild input file:C:\Projects\ElecDraw_Harmony\oh-package.json5 cache by regenerate.
[2026-09-14T12:48:05.289] [DEBUG] debug-file - Incremental task file_persistence:default@PreBuild post-execution cost:2 ms .
[2026-09-14T12:48:05.289] [DEBUG] debug-file - Update task instruments:default@PreBuild input file:C:\Projects\ElecDraw_Harmony\AppScope\app.json5 cache by regenerate.
[2026-09-14T12:48:05.289] [DEBUG] debug-file - Update task instruments:default@PreBuild input file:C:\Projects\ElecDraw_Harmony\features\instruments\src\main\module.json5 cache by regenerate.
[2026-09-14T12:48:05.290] [DEBUG] debug-file - Update task instruments:default@PreBuild input file:C:\Projects\ElecDraw_Harmony\build-profile.json5 cache from map.
[2026-09-14T12:48:05.290] [DEBUG] debug-file - Update task instruments:default@PreBuild input file:C:\Projects\ElecDraw_Harmony\features\instruments\build-profile.json5 cache by regenerate.
[2026-09-14T12:48:05.290] [DEBUG] debug-file - Update task instruments:default@PreBuild input file:C:\Projects\ElecDraw_Harmony\hvigor\hvigor-config.json5 cache by regenerate.
[2026-09-14T12:48:05.290] [DEBUG] debug-file - Update task instruments:default@PreBuild input file:C:\Projects\ElecDraw_Harmony\features\instruments\oh-package.json5 cache by regenerate.
[2026-09-14T12:48:05.290] [DEBUG] debug-file - Update task instruments:default@PreBuild input file:C:\Projects\ElecDraw_Harmony\oh-package.json5 cache by regenerate.
[2026-09-14T12:48:05.290] [DEBUG] debug-file - Incremental task instruments:default@PreBuild post-execution cost:2 ms .
[2026-09-14T12:48:05.291] [DEBUG] debug-file - Update task plugin_system:default@PreBuild input file:C:\Projects\ElecDraw_Harmony\AppScope\app.json5 cache by regenerate.
[2026-09-14T12:48:05.291] [DEBUG] debug-file - Update task plugin_system:default@PreBuild input file:C:\Projects\ElecDraw_Harmony\features\plugin_system\src\main\module.json5 cache by regenerate.
[2026-09-14T12:48:05.291] [DEBUG] debug-file - Update task plugin_system:default@PreBuild input file:C:\Projects\ElecDraw_Harmony\build-profile.json5 cache from map.
[2026-09-14T12:48:05.291] [DEBUG] debug-file - Update task plugin_system:default@PreBuild input file:C:\Projects\ElecDraw_Harmony\features\plugin_system\build-profile.json5 cache by regenerate.
[2026-09-14T12:48:05.292] [DEBUG] debug-file - Update task plugin_system:default@PreBuild input file:C:\Projects\ElecDraw_Harmony\hvigor\hvigor-config.json5 cache by regenerate.
[2026-09-14T12:48:05.292] [DEBUG] debug-file - Update task plugin_system:default@PreBuild input file:C:\Projects\ElecDraw_Harmony\features\plugin_system\oh-package.json5 cache by regenerate.
[2026-09-14T12:48:05.292] [DEBUG] debug-file - Update task plugin_system:default@PreBuild input file:C:\Projects\ElecDraw_Harmony\oh-package.json5 cache by regenerate.
[2026-09-14T12:48:05.292] [DEBUG] debug-file - Incremental task plugin_system:default@PreBuild post-execution cost:2 ms .
[2026-09-14T12:48:05.293] [DEBUG] debug-file - Update task pcb_editor:default@PreBuild input file:C:\Projects\ElecDraw_Harmony\AppScope\app.json5 cache by regenerate.
[2026-09-14T12:48:05.293] [DEBUG] debug-file - Update task pcb_editor:default@PreBuild input file:C:\Projects\ElecDraw_Harmony\features\pcb_editor\src\main\module.json5 cache by regenerate.
[2026-09-14T12:48:05.293] [DEBUG] debug-file - Update task pcb_editor:default@PreBuild input file:C:\Projects\ElecDraw_Harmony\build-profile.json5 cache from map.
[2026-09-14T12:48:05.293] [DEBUG] debug-file - Update task pcb_editor:default@PreBuild input file:C:\Projects\ElecDraw_Harmony\features\pcb_editor\build-profile.json5 cache by regenerate.
[2026-09-14T12:48:05.294] [DEBUG] debug-file - Update task pcb_editor:default@PreBuild input file:C:\Projects\ElecDraw_Harmony\hvigor\hvigor-config.json5 cache by regenerate.
[2026-09-14T12:48:05.294] [DEBUG] debug-file - Update task pcb_editor:default@PreBuild input file:C:\Projects\ElecDraw_Harmony\features\pcb_editor\oh-package.json5 cache by regenerate.
[2026-09-14T12:48:05.294] [DEBUG] debug-file - Update task pcb_editor:default@PreBuild input file:C:\Projects\ElecDraw_Harmony\oh-package.json5 cache by regenerate.
[2026-09-14T12:48:05.303] [DEBUG] debug-file - Incremental task pcb_editor:default@PreBuild post-execution cost:11 ms .
[2026-09-14T12:48:05.304] [DEBUG] debug-file - Update task agent_bridge:default@PreBuild input file:C:\Projects\ElecDraw_Harmony\AppScope\app.json5 cache by regenerate.
[2026-09-14T12:48:05.304] [DEBUG] debug-file - Update task agent_bridge:default@PreBuild input file:C:\Projects\ElecDraw_Harmony\features\agent_bridge\src\main\module.json5 cache by regenerate.
[2026-09-14T12:48:05.304] [DEBUG] debug-file - Update task agent_bridge:default@PreBuild input file:C:\Projects\ElecDraw_Harmony\build-profile.json5 cache from map.
[2026-09-14T12:48:05.304] [DEBUG] debug-file - Update task agent_bridge:default@PreBuild input file:C:\Projects\ElecDraw_Harmony\features\agent_bridge\build-profile.json5 cache by regenerate.
[2026-09-14T12:48:05.304] [DEBUG] debug-file - Update task agent_bridge:default@PreBuild input file:C:\Projects\ElecDraw_Harmony\hvigor\hvigor-config.json5 cache by regenerate.
[2026-09-14T12:48:05.304] [DEBUG] debug-file - Update task agent_bridge:default@PreBuild input file:C:\Projects\ElecDraw_Harmony\features\agent_bridge\oh-package.json5 cache by regenerate.
[2026-09-14T12:48:05.305] [DEBUG] debug-file - Update task agent_bridge:default@PreBuild input file:C:\Projects\ElecDraw_Harmony\oh-package.json5 cache by regenerate.
[2026-09-14T12:48:05.305] [DEBUG] debug-file - Incremental task agent_bridge:default@PreBuild post-execution cost:2 ms .
[2026-09-14T12:48:05.305] [DEBUG] debug-file - Update task entry:default@CreateModuleInfo output file:C:\Projects\ElecDraw_Harmony\entry\build\default\generated\profile\default\ModuleInfo.ts cache.
[2026-09-14T12:48:05.306] [DEBUG] debug-file - Incremental task entry:default@CreateModuleInfo post-execution cost:1 ms .
[2026-09-14T12:48:05.306] [DEBUG] debug-file - There is no need to refresh cache, since the incremental task entry:default@GenerateMetadata is up-to-date.
[2026-09-14T12:48:05.306] [DEBUG] debug-file - Update task entry:default@GeneratePkgContextInfo output file:C:\Projects\ElecDraw_Harmony\entry\build\default\intermediates\loader\default\pkgContextInfo.json cache.
[2026-09-14T12:48:05.306] [DEBUG] debug-file - Incremental task entry:default@GeneratePkgContextInfo post-execution cost:1 ms .
[2026-09-14T12:48:05.306] [DEBUG] debug-file - There is no need to refresh cache, since the incremental task entry:default@GeneratePkgSdkInfo is up-to-date.
[2026-09-14T12:48:05.307] [DEBUG] debug-file - Update task entry:default@ProcessIntegratedHsp output file:C:\Projects\ElecDraw_Harmony\build\cache\default\integrated_hsp\integratedHspCache.json cache.
[2026-09-14T12:48:05.307] [DEBUG] debug-file - Incremental task entry:default@ProcessIntegratedHsp post-execution cost:1 ms .
[2026-09-14T12:48:05.307] [DEBUG] debug-file - Update task common:default@CreateHarBuildProfile input file:C:\Projects\ElecDraw_Harmony\AppScope\app.json5 cache by regenerate.
[2026-09-14T12:48:05.308] [DEBUG] debug-file - Update task common:default@CreateHarBuildProfile input file:C:\Projects\ElecDraw_Harmony\build-profile.json5 cache from map.
[2026-09-14T12:48:05.308] [DEBUG] debug-file - Update task common:default@CreateHarBuildProfile output file:C:\Projects\ElecDraw_Harmony\common\BuildProfile.ets cache.
[2026-09-14T12:48:05.308] [DEBUG] debug-file - Incremental task common:default@CreateHarBuildProfile post-execution cost:1 ms .
[2026-09-14T12:48:05.308] [DEBUG] debug-file - Update task common:default@MergeProfile input file:C:\Projects\ElecDraw_Harmony\AppScope\app.json5 cache by regenerate.
[2026-09-14T12:48:05.308] [DEBUG] debug-file - Update task common:default@MergeProfile input file:C:\Projects\ElecDraw_Harmony\build-profile.json5 cache from map.
[2026-09-14T12:48:05.308] [DEBUG] debug-file - Update task common:default@MergeProfile input file:C:\Projects\ElecDraw_Harmony\common\src\main\module.json5 cache by regenerate.
[2026-09-14T12:48:05.308] [DEBUG] debug-file - Update task common:default@MergeProfile output file:C:\Projects\ElecDraw_Harmony\common\build\default\intermediates\merge_profile\default\module.json cache.
[2026-09-14T12:48:05.309] [DEBUG] debug-file - Incremental task common:default@MergeProfile post-execution cost:1 ms .
[2026-09-14T12:48:05.309] [DEBUG] debug-file - Update task entry:default@SyscapTransform input file:C:\Program Files\Huawei\DevEco Studio\sdk\default\openharmony\toolchains\syscap_tool.exe cache by regenerate.
[2026-09-14T12:48:05.309] [DEBUG] debug-file - Update task entry:default@SyscapTransform input file:C:\Program Files\Huawei\DevEco Studio\sdk\default\openharmony\ets\api\device-define cache by regenerate.
[2026-09-14T12:48:05.310] [DEBUG] debug-file - Update task entry:default@SyscapTransform output file:C:\Projects\ElecDraw_Harmony\entry\build\default\intermediates\syscap\default\rpcid.sc cache.
[2026-09-14T12:48:05.311] [DEBUG] debug-file - Incremental task entry:default@SyscapTransform post-execution cost:2 ms .
[2026-09-14T12:48:05.311] [DEBUG] debug-file - There is no need to refresh cache, since the incremental task entry:default@ProcessRouterMap is up-to-date.
[2026-09-14T12:48:05.311] [DEBUG] debug-file - There is no need to refresh cache, since the incremental task entry:default@ProcessShareConfig is up-to-date.
[2026-09-14T12:48:05.312] [DEBUG] debug-file - Update task entry:default@ProcessStartupConfig output file:C:\Projects\ElecDraw_Harmony\entry\build\default\intermediates\startup\default\startup_config.json cache.
[2026-09-14T12:48:05.312] [DEBUG] debug-file - Incremental task entry:default@ProcessStartupConfig post-execution cost:1 ms .
[2026-09-14T12:48:05.312] [DEBUG] debug-file - Update task schematic_editor:default@CreateHarBuildProfile input file:C:\Projects\ElecDraw_Harmony\AppScope\app.json5 cache by regenerate.
[2026-09-14T12:48:05.312] [DEBUG] debug-file - Update task schematic_editor:default@CreateHarBuildProfile input file:C:\Projects\ElecDraw_Harmony\build-profile.json5 cache from map.
[2026-09-14T12:48:05.312] [DEBUG] debug-file - Update task schematic_editor:default@CreateHarBuildProfile output file:C:\Projects\ElecDraw_Harmony\features\schematic_editor\BuildProfile.ets cache.
[2026-09-14T12:48:05.312] [DEBUG] debug-file - Incremental task schematic_editor:default@CreateHarBuildProfile post-execution cost:1 ms .
[2026-09-14T12:48:05.313] [DEBUG] debug-file - Update task component_library:default@CreateHarBuildProfile input file:C:\Projects\ElecDraw_Harmony\AppScope\app.json5 cache by regenerate.
[2026-09-14T12:48:05.313] [DEBUG] debug-file - Update task component_library:default@CreateHarBuildProfile input file:C:\Projects\ElecDraw_Harmony\build-profile.json5 cache from map.
[2026-09-14T12:48:05.313] [DEBUG] debug-file - Update task component_library:default@CreateHarBuildProfile output file:C:\Projects\ElecDraw_Harmony\features\component_library\BuildProfile.ets cache.
[2026-09-14T12:48:05.313] [DEBUG] debug-file - Incremental task component_library:default@CreateHarBuildProfile post-execution cost:1 ms .
[2026-09-14T12:48:05.313] [DEBUG] debug-file - Update task simulation_kernel:default@CreateHarBuildProfile input file:C:\Projects\ElecDraw_Harmony\AppScope\app.json5 cache by regenerate.
[2026-09-14T12:48:05.313] [DEBUG] debug-file - Update task simulation_kernel:default@CreateHarBuildProfile input file:C:\Projects\ElecDraw_Harmony\build-profile.json5 cache from map.
[2026-09-14T12:48:05.314] [DEBUG] debug-file - Update task simulation_kernel:default@CreateHarBuildProfile output file:C:\Projects\ElecDraw_Harmony\features\simulation_kernel\BuildProfile.ets cache.
[2026-09-14T12:48:05.314] [DEBUG] debug-file - Incremental task simulation_kernel:default@CreateHarBuildProfile post-execution cost:1 ms .
[2026-09-14T12:48:05.314] [DEBUG] debug-file - Update task hex_debugger:default@CreateHarBuildProfile input file:C:\Projects\ElecDraw_Harmony\AppScope\app.json5 cache by regenerate.
[2026-09-14T12:48:05.314] [DEBUG] debug-file - Update task hex_debugger:default@CreateHarBuildProfile input file:C:\Projects\ElecDraw_Harmony\build-profile.json5 cache from map.
[2026-09-14T12:48:05.314] [DEBUG] debug-file - Update task hex_debugger:default@CreateHarBuildProfile output file:C:\Projects\ElecDraw_Harmony\features\hex_debugger\BuildProfile.ets cache.
[2026-09-14T12:48:05.314] [DEBUG] debug-file - Incremental task hex_debugger:default@CreateHarBuildProfile post-execution cost:1 ms .
[2026-09-14T12:48:05.314] [DEBUG] debug-file - Update task ai_api_manager:default@CreateHarBuildProfile input file:C:\Projects\ElecDraw_Harmony\AppScope\app.json5 cache by regenerate.
[2026-09-14T12:48:05.314] [DEBUG] debug-file - Update task ai_api_manager:default@CreateHarBuildProfile input file:C:\Projects\ElecDraw_Harmony\build-profile.json5 cache from map.
[2026-09-14T12:48:05.315] [DEBUG] debug-file - Update task ai_api_manager:default@CreateHarBuildProfile output file:C:\Projects\ElecDraw_Harmony\features\ai_api_manager\BuildProfile.ets cache.
[2026-09-14T12:48:05.315] [DEBUG] debug-file - Incremental task ai_api_manager:default@CreateHarBuildProfile post-execution cost:1 ms .
[2026-09-14T12:48:05.315] [DEBUG] debug-file - Update task file_persistence:default@CreateHarBuildProfile input file:C:\Projects\ElecDraw_Harmony\AppScope\app.json5 cache by regenerate.
[2026-09-14T12:48:05.315] [DEBUG] debug-file - Update task file_persistence:default@CreateHarBuildProfile input file:C:\Projects\ElecDraw_Harmony\build-profile.json5 cache from map.
[2026-09-14T12:48:05.315] [DEBUG] debug-file - Update task file_persistence:default@CreateHarBuildProfile output file:C:\Projects\ElecDraw_Harmony\features\file_persistence\BuildProfile.ets cache.
[2026-09-14T12:48:05.315] [DEBUG] debug-file - Incremental task file_persistence:default@CreateHarBuildProfile post-execution cost:1 ms .
[2026-09-14T12:48:05.315] [DEBUG] debug-file - Update task instruments:default@CreateHarBuildProfile input file:C:\Projects\ElecDraw_Harmony\AppScope\app.json5 cache by regenerate.
[2026-09-14T12:48:05.316] [DEBUG] debug-file - Update task instruments:default@CreateHarBuildProfile input file:C:\Projects\ElecDraw_Harmony\build-profile.json5 cache from map.
[2026-09-14T12:48:05.316] [DEBUG] debug-file - Update task instruments:default@CreateHarBuildProfile output file:C:\Projects\ElecDraw_Harmony\features\instruments\BuildProfile.ets cache.
[2026-09-14T12:48:05.316] [DEBUG] debug-file - Incremental task instruments:default@CreateHarBuildProfile post-execution cost:1 ms .
[2026-09-14T12:48:05.316] [DEBUG] debug-file - Update task plugin_system:default@CreateHarBuildProfile input file:C:\Projects\ElecDraw_Harmony\AppScope\app.json5 cache by regenerate.
[2026-09-14T12:48:05.316] [DEBUG] debug-file - Update task plugin_system:default@CreateHarBuildProfile input file:C:\Projects\ElecDraw_Harmony\build-profile.json5 cache from map.
[2026-09-14T12:48:05.316] [DEBUG] debug-file - Update task plugin_system:default@CreateHarBuildProfile output file:C:\Projects\ElecDraw_Harmony\features\plugin_system\BuildProfile.ets cache.
[2026-09-14T12:48:05.316] [DEBUG] debug-file - Incremental task plugin_system:default@CreateHarBuildProfile post-execution cost:1 ms .
[2026-09-14T12:48:05.316] [DEBUG] debug-file - Update task pcb_editor:default@CreateHarBuildProfile input file:C:\Projects\ElecDraw_Harmony\AppScope\app.json5 cache by regenerate.
[2026-09-14T12:48:05.317] [DEBUG] debug-file - Update task pcb_editor:default@CreateHarBuildProfile input file:C:\Projects\ElecDraw_Harmony\build-profile.json5 cache from map.
[2026-09-14T12:48:05.317] [DEBUG] debug-file - Update task pcb_editor:default@CreateHarBuildProfile output file:C:\Projects\ElecDraw_Harmony\features\pcb_editor\BuildProfile.ets cache.
[2026-09-14T12:48:05.317] [DEBUG] debug-file - Incremental task pcb_editor:default@CreateHarBuildProfile post-execution cost:1 ms .
[2026-09-14T12:48:05.317] [DEBUG] debug-file - Update task schematic_editor:default@MergeProfile input file:C:\Projects\ElecDraw_Harmony\AppScope\app.json5 cache by regenerate.
[2026-09-14T12:48:05.317] [DEBUG] debug-file - Update task schematic_editor:default@MergeProfile input file:C:\Projects\ElecDraw_Harmony\build-profile.json5 cache from map.
[2026-09-14T12:48:05.317] [DEBUG] debug-file - Update task schematic_editor:default@MergeProfile input file:C:\Projects\ElecDraw_Harmony\features\schematic_editor\src\main\module.json5 cache by regenerate.
[2026-09-14T12:48:05.318] [DEBUG] debug-file - Update task schematic_editor:default@MergeProfile input file:C:\Projects\ElecDraw_Harmony\common\build\default\intermediates\merge_profile\default\module.json cache by regenerate.
[2026-09-14T12:48:05.318] [DEBUG] debug-file - Update task schematic_editor:default@MergeProfile output file:C:\Projects\ElecDraw_Harmony\features\schematic_editor\build\default\intermediates\merge_profile\default\module.json cache.
[2026-09-14T12:48:05.318] [DEBUG] debug-file - Incremental task schematic_editor:default@MergeProfile post-execution cost:2 ms .
[2026-09-14T12:48:05.318] [DEBUG] debug-file - Update task component_library:default@MergeProfile input file:C:\Projects\ElecDraw_Harmony\AppScope\app.json5 cache by regenerate.
[2026-09-14T12:48:05.319] [DEBUG] debug-file - Update task component_library:default@MergeProfile input file:C:\Projects\ElecDraw_Harmony\build-profile.json5 cache from map.
[2026-09-14T12:48:05.319] [DEBUG] debug-file - Update task component_library:default@MergeProfile input file:C:\Projects\ElecDraw_Harmony\features\component_library\src\main\module.json5 cache by regenerate.
[2026-09-14T12:48:05.319] [DEBUG] debug-file - Update task component_library:default@MergeProfile input file:C:\Projects\ElecDraw_Harmony\common\build\default\intermediates\merge_profile\default\module.json cache by regenerate.
[2026-09-14T12:48:05.319] [DEBUG] debug-file - Update task component_library:default@MergeProfile output file:C:\Projects\ElecDraw_Harmony\features\component_library\build\default\intermediates\merge_profile\default\module.json cache.
[2026-09-14T12:48:05.319] [DEBUG] debug-file - Incremental task component_library:default@MergeProfile post-execution cost:1 ms .
[2026-09-14T12:48:05.319] [DEBUG] debug-file - Update task simulation_kernel:default@MergeProfile input file:C:\Projects\ElecDraw_Harmony\AppScope\app.json5 cache by regenerate.
[2026-09-14T12:48:05.319] [DEBUG] debug-file - Update task simulation_kernel:default@MergeProfile input file:C:\Projects\ElecDraw_Harmony\build-profile.json5 cache from map.
[2026-09-14T12:48:05.319] [DEBUG] debug-file - Update task simulation_kernel:default@MergeProfile input file:C:\Projects\ElecDraw_Harmony\features\simulation_kernel\src\main\module.json5 cache by regenerate.
[2026-09-14T12:48:05.320] [DEBUG] debug-file - Update task simulation_kernel:default@MergeProfile input file:C:\Projects\ElecDraw_Harmony\common\build\default\intermediates\merge_profile\default\module.json cache by regenerate.
[2026-09-14T12:48:05.320] [DEBUG] debug-file - Update task simulation_kernel:default@MergeProfile output file:C:\Projects\ElecDraw_Harmony\features\simulation_kernel\build\default\intermediates\merge_profile\default\module.json cache.
[2026-09-14T12:48:05.320] [DEBUG] debug-file - Incremental task simulation_kernel:default@MergeProfile post-execution cost:1 ms .
[2026-09-14T12:48:05.320] [DEBUG] debug-file - Update task hex_debugger:default@MergeProfile input file:C:\Projects\ElecDraw_Harmony\AppScope\app.json5 cache by regenerate.
[2026-09-14T12:48:05.320] [DEBUG] debug-file - Update task hex_debugger:default@MergeProfile input file:C:\Projects\ElecDraw_Harmony\build-profile.json5 cache from map.
[2026-09-14T12:48:05.320] [DEBUG] debug-file - Update task hex_debugger:default@MergeProfile input file:C:\Projects\ElecDraw_Harmony\features\hex_debugger\src\main\module.json5 cache by regenerate.
[2026-09-14T12:48:05.320] [DEBUG] debug-file - Update task hex_debugger:default@MergeProfile input file:C:\Projects\ElecDraw_Harmony\common\build\default\intermediates\merge_profile\default\module.json cache by regenerate.
[2026-09-14T12:48:05.321] [DEBUG] debug-file - Update task hex_debugger:default@MergeProfile output file:C:\Projects\ElecDraw_Harmony\features\hex_debugger\build\default\intermediates\merge_profile\default\module.json cache.
[2026-09-14T12:48:05.321] [DEBUG] debug-file - Incremental task hex_debugger:default@MergeProfile post-execution cost:1 ms .
[2026-09-14T12:48:05.321] [DEBUG] debug-file - Update task ai_api_manager:default@MergeProfile input file:C:\Projects\ElecDraw_Harmony\AppScope\app.json5 cache by regenerate.
[2026-09-14T12:48:05.321] [DEBUG] debug-file - Update task ai_api_manager:default@MergeProfile input file:C:\Projects\ElecDraw_Harmony\build-profile.json5 cache from map.
[2026-09-14T12:48:05.321] [DEBUG] debug-file - Update task ai_api_manager:default@MergeProfile input file:C:\Projects\ElecDraw_Harmony\features\ai_api_manager\src\main\module.json5 cache by regenerate.
[2026-09-14T12:48:05.321] [DEBUG] debug-file - Update task ai_api_manager:default@MergeProfile input file:C:\Projects\ElecDraw_Harmony\common\build\default\intermediates\merge_profile\default\module.json cache by regenerate.
[2026-09-14T12:48:05.321] [DEBUG] debug-file - Update task ai_api_manager:default@MergeProfile output file:C:\Projects\ElecDraw_Harmony\features\ai_api_manager\build\default\intermediates\merge_profile\default\module.json cache.
[2026-09-14T12:48:05.321] [DEBUG] debug-file - Incremental task ai_api_manager:default@MergeProfile post-execution cost:1 ms .
[2026-09-14T12:48:05.322] [DEBUG] debug-file - Update task file_persistence:default@MergeProfile input file:C:\Projects\ElecDraw_Harmony\AppScope\app.json5 cache by regenerate.
[2026-09-14T12:48:05.322] [DEBUG] debug-file - Update task file_persistence:default@MergeProfile input file:C:\Projects\ElecDraw_Harmony\build-profile.json5 cache from map.
[2026-09-14T12:48:05.323] [DEBUG] debug-file - Update task file_persistence:default@MergeProfile input file:C:\Projects\ElecDraw_Harmony\features\file_persistence\src\main\module.json5 cache by regenerate.
[2026-09-14T12:48:05.324] [DEBUG] debug-file - Update task file_persistence:default@MergeProfile input file:C:\Projects\ElecDraw_Harmony\common\build\default\intermediates\merge_profile\default\module.json cache by regenerate.
[2026-09-14T12:48:05.324] [DEBUG] debug-file - Update task file_persistence:default@MergeProfile output file:C:\Projects\ElecDraw_Harmony\features\file_persistence\build\default\intermediates\merge_profile\default\module.json cache.
[2026-09-14T12:48:05.324] [DEBUG] debug-file - Incremental task file_persistence:default@MergeProfile post-execution cost:3 ms .
[2026-09-14T12:48:05.324] [DEBUG] debug-file - Update task instruments:default@MergeProfile input file:C:\Projects\ElecDraw_Harmony\AppScope\app.json5 cache by regenerate.
[2026-09-14T12:48:05.324] [DEBUG] debug-file - Update task instruments:default@MergeProfile input file:C:\Projects\ElecDraw_Harmony\build-profile.json5 cache from map.
[2026-09-14T12:48:05.324] [DEBUG] debug-file - Update task instruments:default@MergeProfile input file:C:\Projects\ElecDraw_Harmony\features\instruments\src\main\module.json5 cache by regenerate.
[2026-09-14T12:48:05.324] [DEBUG] debug-file - Update task instruments:default@MergeProfile input file:C:\Projects\ElecDraw_Harmony\common\build\default\intermediates\merge_profile\default\module.json cache by regenerate.
[2026-09-14T12:48:05.325] [DEBUG] debug-file - Update task instruments:default@MergeProfile output file:C:\Projects\ElecDraw_Harmony\features\instruments\build\default\intermediates\merge_profile\default\module.json cache.
[2026-09-14T12:48:05.325] [DEBUG] debug-file - Incremental task instruments:default@MergeProfile post-execution cost:1 ms .
[2026-09-14T12:48:05.325] [DEBUG] debug-file - Update task plugin_system:default@MergeProfile input file:C:\Projects\ElecDraw_Harmony\AppScope\app.json5 cache by regenerate.
[2026-09-14T12:48:05.325] [DEBUG] debug-file - Update task plugin_system:default@MergeProfile input file:C:\Projects\ElecDraw_Harmony\build-profile.json5 cache from map.
[2026-09-14T12:48:05.325] [DEBUG] debug-file - Update task plugin_system:default@MergeProfile input file:C:\Projects\ElecDraw_Harmony\features\plugin_system\src\main\module.json5 cache by regenerate.
[2026-09-14T12:48:05.325] [DEBUG] debug-file - Update task plugin_system:default@MergeProfile input file:C:\Projects\ElecDraw_Harmony\common\build\default\intermediates\merge_profile\default\module.json cache by regenerate.
[2026-09-14T12:48:05.325] [DEBUG] debug-file - Update task plugin_system:default@MergeProfile output file:C:\Projects\ElecDraw_Harmony\features\plugin_system\build\default\intermediates\merge_profile\default\module.json cache.
[2026-09-14T12:48:05.326] [DEBUG] debug-file - Incremental task plugin_system:default@MergeProfile post-execution cost:1 ms .
[2026-09-14T12:48:05.326] [DEBUG] debug-file - Update task pcb_editor:default@MergeProfile input file:C:\Projects\ElecDraw_Harmony\AppScope\app.json5 cache by regenerate.
[2026-09-14T12:48:05.326] [DEBUG] debug-file - Update task pcb_editor:default@MergeProfile input file:C:\Projects\ElecDraw_Harmony\build-profile.json5 cache from map.
[2026-09-14T12:48:05.326] [DEBUG] debug-file - Update task pcb_editor:default@MergeProfile input file:C:\Projects\ElecDraw_Harmony\features\pcb_editor\src\main\module.json5 cache by regenerate.
[2026-09-14T12:48:05.326] [DEBUG] debug-file - Update task pcb_editor:default@MergeProfile input file:C:\Projects\ElecDraw_Harmony\common\build\default\intermediates\merge_profile\default\module.json cache by regenerate.
[2026-09-14T12:48:05.326] [DEBUG] debug-file - Update task pcb_editor:default@MergeProfile output file:C:\Projects\ElecDraw_Harmony\features\pcb_editor\build\default\intermediates\merge_profile\default\module.json cache.
[2026-09-14T12:48:05.326] [DEBUG] debug-file - Incremental task pcb_editor:default@MergeProfile post-execution cost:1 ms .
[2026-09-14T12:48:05.327] [DEBUG] debug-file - There is no need to refresh cache, since the incremental task entry:default@GenerateLoaderJson is up-to-date.
[2026-09-14T12:48:05.327] [DEBUG] debug-file - Update task ai_engine:default@CreateHarBuildProfile input file:C:\Projects\ElecDraw_Harmony\AppScope\app.json5 cache by regenerate.
[2026-09-14T12:48:05.327] [DEBUG] debug-file - Update task ai_engine:default@CreateHarBuildProfile input file:C:\Projects\ElecDraw_Harmony\build-profile.json5 cache from map.
[2026-09-14T12:48:05.327] [DEBUG] debug-file - Update task ai_engine:default@CreateHarBuildProfile output file:C:\Projects\ElecDraw_Harmony\features\ai_engine\BuildProfile.ets cache.
[2026-09-14T12:48:05.327] [DEBUG] debug-file - Incremental task ai_engine:default@CreateHarBuildProfile post-execution cost:1 ms .
[2026-09-14T12:48:05.327] [DEBUG] debug-file - Update task agent_bridge:default@CreateHarBuildProfile input file:C:\Projects\ElecDraw_Harmony\AppScope\app.json5 cache by regenerate.
[2026-09-14T12:48:05.327] [DEBUG] debug-file - Update task agent_bridge:default@CreateHarBuildProfile input file:C:\Projects\ElecDraw_Harmony\build-profile.json5 cache from map.
[2026-09-14T12:48:05.327] [DEBUG] debug-file - Update task agent_bridge:default@CreateHarBuildProfile output file:C:\Projects\ElecDraw_Harmony\features\agent_bridge\BuildProfile.ets cache.
[2026-09-14T12:48:05.328] [DEBUG] debug-file - Incremental task agent_bridge:default@CreateHarBuildProfile post-execution cost:1 ms .
[2026-09-14T12:48:05.328] [DEBUG] debug-file - Update task ai_engine:default@MergeProfile input file:C:\Projects\ElecDraw_Harmony\AppScope\app.json5 cache by regenerate.
[2026-09-14T12:48:05.328] [DEBUG] debug-file - Update task ai_engine:default@MergeProfile input file:C:\Projects\ElecDraw_Harmony\build-profile.json5 cache from map.
[2026-09-14T12:48:05.328] [DEBUG] debug-file - Update task ai_engine:default@MergeProfile input file:C:\Projects\ElecDraw_Harmony\features\ai_engine\src\main\module.json5 cache by regenerate.
[2026-09-14T12:48:05.328] [DEBUG] debug-file - Update task ai_engine:default@MergeProfile input file:C:\Projects\ElecDraw_Harmony\common\build\default\intermediates\merge_profile\default\module.json cache by regenerate.
[2026-09-14T12:48:05.329] [DEBUG] debug-file - Update task ai_engine:default@MergeProfile input file:C:\Projects\ElecDraw_Harmony\features\ai_api_manager\build\default\intermediates\merge_profile\default\module.json cache by regenerate.
[2026-09-14T12:48:05.329] [DEBUG] debug-file - Update task ai_engine:default@MergeProfile input file:C:\Projects\ElecDraw_Harmony\features\component_library\build\default\intermediates\merge_profile\default\module.json cache by regenerate.
[2026-09-14T12:48:05.329] [DEBUG] debug-file - Update task ai_engine:default@MergeProfile output file:C:\Projects\ElecDraw_Harmony\features\ai_engine\build\default\intermediates\merge_profile\default\module.json cache.
[2026-09-14T12:48:05.329] [DEBUG] debug-file - Incremental task ai_engine:default@MergeProfile post-execution cost:2 ms .
[2026-09-14T12:48:05.329] [DEBUG] debug-file - Update task agent_bridge:default@MergeProfile input file:C:\Projects\ElecDraw_Harmony\AppScope\app.json5 cache by regenerate.
[2026-09-14T12:48:05.329] [DEBUG] debug-file - Update task agent_bridge:default@MergeProfile input file:C:\Projects\ElecDraw_Harmony\build-profile.json5 cache from map.
[2026-09-14T12:48:05.330] [DEBUG] debug-file - Update task agent_bridge:default@MergeProfile input file:C:\Projects\ElecDraw_Harmony\features\agent_bridge\src\main\module.json5 cache by regenerate.
[2026-09-14T12:48:05.330] [DEBUG] debug-file - Update task agent_bridge:default@MergeProfile input file:C:\Projects\ElecDraw_Harmony\common\build\default\intermediates\merge_profile\default\module.json cache by regenerate.
[2026-09-14T12:48:05.330] [DEBUG] debug-file - Update task agent_bridge:default@MergeProfile input file:C:\Projects\ElecDraw_Harmony\features\schematic_editor\build\default\intermediates\merge_profile\default\module.json cache by regenerate.
[2026-09-14T12:48:05.330] [DEBUG] debug-file - Update task agent_bridge:default@MergeProfile input file:C:\Projects\ElecDraw_Harmony\features\component_library\build\default\intermediates\merge_profile\default\module.json cache by regenerate.
[2026-09-14T12:48:05.330] [DEBUG] debug-file - Update task agent_bridge:default@MergeProfile input file:C:\Projects\ElecDraw_Harmony\features\pcb_editor\build\default\intermediates\merge_profile\default\module.json cache by regenerate.
[2026-09-14T12:48:05.330] [DEBUG] debug-file - Update task agent_bridge:default@MergeProfile output file:C:\Projects\ElecDraw_Harmony\features\agent_bridge\build\default\intermediates\merge_profile\default\module.json cache.
[2026-09-14T12:48:05.330] [DEBUG] debug-file - Incremental task agent_bridge:default@MergeProfile post-execution cost:2 ms .
[2026-09-14T12:48:05.331] [DEBUG] debug-file - Update task entry:default@CreateBuildProfile input file:C:\Projects\ElecDraw_Harmony\AppScope\app.json5 cache by regenerate.
[2026-09-14T12:48:05.331] [DEBUG] debug-file - Update task entry:default@CreateBuildProfile input file:C:\Projects\ElecDraw_Harmony\build-profile.json5 cache from map.
[2026-09-14T12:48:05.331] [DEBUG] debug-file - Update task entry:default@CreateBuildProfile output file:C:\Projects\ElecDraw_Harmony\entry\build\default\generated\profile\default\BuildProfile.ets cache.
[2026-09-14T12:48:05.332] [DEBUG] debug-file - Incremental task entry:default@CreateBuildProfile post-execution cost:2 ms .
[2026-09-14T12:48:05.333] [DEBUG] debug-file - Update task common:default@ProcessLibs input file:C:\Projects\ElecDraw_Harmony\build-profile.json5 cache from map.
[2026-09-14T12:48:05.333] [DEBUG] debug-file - Update task common:default@ProcessLibs input file:C:\Projects\ElecDraw_Harmony\common\build-profile.json5 cache by regenerate.
[2026-09-14T12:48:05.333] [DEBUG] debug-file - Update task common:default@ProcessLibs output file:C:\Projects\ElecDraw_Harmony\common\build\default\intermediates\libs\default cache.
[2026-09-14T12:48:05.333] [DEBUG] debug-file - Incremental task common:default@ProcessLibs post-execution cost:1 ms .
[2026-09-14T12:48:05.334] [DEBUG] debug-file - Update task entry:default@MergeProfile input file:C:\Projects\ElecDraw_Harmony\AppScope\app.json5 cache by regenerate.
[2026-09-14T12:48:05.335] [DEBUG] debug-file - Update task entry:default@MergeProfile input file:C:\Projects\ElecDraw_Harmony\build-profile.json5 cache from map.
[2026-09-14T12:48:05.335] [DEBUG] debug-file - Update task entry:default@MergeProfile input file:C:\Projects\ElecDraw_Harmony\entry\src\main\module.json5 cache by regenerate.
[2026-09-14T12:48:05.335] [DEBUG] debug-file - Update task entry:default@MergeProfile input file:C:\Projects\ElecDraw_Harmony\common\build\default\intermediates\merge_profile\default\module.json cache by regenerate.
[2026-09-14T12:48:05.335] [DEBUG] debug-file - Update task entry:default@MergeProfile input file:C:\Projects\ElecDraw_Harmony\features\schematic_editor\build\default\intermediates\merge_profile\default\module.json cache by regenerate.
[2026-09-14T12:48:05.335] [DEBUG] debug-file - Update task entry:default@MergeProfile input file:C:\Projects\ElecDraw_Harmony\features\component_library\build\default\intermediates\merge_profile\default\module.json cache by regenerate.
[2026-09-14T12:48:05.335] [DEBUG] debug-file - Update task entry:default@MergeProfile input file:C:\Projects\ElecDraw_Harmony\features\simulation_kernel\build\default\intermediates\merge_profile\default\module.json cache by regenerate.
[2026-09-14T12:48:05.336] [DEBUG] debug-file - Update task entry:default@MergeProfile input file:C:\Projects\ElecDraw_Harmony\features\hex_debugger\build\default\intermediates\merge_profile\default\module.json cache by regenerate.
[2026-09-14T12:48:05.336] [DEBUG] debug-file - Update task entry:default@MergeProfile input file:C:\Projects\ElecDraw_Harmony\features\ai_api_manager\build\default\intermediates\merge_profile\default\module.json cache by regenerate.
[2026-09-14T12:48:05.336] [DEBUG] debug-file - Update task entry:default@MergeProfile input file:C:\Projects\ElecDraw_Harmony\features\ai_engine\build\default\intermediates\merge_profile\default\module.json cache by regenerate.
[2026-09-14T12:48:05.336] [DEBUG] debug-file - Update task entry:default@MergeProfile input file:C:\Projects\ElecDraw_Harmony\features\file_persistence\build\default\intermediates\merge_profile\default\module.json cache by regenerate.
[2026-09-14T12:48:05.336] [DEBUG] debug-file - Update task entry:default@MergeProfile input file:C:\Projects\ElecDraw_Harmony\features\instruments\build\default\intermediates\merge_profile\default\module.json cache by regenerate.
[2026-09-14T12:48:05.336] [DEBUG] debug-file - Update task entry:default@MergeProfile input file:C:\Projects\ElecDraw_Harmony\features\plugin_system\build\default\intermediates\merge_profile\default\module.json cache by regenerate.
[2026-09-14T12:48:05.337] [DEBUG] debug-file - Update task entry:default@MergeProfile input file:C:\Projects\ElecDraw_Harmony\features\pcb_editor\build\default\intermediates\merge_profile\default\module.json cache by regenerate.
[2026-09-14T12:48:05.337] [DEBUG] debug-file - Update task entry:default@MergeProfile input file:C:\Projects\ElecDraw_Harmony\features\agent_bridge\build\default\intermediates\merge_profile\default\module.json cache by regenerate.
[2026-09-14T12:48:05.337] [DEBUG] debug-file - Update task entry:default@MergeProfile output file:C:\Projects\ElecDraw_Harmony\entry\build\default\intermediates\merge_profile\default\module.json cache.
[2026-09-14T12:48:05.337] [DEBUG] debug-file - Incremental task entry:default@MergeProfile post-execution cost:5 ms .
[2026-09-14T12:48:05.337] [DEBUG] debug-file - There is no need to refresh cache, since the incremental task common:default@DoNativeStrip is up-to-date.
[2026-09-14T12:48:05.338] [DEBUG] debug-file - Update task entry:default@MakePackInfo input file:C:\Projects\ElecDraw_Harmony\AppScope\app.json5 cache by regenerate.
[2026-09-14T12:48:05.338] [DEBUG] debug-file - Update task entry:default@MakePackInfo input file:C:\Projects\ElecDraw_Harmony\entry\src\main\module.json5 cache by regenerate.
[2026-09-14T12:48:05.338] [DEBUG] debug-file - Update task entry:default@MakePackInfo input file:C:\Projects\ElecDraw_Harmony\build-profile.json5 cache from map.
[2026-09-14T12:48:05.338] [DEBUG] debug-file - Update task entry:default@MakePackInfo output file:C:\Projects\ElecDraw_Harmony\entry\build\default\outputs\default\pack.info cache.
[2026-09-14T12:48:05.339] [DEBUG] debug-file - Incremental task entry:default@MakePackInfo post-execution cost:2 ms .
[2026-09-14T12:48:05.339] [DEBUG] debug-file - Update task entry:default@ProcessProfile input file:C:\Projects\ElecDraw_Harmony\entry\build\default\intermediates\merge_profile\default\module.json cache from map.
[2026-09-14T12:48:05.339] [DEBUG] debug-file - Update task entry:default@ProcessProfile output file:C:\Projects\ElecDraw_Harmony\entry\build\default\intermediates\process_profile\default\module.json cache.
[2026-09-14T12:48:05.340] [DEBUG] debug-file - Incremental task entry:default@ProcessProfile post-execution cost:1 ms .
[2026-09-14T12:48:05.340] [DEBUG] debug-file - There is no need to refresh cache, since the incremental task entry:default@ProcessResource is up-to-date.
[2026-09-14T12:48:05.340] [DEBUG] debug-file - Update task schematic_editor:default@ProcessLibs input file:C:\Projects\ElecDraw_Harmony\build-profile.json5 cache from map.
[2026-09-14T12:48:05.340] [DEBUG] debug-file - Update task schematic_editor:default@ProcessLibs input file:C:\Projects\ElecDraw_Harmony\features\schematic_editor\build-profile.json5 cache by regenerate.
[2026-09-14T12:48:05.340] [DEBUG] debug-file - Update task schematic_editor:default@ProcessLibs output file:C:\Projects\ElecDraw_Harmony\features\schematic_editor\build\default\intermediates\libs\default cache.
[2026-09-14T12:48:05.341] [DEBUG] debug-file - Incremental task schematic_editor:default@ProcessLibs post-execution cost:1 ms .
[2026-09-14T12:48:05.341] [DEBUG] debug-file - Update task component_library:default@ProcessLibs input file:C:\Projects\ElecDraw_Harmony\build-profile.json5 cache from map.
[2026-09-14T12:48:05.341] [DEBUG] debug-file - Update task component_library:default@ProcessLibs input file:C:\Projects\ElecDraw_Harmony\features\component_library\build-profile.json5 cache by regenerate.
[2026-09-14T12:48:05.341] [DEBUG] debug-file - Update task component_library:default@ProcessLibs output file:C:\Projects\ElecDraw_Harmony\features\component_library\build\default\intermediates\libs\default cache.
[2026-09-14T12:48:05.341] [DEBUG] debug-file - Incremental task component_library:default@ProcessLibs post-execution cost:1 ms .
[2026-09-14T12:48:05.342] [DEBUG] debug-file - Update task simulation_kernel:default@ProcessLibs input file:C:\Projects\ElecDraw_Harmony\build-profile.json5 cache from map.
[2026-09-14T12:48:05.342] [DEBUG] debug-file - Update task simulation_kernel:default@ProcessLibs input file:C:\Projects\ElecDraw_Harmony\features\simulation_kernel\build-profile.json5 cache by regenerate.
[2026-09-14T12:48:05.342] [DEBUG] debug-file - Update task simulation_kernel:default@ProcessLibs output file:C:\Projects\ElecDraw_Harmony\features\simulation_kernel\build\default\intermediates\libs\default cache.
[2026-09-14T12:48:05.342] [DEBUG] debug-file - Incremental task simulation_kernel:default@ProcessLibs post-execution cost:1 ms .
[2026-09-14T12:48:05.342] [DEBUG] debug-file - Update task hex_debugger:default@ProcessLibs input file:C:\Projects\ElecDraw_Harmony\build-profile.json5 cache from map.
[2026-09-14T12:48:05.342] [DEBUG] debug-file - Update task hex_debugger:default@ProcessLibs input file:C:\Projects\ElecDraw_Harmony\features\hex_debugger\build-profile.json5 cache by regenerate.
[2026-09-14T12:48:05.342] [DEBUG] debug-file - Update task hex_debugger:default@ProcessLibs output file:C:\Projects\ElecDraw_Harmony\features\hex_debugger\build\default\intermediates\libs\default cache.
[2026-09-14T12:48:05.343] [DEBUG] debug-file - Incremental task hex_debugger:default@ProcessLibs post-execution cost:2 ms .
[2026-09-14T12:48:05.343] [DEBUG] debug-file - Update task ai_api_manager:default@ProcessLibs input file:C:\Projects\ElecDraw_Harmony\build-profile.json5 cache from map.
[2026-09-14T12:48:05.343] [DEBUG] debug-file - Update task ai_api_manager:default@ProcessLibs input file:C:\Projects\ElecDraw_Harmony\features\ai_api_manager\build-profile.json5 cache by regenerate.
[2026-09-14T12:48:05.344] [DEBUG] debug-file - Update task ai_api_manager:default@ProcessLibs output file:C:\Projects\ElecDraw_Harmony\features\ai_api_manager\build\default\intermediates\libs\default cache.
[2026-09-14T12:48:05.344] [DEBUG] debug-file - Incremental task ai_api_manager:default@ProcessLibs post-execution cost:1 ms .
[2026-09-14T12:48:05.344] [DEBUG] debug-file - Update task file_persistence:default@ProcessLibs input file:C:\Projects\ElecDraw_Harmony\build-profile.json5 cache from map.
[2026-09-14T12:48:05.344] [DEBUG] debug-file - Update task file_persistence:default@ProcessLibs input file:C:\Projects\ElecDraw_Harmony\features\file_persistence\build-profile.json5 cache by regenerate.
[2026-09-14T12:48:05.345] [DEBUG] debug-file - Update task file_persistence:default@ProcessLibs output file:C:\Projects\ElecDraw_Harmony\features\file_persistence\build\default\intermediates\libs\default cache.
[2026-09-14T12:48:05.345] [DEBUG] debug-file - Incremental task file_persistence:default@ProcessLibs post-execution cost:2 ms .
[2026-09-14T12:48:05.346] [DEBUG] debug-file - Update task instruments:default@ProcessLibs input file:C:\Projects\ElecDraw_Harmony\build-profile.json5 cache from map.
[2026-09-14T12:48:05.346] [DEBUG] debug-file - Update task instruments:default@ProcessLibs input file:C:\Projects\ElecDraw_Harmony\features\instruments\build-profile.json5 cache by regenerate.
[2026-09-14T12:48:05.346] [DEBUG] debug-file - Update task instruments:default@ProcessLibs output file:C:\Projects\ElecDraw_Harmony\features\instruments\build\default\intermediates\libs\default cache.
[2026-09-14T12:48:05.346] [DEBUG] debug-file - Incremental task instruments:default@ProcessLibs post-execution cost:1 ms .
[2026-09-14T12:48:05.347] [DEBUG] debug-file - Update task plugin_system:default@ProcessLibs input file:C:\Projects\ElecDraw_Harmony\build-profile.json5 cache from map.
[2026-09-14T12:48:05.347] [DEBUG] debug-file - Update task plugin_system:default@ProcessLibs input file:C:\Projects\ElecDraw_Harmony\features\plugin_system\build-profile.json5 cache by regenerate.
[2026-09-14T12:48:05.347] [DEBUG] debug-file - Update task plugin_system:default@ProcessLibs output file:C:\Projects\ElecDraw_Harmony\features\plugin_system\build\default\intermediates\libs\default cache.
[2026-09-14T12:48:05.347] [DEBUG] debug-file - Incremental task plugin_system:default@ProcessLibs post-execution cost:1 ms .
[2026-09-14T12:48:05.348] [DEBUG] debug-file - Update task pcb_editor:default@ProcessLibs input file:C:\Projects\ElecDraw_Harmony\build-profile.json5 cache from map.
[2026-09-14T12:48:05.348] [DEBUG] debug-file - Update task pcb_editor:default@ProcessLibs input file:C:\Projects\ElecDraw_Harmony\features\pcb_editor\build-profile.json5 cache by regenerate.
[2026-09-14T12:48:05.348] [DEBUG] debug-file - Update task pcb_editor:default@ProcessLibs output file:C:\Projects\ElecDraw_Harmony\features\pcb_editor\build\default\intermediates\libs\default cache.
[2026-09-14T12:48:05.348] [DEBUG] debug-file - Incremental task pcb_editor:default@ProcessLibs post-execution cost:1 ms .
[2026-09-14T12:48:05.352] [DEBUG] debug-file - Update task entry:default@CompileResource input file:C:\Projects\ElecDraw_Harmony\entry\src\main\resources cache by regenerate.
[2026-09-14T12:48:05.401] [DEBUG] debug-file - Update task entry:default@CompileResource input file:C:\Projects\ElecDraw_Harmony\AppScope\resources cache by regenerate.
[2026-09-14T12:48:05.404] [DEBUG] debug-file - Update task entry:default@CompileResource input file:C:\Projects\ElecDraw_Harmony\entry\build\default\intermediates\process_profile\default\module.json cache from map.
[2026-09-14T12:48:05.404] [DEBUG] debug-file - Update task entry:default@CompileResource input file:C:\Projects\ElecDraw_Harmony\entry\build\default\intermediates\res\default\resConfig.json cache by regenerate.
[2026-09-14T12:48:05.404] [DEBUG] debug-file - Update task entry:default@CompileResource output file:C:\Projects\ElecDraw_Harmony\entry\build\default\intermediates\res\default cache.
[2026-09-14T12:48:05.452] [DEBUG] debug-file - Update task entry:default@CompileResource output file:C:\Projects\ElecDraw_Harmony\entry\build\default\generated\r\default\ResourceTable.h cache.
[2026-09-14T12:48:05.453] [DEBUG] debug-file - Update task entry:default@CompileResource output file:C:\Projects\ElecDraw_Harmony\entry\build\default\generated\r\default\ResourceTable.ts cache.
[2026-09-14T12:48:05.453] [DEBUG] debug-file - Update task entry:default@CompileResource output file:C:\Projects\ElecDraw_Harmony\entry\build\default\generated\r\default cache.
[2026-09-14T12:48:05.454] [DEBUG] debug-file - Incremental task entry:default@CompileResource post-execution cost:106 ms .
[2026-09-14T12:48:05.454] [DEBUG] debug-file - There is no need to refresh cache, since the incremental task schematic_editor:default@DoNativeStrip is up-to-date.
[2026-09-14T12:48:05.454] [DEBUG] debug-file - There is no need to refresh cache, since the incremental task component_library:default@DoNativeStrip is up-to-date.
[2026-09-14T12:48:05.454] [DEBUG] debug-file - There is no need to refresh cache, since the incremental task simulation_kernel:default@DoNativeStrip is up-to-date.
[2026-09-14T12:48:05.455] [DEBUG] debug-file - There is no need to refresh cache, since the incremental task hex_debugger:default@DoNativeStrip is up-to-date.
[2026-09-14T12:48:05.455] [DEBUG] debug-file - There is no need to refresh cache, since the incremental task ai_api_manager:default@DoNativeStrip is up-to-date.
[2026-09-14T12:48:05.455] [DEBUG] debug-file - There is no need to refresh cache, since the incremental task file_persistence:default@DoNativeStrip is up-to-date.
[2026-09-14T12:48:05.455] [DEBUG] debug-file - There is no need to refresh cache, since the incremental task instruments:default@DoNativeStrip is up-to-date.
[2026-09-14T12:48:05.455] [DEBUG] debug-file - There is no need to refresh cache, since the incremental task plugin_system:default@DoNativeStrip is up-to-date.
[2026-09-14T12:48:05.455] [DEBUG] debug-file - There is no need to refresh cache, since the incremental task pcb_editor:default@DoNativeStrip is up-to-date.
[2026-09-14T12:48:05.461] [DEBUG] debug-file - Update task entry:default@CompileArkTS input file:C:\Projects\ElecDraw_Harmony\entry\build\default\intermediates\loader\default cache by regenerate.
[2026-09-14T12:48:05.463] [DEBUG] debug-file - Update task entry:default@CompileArkTS input file:C:\Projects\ElecDraw_Harmony\common\Index.ets cache from map.
[2026-09-14T12:48:05.464] [DEBUG] debug-file - Update task entry:default@CompileArkTS input file:C:\Projects\ElecDraw_Harmony\features\schematic_editor\Index.ets cache by regenerate.
[2026-09-14T12:48:05.464] [DEBUG] debug-file - Update task entry:default@CompileArkTS input file:C:\Projects\ElecDraw_Harmony\features\component_library\Index.ets cache by regenerate.
[2026-09-14T12:48:05.464] [DEBUG] debug-file - Update task entry:default@CompileArkTS input file:C:\Projects\ElecDraw_Harmony\features\simulation_kernel\Index.ets cache by regenerate.
[2026-09-14T12:48:05.464] [DEBUG] debug-file - Update task entry:default@CompileArkTS input file:C:\Projects\ElecDraw_Harmony\features\hex_debugger\Index.ets cache by regenerate.
[2026-09-14T12:48:05.465] [DEBUG] debug-file - Update task entry:default@CompileArkTS input file:C:\Projects\ElecDraw_Harmony\features\ai_api_manager\Index.ets cache by regenerate.
[2026-09-14T12:48:05.465] [DEBUG] debug-file - Update task entry:default@CompileArkTS input file:C:\Projects\ElecDraw_Harmony\features\ai_engine\Index.ets cache by regenerate.
[2026-09-14T12:48:05.465] [DEBUG] debug-file - Update task entry:default@CompileArkTS input file:C:\Projects\ElecDraw_Harmony\features\file_persistence\Index.ets cache by regenerate.
[2026-09-14T12:48:05.465] [DEBUG] debug-file - Update task entry:default@CompileArkTS input file:C:\Projects\ElecDraw_Harmony\features\instruments\Index.ets cache by regenerate.
[2026-09-14T12:48:05.466] [DEBUG] debug-file - Update task entry:default@CompileArkTS input file:C:\Projects\ElecDraw_Harmony\features\plugin_system\Index.ets cache by regenerate.
[2026-09-14T12:48:05.466] [DEBUG] debug-file - Update task entry:default@CompileArkTS input file:C:\Projects\ElecDraw_Harmony\features\pcb_editor\Index.ets cache by regenerate.
[2026-09-14T12:48:05.466] [DEBUG] debug-file - Update task entry:default@CompileArkTS input file:C:\Projects\ElecDraw_Harmony\features\agent_bridge\Index.ets cache by regenerate.
[2026-09-14T12:48:05.466] [DEBUG] debug-file - Update task entry:default@CompileArkTS input file:C:\Projects\ElecDraw_Harmony\common\src\main\ets cache by regenerate.
[2026-09-14T12:48:05.482] [DEBUG] debug-file - Update task entry:default@CompileArkTS input file:C:\Projects\ElecDraw_Harmony\features\schematic_editor\src\main\ets cache by regenerate.
[2026-09-14T12:48:05.484] [DEBUG] debug-file - Update task entry:default@CompileArkTS input file:C:\Projects\ElecDraw_Harmony\features\component_library\src\main\ets cache by regenerate.
[2026-09-14T12:48:05.487] [DEBUG] debug-file - Update task entry:default@CompileArkTS input file:C:\Projects\ElecDraw_Harmony\features\simulation_kernel\src\main\ets cache by regenerate.
[2026-09-14T12:48:05.490] [DEBUG] debug-file - Update task entry:default@CompileArkTS input file:C:\Projects\ElecDraw_Harmony\features\hex_debugger\src\main\ets cache by regenerate.
[2026-09-14T12:48:05.491] [DEBUG] debug-file - Update task entry:default@CompileArkTS input file:C:\Projects\ElecDraw_Harmony\features\ai_api_manager\src\main\ets cache by regenerate.
[2026-09-14T12:48:05.493] [DEBUG] debug-file - Update task entry:default@CompileArkTS input file:C:\Projects\ElecDraw_Harmony\features\ai_engine\src\main\ets cache by regenerate.
[2026-09-14T12:48:05.502] [DEBUG] debug-file - Update task entry:default@CompileArkTS input file:C:\Projects\ElecDraw_Harmony\features\file_persistence\src\main\ets cache by regenerate.
[2026-09-14T12:48:05.505] [DEBUG] debug-file - Update task entry:default@CompileArkTS input file:C:\Projects\ElecDraw_Harmony\features\instruments\src\main\ets cache by regenerate.
[2026-09-14T12:48:05.507] [DEBUG] debug-file - Update task entry:default@CompileArkTS input file:C:\Projects\ElecDraw_Harmony\features\plugin_system\src\main\ets cache by regenerate.
[2026-09-14T12:48:05.509] [DEBUG] debug-file - Update task entry:default@CompileArkTS input file:C:\Projects\ElecDraw_Harmony\features\pcb_editor\src\main\ets cache by regenerate.
[2026-09-14T12:48:05.509] [DEBUG] debug-file - Update task entry:default@CompileArkTS input file:C:\Projects\ElecDraw_Harmony\features\agent_bridge\src\main\ets cache by regenerate.
[2026-09-14T12:48:05.510] [DEBUG] debug-file - Update task entry:default@CompileArkTS input file:C:\Projects\ElecDraw_Harmony\entry\build\default\intermediates\res\default\resources\rawfile cache by regenerate.
[2026-09-14T12:48:05.556] [DEBUG] debug-file - Update task entry:default@CompileArkTS input file:C:\Projects\ElecDraw_Harmony\entry\build\default\intermediates\res\default\ResourceTable.txt cache by regenerate.
[2026-09-14T12:48:05.557] [DEBUG] debug-file - Update task entry:default@CompileArkTS input file:C:\Projects\ElecDraw_Harmony\entry\build\default\intermediates\res\default\ark_module.json cache by regenerate.
[2026-09-14T12:48:05.557] [DEBUG] debug-file - Update task entry:default@CompileArkTS input file:C:\Projects\ElecDraw_Harmony\entry\build\default\intermediates\res\default\resources\base\profile cache by regenerate.
[2026-09-14T12:48:05.557] [DEBUG] debug-file - Update task entry:default@CompileArkTS input file:C:\Projects\ElecDraw_Harmony\entry\src\main\ets cache by regenerate.
[2026-09-14T12:48:05.567] [DEBUG] debug-file - Update task entry:default@CompileArkTS input file:C:\Projects\ElecDraw_Harmony\entry\build\default\generated\profile\default\BuildProfile.ets cache by regenerate.
[2026-09-14T12:48:05.568] [DEBUG] debug-file - Update task entry:default@CompileArkTS input file:C:\Projects\ElecDraw_Harmony\common\BuildProfile.ets cache by regenerate.
[2026-09-14T12:48:05.568] [DEBUG] debug-file - Update task entry:default@CompileArkTS input file:C:\Projects\ElecDraw_Harmony\features\schematic_editor\BuildProfile.ets cache by regenerate.
[2026-09-14T12:48:05.568] [DEBUG] debug-file - Update task entry:default@CompileArkTS input file:C:\Projects\ElecDraw_Harmony\features\component_library\BuildProfile.ets cache by regenerate.
[2026-09-14T12:48:05.568] [DEBUG] debug-file - Update task entry:default@CompileArkTS input file:C:\Projects\ElecDraw_Harmony\features\simulation_kernel\BuildProfile.ets cache by regenerate.
[2026-09-14T12:48:05.569] [DEBUG] debug-file - Update task entry:default@CompileArkTS input file:C:\Projects\ElecDraw_Harmony\features\hex_debugger\BuildProfile.ets cache by regenerate.
[2026-09-14T12:48:05.569] [DEBUG] debug-file - Update task entry:default@CompileArkTS input file:C:\Projects\ElecDraw_Harmony\features\ai_api_manager\BuildProfile.ets cache by regenerate.
[2026-09-14T12:48:05.569] [DEBUG] debug-file - Update task entry:default@CompileArkTS input file:C:\Projects\ElecDraw_Harmony\features\ai_engine\BuildProfile.ets cache by regenerate.
[2026-09-14T12:48:05.569] [DEBUG] debug-file - Update task entry:default@CompileArkTS input file:C:\Projects\ElecDraw_Harmony\features\file_persistence\BuildProfile.ets cache by regenerate.
[2026-09-14T12:48:05.569] [DEBUG] debug-file - Update task entry:default@CompileArkTS input file:C:\Projects\ElecDraw_Harmony\features\instruments\BuildProfile.ets cache by regenerate.
[2026-09-14T12:48:05.570] [DEBUG] debug-file - Update task entry:default@CompileArkTS input file:C:\Projects\ElecDraw_Harmony\features\plugin_system\BuildProfile.ets cache by regenerate.
[2026-09-14T12:48:05.571] [DEBUG] debug-file - Update task entry:default@CompileArkTS input file:C:\Projects\ElecDraw_Harmony\features\pcb_editor\BuildProfile.ets cache by regenerate.
[2026-09-14T12:48:05.571] [DEBUG] debug-file - Update task entry:default@CompileArkTS input file:C:\Projects\ElecDraw_Harmony\features\agent_bridge\BuildProfile.ets cache by regenerate.
[2026-09-14T12:48:05.572] [DEBUG] debug-file - Update task entry:default@CompileArkTS output file:C:\Projects\ElecDraw_Harmony\entry\build\default\intermediates\loader_out\default\ets cache.
[2026-09-14T12:48:05.572] [DEBUG] debug-file - Incremental task entry:default@CompileArkTS post-execution cost:117 ms .
[2026-09-14T12:48:05.574] [DEBUG] debug-file - Update task entry:default@BuildJS input file:C:\Projects\ElecDraw_Harmony\entry\build\default\intermediates\loader\default cache by regenerate.
[2026-09-14T12:48:05.575] [DEBUG] debug-file - Update task entry:default@BuildJS input file:C:\Projects\ElecDraw_Harmony\common\Index.ets cache by regenerate.
[2026-09-14T12:48:05.575] [DEBUG] debug-file - Update task entry:default@BuildJS input file:C:\Projects\ElecDraw_Harmony\features\schematic_editor\Index.ets cache by regenerate.
[2026-09-14T12:48:05.575] [DEBUG] debug-file - Update task entry:default@BuildJS input file:C:\Projects\ElecDraw_Harmony\features\component_library\Index.ets cache by regenerate.
[2026-09-14T12:48:05.576] [DEBUG] debug-file - Update task entry:default@BuildJS input file:C:\Projects\ElecDraw_Harmony\features\simulation_kernel\Index.ets cache by regenerate.
[2026-09-14T12:48:05.576] [DEBUG] debug-file - Update task entry:default@BuildJS input file:C:\Projects\ElecDraw_Harmony\features\hex_debugger\Index.ets cache by regenerate.
[2026-09-14T12:48:05.576] [DEBUG] debug-file - Update task entry:default@BuildJS input file:C:\Projects\ElecDraw_Harmony\features\ai_api_manager\Index.ets cache by regenerate.
[2026-09-14T12:48:05.576] [DEBUG] debug-file - Update task entry:default@BuildJS input file:C:\Projects\ElecDraw_Harmony\features\ai_engine\Index.ets cache by regenerate.
[2026-09-14T12:48:05.576] [DEBUG] debug-file - Update task entry:default@BuildJS input file:C:\Projects\ElecDraw_Harmony\features\file_persistence\Index.ets cache by regenerate.
[2026-09-14T12:48:05.576] [DEBUG] debug-file - Update task entry:default@BuildJS input file:C:\Projects\ElecDraw_Harmony\features\instruments\Index.ets cache by regenerate.
[2026-09-14T12:48:05.577] [DEBUG] debug-file - Update task entry:default@BuildJS input file:C:\Projects\ElecDraw_Harmony\features\plugin_system\Index.ets cache by regenerate.
[2026-09-14T12:48:05.577] [DEBUG] debug-file - Update task entry:default@BuildJS input file:C:\Projects\ElecDraw_Harmony\features\pcb_editor\Index.ets cache by regenerate.
[2026-09-14T12:48:05.577] [DEBUG] debug-file - Update task entry:default@BuildJS input file:C:\Projects\ElecDraw_Harmony\features\agent_bridge\Index.ets cache by regenerate.
[2026-09-14T12:48:05.577] [DEBUG] debug-file - Update task entry:default@BuildJS input file:C:\Projects\ElecDraw_Harmony\entry\build\default\intermediates\res\default\resources\rawfile cache by regenerate.
[2026-09-14T12:48:05.617] [DEBUG] debug-file - Update task entry:default@BuildJS input file:C:\Projects\ElecDraw_Harmony\entry\build\default\intermediates\res\default\ResourceTable.txt cache by regenerate.
[2026-09-14T12:48:05.618] [DEBUG] debug-file - Update task entry:default@BuildJS input file:C:\Projects\ElecDraw_Harmony\entry\build\default\intermediates\res\default\ark_module.json cache by regenerate.
[2026-09-14T12:48:05.618] [DEBUG] debug-file - Update task entry:default@BuildJS input file:C:\Projects\ElecDraw_Harmony\entry\build\default\intermediates\res\default\resources\base\profile cache by regenerate.
[2026-09-14T12:48:05.619] [DEBUG] debug-file - Update task entry:default@BuildJS output file:C:\Projects\ElecDraw_Harmony\entry\build\default\intermediates\loader_out\default\js cache.
[2026-09-14T12:48:05.619] [DEBUG] debug-file - Incremental task entry:default@BuildJS post-execution cost:48 ms .
[2026-09-14T12:48:05.620] [DEBUG] debug-file - Update task ai_engine:default@ProcessLibs input file:C:\Projects\ElecDraw_Harmony\build-profile.json5 cache from map.
[2026-09-14T12:48:05.620] [DEBUG] debug-file - Update task ai_engine:default@ProcessLibs input file:C:\Projects\ElecDraw_Harmony\features\ai_engine\build-profile.json5 cache by regenerate.
[2026-09-14T12:48:05.620] [DEBUG] debug-file - Update task ai_engine:default@ProcessLibs output file:C:\Projects\ElecDraw_Harmony\features\ai_engine\build\default\intermediates\libs\default cache.
[2026-09-14T12:48:05.620] [DEBUG] debug-file - Incremental task ai_engine:default@ProcessLibs post-execution cost:1 ms .
[2026-09-14T12:48:05.621] [DEBUG] debug-file - Update task agent_bridge:default@ProcessLibs input file:C:\Projects\ElecDraw_Harmony\build-profile.json5 cache from map.
[2026-09-14T12:48:05.621] [DEBUG] debug-file - Update task agent_bridge:default@ProcessLibs input file:C:\Projects\ElecDraw_Harmony\features\agent_bridge\build-profile.json5 cache by regenerate.
[2026-09-14T12:48:05.621] [DEBUG] debug-file - Update task agent_bridge:default@ProcessLibs output file:C:\Projects\ElecDraw_Harmony\features\agent_bridge\build\default\intermediates\libs\default cache.
[2026-09-14T12:48:05.622] [DEBUG] debug-file - Incremental task agent_bridge:default@ProcessLibs post-execution cost:2 ms .
[2026-09-14T12:48:05.622] [DEBUG] debug-file - There is no need to refresh cache, since the incremental task ai_engine:default@DoNativeStrip is up-to-date.
[2026-09-14T12:48:05.622] [DEBUG] debug-file - There is no need to refresh cache, since the incremental task agent_bridge:default@DoNativeStrip is up-to-date.
[2026-09-14T12:48:05.623] [DEBUG] debug-file - Update task entry:default@ProcessLibs input file:C:\Projects\ElecDraw_Harmony\common\build\default\intermediates\libs\default cache by regenerate.
[2026-09-14T12:48:05.624] [DEBUG] debug-file - Update task entry:default@ProcessLibs input file:C:\Projects\ElecDraw_Harmony\features\schematic_editor\build\default\intermediates\libs\default cache by regenerate.
[2026-09-14T12:48:05.624] [DEBUG] debug-file - Update task entry:default@ProcessLibs input file:C:\Projects\ElecDraw_Harmony\features\component_library\build\default\intermediates\libs\default cache by regenerate.
[2026-09-14T12:48:05.624] [DEBUG] debug-file - Update task entry:default@ProcessLibs input file:C:\Projects\ElecDraw_Harmony\features\simulation_kernel\build\default\intermediates\libs\default cache by regenerate.
[2026-09-14T12:48:05.625] [DEBUG] debug-file - Update task entry:default@ProcessLibs input file:C:\Projects\ElecDraw_Harmony\features\hex_debugger\build\default\intermediates\libs\default cache by regenerate.
[2026-09-14T12:48:05.625] [DEBUG] debug-file - Update task entry:default@ProcessLibs input file:C:\Projects\ElecDraw_Harmony\features\ai_api_manager\build\default\intermediates\libs\default cache by regenerate.
[2026-09-14T12:48:05.625] [DEBUG] debug-file - Update task entry:default@ProcessLibs input file:C:\Projects\ElecDraw_Harmony\features\ai_engine\build\default\intermediates\libs\default cache by regenerate.
[2026-09-14T12:48:05.626] [DEBUG] debug-file - Update task entry:default@ProcessLibs input file:C:\Projects\ElecDraw_Harmony\features\file_persistence\build\default\intermediates\libs\default cache by regenerate.
[2026-09-14T12:48:05.626] [DEBUG] debug-file - Update task entry:default@ProcessLibs input file:C:\Projects\ElecDraw_Harmony\features\instruments\build\default\intermediates\libs\default cache by regenerate.
[2026-09-14T12:48:05.626] [DEBUG] debug-file - Update task entry:default@ProcessLibs input file:C:\Projects\ElecDraw_Harmony\features\plugin_system\build\default\intermediates\libs\default cache by regenerate.
[2026-09-14T12:48:05.626] [DEBUG] debug-file - Update task entry:default@ProcessLibs input file:C:\Projects\ElecDraw_Harmony\features\pcb_editor\build\default\intermediates\libs\default cache by regenerate.
[2026-09-14T12:48:05.627] [DEBUG] debug-file - Update task entry:default@ProcessLibs input file:C:\Projects\ElecDraw_Harmony\features\agent_bridge\build\default\intermediates\libs\default cache by regenerate.
[2026-09-14T12:48:05.627] [DEBUG] debug-file - Update task entry:default@ProcessLibs input file:C:\Projects\ElecDraw_Harmony\build-profile.json5 cache from map.
[2026-09-14T12:48:05.627] [DEBUG] debug-file - Update task entry:default@ProcessLibs input file:C:\Projects\ElecDraw_Harmony\entry\build-profile.json5 cache by regenerate.
[2026-09-14T12:48:05.627] [DEBUG] debug-file - Update task entry:default@ProcessLibs output file:C:\Projects\ElecDraw_Harmony\entry\build\default\intermediates\libs\default cache.
[2026-09-14T12:48:05.628] [DEBUG] debug-file - Incremental task entry:default@ProcessLibs post-execution cost:7 ms .
[2026-09-14T12:48:05.628] [DEBUG] debug-file - There is no need to refresh cache, since the incremental task entry:default@DoNativeStrip is up-to-date.
[2026-09-14T12:48:05.628] [DEBUG] debug-file - There is no need to refresh cache, since the incremental task entry:default@CacheNativeLibs is up-to-date.
[2026-09-14T12:48:05.695] [DEBUG] debug-file - Cleanup worker 14.
[2026-09-14T12:48:05.695] [DEBUG] debug-file - Worker 14 has been cleaned up.
[2026-09-14T12:48:05.695] [DEBUG] debug-file - Current idle worker size: 1.
[2026-09-14T12:48:05.695] [DEBUG] debug-file - Current resident worker size: 2.
[2026-09-14T12:48:05.700] [DEBUG] debug-file - hvigor build process will be closed.
[2026-09-14T12:48:05.711] [DEBUG] debug-file - session manager: send message to worker process.
[2026-09-14T12:48:05.711] [DEBUG] debug-file - session manager: send message to worker process.
[2026-09-14T12:48:05.711] [DEBUG] debug-file - worker[14] exits with exit code 1.
[2026-09-14T12:48:05.712] [DEBUG] debug-file - watch worker: worker id should be larger than 0. Nothing will be sent to any worker thread.
[2026-09-14T12:48:05.712] [DEBUG] debug-file - watch worker: worker id should be larger than 0. Nothing will be sent to any worker thread.
[2026-09-14T12:48:54.353] [DEBUG] debug-file - session manager: set active socket. socketId=hx6MtCRy1j_WLNKoAAAV
[2026-09-14T12:48:54.359] [DEBUG] debug-file - watch worker: worker id should be larger than 0. Nothing will be sent to any worker thread.
[2026-09-14T12:48:54.363] [DEBUG] debug-file - Workers' log level updated to INFO
[2026-09-14T12:48:54.373] [DEBUG] debug-file - Hvigor init with startParameters:{
  hvigorfileTypeCheck: false,
  parallelExecution: true,
  incrementalExecution: true,
  printStackTrace: false,
  daemon: true,
  analyze: 0,
  logLevel: Level { level: 20000, levelStr: 'INFO', colour: 'green' },
  optimizationStrategy: 'memory',
  hotCompile: undefined,
  hotReloadBuild: undefined,
  customizedParam: undefined
}
[2026-09-14T12:48:54.390] [DEBUG] debug-file - Cache service initialization finished in 18 ms 
[2026-09-14T12:48:54.392] [DEBUG] debug-file - hvigorfile, resolving C:\Projects\ElecDraw_Harmony\hvigorfile.ts
[2026-09-14T12:48:54.410] [DEBUG] debug-file - hvigorfile, require result:  { default: { plugins: [] } }
[2026-09-14T12:48:54.410] [DEBUG] debug-file - hvigorfile, binding system plugins null
[2026-09-14T12:48:54.413] [DEBUG] debug-file - Starting plugin build process
[2026-09-14T12:48:54.414] [DEBUG] debug-file - App plugin prepare start...
[2026-09-14T12:48:54.414] [DEBUG] debug-file - App plugin prepare end...
[2026-09-14T12:48:54.414] [DEBUG] debug-file - App plugin creating...
[2026-09-14T12:48:54.433] [DEBUG] debug-file - App plugin register hook start...
[2026-09-14T12:48:54.434] [DEBUG] debug-file - App plugin register hook end...
[2026-09-14T12:48:54.434] [DEBUG] debug-file - Plugin build process completed
[2026-09-14T12:48:54.434] [DEBUG] debug-file - Start initialize project's product build option map with build mode debug.
[2026-09-14T12:48:54.434] [DEBUG] debug-file - Picking option from product 'default' with build mode 'debug'.
[2026-09-14T12:48:54.434] [DEBUG] debug-file - Product 'default' build option initialized
[2026-09-14T12:48:54.434] [DEBUG] debug-file - End initialize project's product build option map with build mode 'debug'.
[2026-09-14T12:48:54.436] [DEBUG] debug-file - Obtain build option for product 'default'in this build.
[2026-09-14T12:48:54.443] [DEBUG] debug-file - C:\Projects\ElecDraw_Harmony\build\cache\default\remote_hsp\remoteHspCache.json not exists.
[2026-09-14T12:48:54.447] [DEBUG] debug-file - Start recording SDK configuration permission data.
[2026-09-14T12:48:54.480] [DEBUG] debug-file - Sdk init in 36 ms 
[2026-09-14T12:48:54.485] [DEBUG] debug-file - Project task initialization takes 5 ms 
[2026-09-14T12:48:54.485] [DEBUG] debug-file - hvigorfile, begin to bind custom plugins...
[2026-09-14T12:48:54.485] [DEBUG] debug-file - hvigorfile, no custom plugins were found in C:\Projects\ElecDraw_Harmony\hvigorfile.ts
[2026-09-14T12:48:54.485] [DEBUG] debug-file - hvigorfile, resolve finished C:\Projects\ElecDraw_Harmony\hvigorfile.ts
[2026-09-14T12:48:54.486] [DEBUG] debug-file - hvigorfile, resolving C:\Projects\ElecDraw_Harmony\entry\hvigorfile.ts
[2026-09-14T12:48:54.489] [DEBUG] debug-file - hvigorfile, require result:  { default: { plugins: [] } }
[2026-09-14T12:48:54.489] [DEBUG] debug-file - hvigorfile, binding system plugins null
[2026-09-14T12:48:54.489] [DEBUG] debug-file - Starting plugin build process
[2026-09-14T12:48:54.490] [DEBUG] debug-file - Hap plugin creating...
[2026-09-14T12:48:54.492] [DEBUG] debug-file - failed to load cangjie to dynamically generate schemas: Error: Cannot find module '@ohos/cangjie-build-support/index'
Require stack:
- C:\Program Files\Huawei\DevEco Studio\tools\hvigor\hvigor-ohos-plugin\src\plugin\hooks\cangjie-register.js
- C:\Program Files\Huawei\DevEco Studio\tools\hvigor\hvigor-ohos-plugin\src\plugin\strategy\stage-init-strategy.js
- C:\Program Files\Huawei\DevEco Studio\tools\hvigor\hvigor-ohos-plugin\src\plugin\builder\abstract-plugin-builder.js
- C:\Program Files\Huawei\DevEco Studio\tools\hvigor\hvigor-ohos-plugin\src\plugin\builder\app-plugin-builder.js
- C:\Program Files\Huawei\DevEco Studio\tools\hvigor\hvigor-ohos-plugin\src\plugin\factory\plugin-factory.js
- C:\Program Files\Huawei\DevEco Studio\tools\hvigor\hvigor-ohos-plugin\index.js
- C:\Projects\ElecDraw_Harmony\hvigorfile.ts
- C:\Program Files\Huawei\DevEco Studio\tools\hvigor\hvigor\src\base\internal\lifecycle\configuration.js
- C:\Program Files\Huawei\DevEco Studio\tools\hvigor\hvigor\src\base\boot\index.js
- C:\Program Files\Huawei\DevEco Studio\tools\hvigor\hvigor\src\base\daemon\cluster\worker-process-lifecycle.js
- C:\Program Files\Huawei\DevEco Studio\tools\hvigor\hvigor\src\base\daemon\process\daemon-process-boot-script.js
[2026-09-14T12:48:54.494] [DEBUG] debug-file - Start initialize module-target build option map, moduleName=entry, buildMode=debug
[2026-09-14T12:48:54.494] [DEBUG] debug-file - Target 'default' config initialized
[2026-09-14T12:48:54.494] [DEBUG] debug-file - Module 'entry' target 'default' build option initialized
[2026-09-14T12:48:54.495] [DEBUG] debug-file - End initialize module-target build option map, moduleName=entry
[2026-09-14T12:48:54.495] [DEBUG] debug-file - Start initialize module-target build option map, moduleName=entry, buildMode=release
[2026-09-14T12:48:54.495] [DEBUG] debug-file - Target 'default' config initialized
[2026-09-14T12:48:54.495] [DEBUG] debug-file - Module 'entry' target 'default' build option initialized
[2026-09-14T12:48:54.495] [DEBUG] debug-file - End initialize module-target build option map, moduleName=entry
[2026-09-14T12:48:54.495] [DEBUG] debug-file - Start initialize module-target build option map, moduleName=entry, buildMode=debug
[2026-09-14T12:48:54.495] [DEBUG] debug-file - Target 'default' config initialized
[2026-09-14T12:48:54.495] [DEBUG] debug-file - Module 'entry' target 'default' build option initialized
[2026-09-14T12:48:54.495] [DEBUG] debug-file - End initialize module-target build option map, moduleName=entry
[2026-09-14T12:48:54.495] [DEBUG] debug-file - Obtain build option for module 'entry' target 'default'in this build.
[2026-09-14T12:48:54.498] [DEBUG] debug-file - Module entry task initialization takes 2 ms 
[2026-09-14T12:48:54.498] [DEBUG] debug-file - Hap plugin register hook start...
[2026-09-14T12:48:54.498] [DEBUG] debug-file - Hap plugin register hook end...
[2026-09-14T12:48:54.498] [DEBUG] debug-file - Plugin build process completed
[2026-09-14T12:48:54.498] [DEBUG] debug-file - hvigorfile, begin to bind custom plugins...
[2026-09-14T12:48:54.498] [DEBUG] debug-file - hvigorfile, no custom plugins were found in C:\Projects\ElecDraw_Harmony\entry\hvigorfile.ts
[2026-09-14T12:48:54.499] [DEBUG] debug-file - hvigorfile, resolve finished C:\Projects\ElecDraw_Harmony\entry\hvigorfile.ts
[2026-09-14T12:48:54.499] [DEBUG] debug-file - hvigorfile, resolving C:\Projects\ElecDraw_Harmony\common\hvigorfile.ts
[2026-09-14T12:48:54.503] [DEBUG] debug-file - hvigorfile, require result:  { default: { plugins: [] } }
[2026-09-14T12:48:54.503] [DEBUG] debug-file - hvigorfile, binding system plugins null
[2026-09-14T12:48:54.503] [DEBUG] debug-file - Starting plugin build process
[2026-09-14T12:48:54.503] [DEBUG] debug-file - Har plugin creating...
[2026-09-14T12:48:54.504] [DEBUG] debug-file - failed to load cangjie to dynamically generate schemas: Error: Cannot find module '@ohos/cangjie-build-support/index'
Require stack:
- C:\Program Files\Huawei\DevEco Studio\tools\hvigor\hvigor-ohos-plugin\src\plugin\hooks\cangjie-register.js
- C:\Program Files\Huawei\DevEco Studio\tools\hvigor\hvigor-ohos-plugin\src\plugin\strategy\stage-init-strategy.js
- C:\Program Files\Huawei\DevEco Studio\tools\hvigor\hvigor-ohos-plugin\src\plugin\builder\abstract-plugin-builder.js
- C:\Program Files\Huawei\DevEco Studio\tools\hvigor\hvigor-ohos-plugin\src\plugin\builder\app-plugin-builder.js
- C:\Program Files\Huawei\DevEco Studio\tools\hvigor\hvigor-ohos-plugin\src\plugin\factory\plugin-factory.js
- C:\Program Files\Huawei\DevEco Studio\tools\hvigor\hvigor-ohos-plugin\index.js
- C:\Projects\ElecDraw_Harmony\hvigorfile.ts
- C:\Program Files\Huawei\DevEco Studio\tools\hvigor\hvigor\src\base\internal\lifecycle\configuration.js
- C:\Program Files\Huawei\DevEco Studio\tools\hvigor\hvigor\src\base\boot\index.js
- C:\Program Files\Huawei\DevEco Studio\tools\hvigor\hvigor\src\base\daemon\cluster\worker-process-lifecycle.js
- C:\Program Files\Huawei\DevEco Studio\tools\hvigor\hvigor\src\base\daemon\process\daemon-process-boot-script.js
[2026-09-14T12:48:54.506] [DEBUG] debug-file - Start initialize module-target build option map, moduleName=common, buildMode=debug
[2026-09-14T12:48:54.506] [DEBUG] debug-file - Target 'default' config initialized
[2026-09-14T12:48:54.506] [DEBUG] debug-file - Module 'common' target 'default' build option initialized
[2026-09-14T12:48:54.506] [DEBUG] debug-file - End initialize module-target build option map, moduleName=common
[2026-09-14T12:48:54.506] [DEBUG] debug-file - Start initialize module-target build option map, moduleName=common, buildMode=release
[2026-09-14T12:48:54.507] [DEBUG] debug-file - Target 'default' config initialized
[2026-09-14T12:48:54.507] [DEBUG] debug-file - Module 'common' target 'default' build option initialized
[2026-09-14T12:48:54.507] [DEBUG] debug-file - End initialize module-target build option map, moduleName=common
[2026-09-14T12:48:54.507] [DEBUG] debug-file - Start initialize module-target build option map, moduleName=common, buildMode=debug
[2026-09-14T12:48:54.507] [DEBUG] debug-file - Target 'default' config initialized
[2026-09-14T12:48:54.507] [DEBUG] debug-file - Module 'common' target 'default' build option initialized
[2026-09-14T12:48:54.507] [DEBUG] debug-file - End initialize module-target build option map, moduleName=common
[2026-09-14T12:48:54.507] [DEBUG] debug-file - Obtain build option for module 'common' target 'default'in this build.
[2026-09-14T12:48:54.509] [DEBUG] debug-file - Module common task initialization takes 2 ms 
[2026-09-14T12:48:54.509] [DEBUG] debug-file - Har plugin register hook start...
[2026-09-14T12:48:54.509] [DEBUG] debug-file - Har plugin register hook end...
[2026-09-14T12:48:54.509] [DEBUG] debug-file - Plugin build process completed
[2026-09-14T12:48:54.509] [DEBUG] debug-file - hvigorfile, begin to bind custom plugins...
[2026-09-14T12:48:54.509] [DEBUG] debug-file - hvigorfile, no custom plugins were found in C:\Projects\ElecDraw_Harmony\common\hvigorfile.ts
[2026-09-14T12:48:54.509] [DEBUG] debug-file - hvigorfile, resolve finished C:\Projects\ElecDraw_Harmony\common\hvigorfile.ts
[2026-09-14T12:48:54.510] [DEBUG] debug-file - hvigorfile, resolving C:\Projects\ElecDraw_Harmony\features\schematic_editor\hvigorfile.ts
[2026-09-14T12:48:54.513] [DEBUG] debug-file - hvigorfile, require result:  { default: { plugins: [] } }
[2026-09-14T12:48:54.513] [DEBUG] debug-file - hvigorfile, binding system plugins null
[2026-09-14T12:48:54.513] [DEBUG] debug-file - Starting plugin build process
[2026-09-14T12:48:54.513] [DEBUG] debug-file - Har plugin creating...
[2026-09-14T12:48:54.514] [DEBUG] debug-file - failed to load cangjie to dynamically generate schemas: Error: Cannot find module '@ohos/cangjie-build-support/index'
Require stack:
- C:\Program Files\Huawei\DevEco Studio\tools\hvigor\hvigor-ohos-plugin\src\plugin\hooks\cangjie-register.js
- C:\Program Files\Huawei\DevEco Studio\tools\hvigor\hvigor-ohos-plugin\src\plugin\strategy\stage-init-strategy.js
- C:\Program Files\Huawei\DevEco Studio\tools\hvigor\hvigor-ohos-plugin\src\plugin\builder\abstract-plugin-builder.js
- C:\Program Files\Huawei\DevEco Studio\tools\hvigor\hvigor-ohos-plugin\src\plugin\builder\app-plugin-builder.js
- C:\Program Files\Huawei\DevEco Studio\tools\hvigor\hvigor-ohos-plugin\src\plugin\factory\plugin-factory.js
- C:\Program Files\Huawei\DevEco Studio\tools\hvigor\hvigor-ohos-plugin\index.js
- C:\Projects\ElecDraw_Harmony\hvigorfile.ts
- C:\Program Files\Huawei\DevEco Studio\tools\hvigor\hvigor\src\base\internal\lifecycle\configuration.js
- C:\Program Files\Huawei\DevEco Studio\tools\hvigor\hvigor\src\base\boot\index.js
- C:\Program Files\Huawei\DevEco Studio\tools\hvigor\hvigor\src\base\daemon\cluster\worker-process-lifecycle.js
- C:\Program Files\Huawei\DevEco Studio\tools\hvigor\hvigor\src\base\daemon\process\daemon-process-boot-script.js
[2026-09-14T12:48:54.516] [DEBUG] debug-file - Start initialize module-target build option map, moduleName=schematic_editor, buildMode=debug
[2026-09-14T12:48:54.516] [DEBUG] debug-file - Target 'default' config initialized
[2026-09-14T12:48:54.516] [DEBUG] debug-file - Module 'schematic_editor' target 'default' build option initialized
[2026-09-14T12:48:54.516] [DEBUG] debug-file - End initialize module-target build option map, moduleName=schematic_editor
[2026-09-14T12:48:54.516] [DEBUG] debug-file - Start initialize module-target build option map, moduleName=schematic_editor, buildMode=release
[2026-09-14T12:48:54.516] [DEBUG] debug-file - Target 'default' config initialized
[2026-09-14T12:48:54.516] [DEBUG] debug-file - Module 'schematic_editor' target 'default' build option initialized
[2026-09-14T12:48:54.516] [DEBUG] debug-file - End initialize module-target build option map, moduleName=schematic_editor
[2026-09-14T12:48:54.517] [DEBUG] debug-file - Start initialize module-target build option map, moduleName=schematic_editor, buildMode=debug
[2026-09-14T12:48:54.517] [DEBUG] debug-file - Target 'default' config initialized
[2026-09-14T12:48:54.517] [DEBUG] debug-file - Module 'schematic_editor' target 'default' build option initialized
[2026-09-14T12:48:54.517] [DEBUG] debug-file - End initialize module-target build option map, moduleName=schematic_editor
[2026-09-14T12:48:54.517] [DEBUG] debug-file - Obtain build option for module 'schematic_editor' target 'default'in this build.
[2026-09-14T12:48:54.517] [DEBUG] debug-file - Module schematic_editor task initialization takes 1 ms 
[2026-09-14T12:48:54.518] [DEBUG] debug-file - Har plugin register hook start...
[2026-09-14T12:48:54.518] [DEBUG] debug-file - Har plugin register hook end...
[2026-09-14T12:48:54.518] [DEBUG] debug-file - Plugin build process completed
[2026-09-14T12:48:54.518] [DEBUG] debug-file - hvigorfile, begin to bind custom plugins...
[2026-09-14T12:48:54.518] [DEBUG] debug-file - hvigorfile, no custom plugins were found in C:\Projects\ElecDraw_Harmony\features\schematic_editor\hvigorfile.ts
[2026-09-14T12:48:54.518] [DEBUG] debug-file - hvigorfile, resolve finished C:\Projects\ElecDraw_Harmony\features\schematic_editor\hvigorfile.ts
[2026-09-14T12:48:54.518] [DEBUG] debug-file - hvigorfile, resolving C:\Projects\ElecDraw_Harmony\features\component_library\hvigorfile.ts
[2026-09-14T12:48:54.522] [DEBUG] debug-file - hvigorfile, require result:  { default: { plugins: [] } }
[2026-09-14T12:48:54.523] [DEBUG] debug-file - hvigorfile, binding system plugins null
[2026-09-14T12:48:54.523] [DEBUG] debug-file - Starting plugin build process
[2026-09-14T12:48:54.523] [DEBUG] debug-file - Har plugin creating...
[2026-09-14T12:48:54.524] [DEBUG] debug-file - failed to load cangjie to dynamically generate schemas: Error: Cannot find module '@ohos/cangjie-build-support/index'
Require stack:
- C:\Program Files\Huawei\DevEco Studio\tools\hvigor\hvigor-ohos-plugin\src\plugin\hooks\cangjie-register.js
- C:\Program Files\Huawei\DevEco Studio\tools\hvigor\hvigor-ohos-plugin\src\plugin\strategy\stage-init-strategy.js
- C:\Program Files\Huawei\DevEco Studio\tools\hvigor\hvigor-ohos-plugin\src\plugin\builder\abstract-plugin-builder.js
- C:\Program Files\Huawei\DevEco Studio\tools\hvigor\hvigor-ohos-plugin\src\plugin\builder\app-plugin-builder.js
- C:\Program Files\Huawei\DevEco Studio\tools\hvigor\hvigor-ohos-plugin\src\plugin\factory\plugin-factory.js
- C:\Program Files\Huawei\DevEco Studio\tools\hvigor\hvigor-ohos-plugin\index.js
- C:\Projects\ElecDraw_Harmony\hvigorfile.ts
- C:\Program Files\Huawei\DevEco Studio\tools\hvigor\hvigor\src\base\internal\lifecycle\configuration.js
- C:\Program Files\Huawei\DevEco Studio\tools\hvigor\hvigor\src\base\boot\index.js
- C:\Program Files\Huawei\DevEco Studio\tools\hvigor\hvigor\src\base\daemon\cluster\worker-process-lifecycle.js
- C:\Program Files\Huawei\DevEco Studio\tools\hvigor\hvigor\src\base\daemon\process\daemon-process-boot-script.js
[2026-09-14T12:48:54.526] [DEBUG] debug-file - Start initialize module-target build option map, moduleName=component_library, buildMode=debug
[2026-09-14T12:48:54.526] [DEBUG] debug-file - Target 'default' config initialized
[2026-09-14T12:48:54.527] [DEBUG] debug-file - Module 'component_library' target 'default' build option initialized
[2026-09-14T12:48:54.527] [DEBUG] debug-file - End initialize module-target build option map, moduleName=component_library
[2026-09-14T12:48:54.527] [DEBUG] debug-file - Start initialize module-target build option map, moduleName=component_library, buildMode=release
[2026-09-14T12:48:54.527] [DEBUG] debug-file - Target 'default' config initialized
[2026-09-14T12:48:54.527] [DEBUG] debug-file - Module 'component_library' target 'default' build option initialized
[2026-09-14T12:48:54.527] [DEBUG] debug-file - End initialize module-target build option map, moduleName=component_library
[2026-09-14T12:48:54.527] [DEBUG] debug-file - Start initialize module-target build option map, moduleName=component_library, buildMode=debug
[2026-09-14T12:48:54.527] [DEBUG] debug-file - Target 'default' config initialized
[2026-09-14T12:48:54.527] [DEBUG] debug-file - Module 'component_library' target 'default' build option initialized
[2026-09-14T12:48:54.527] [DEBUG] debug-file - End initialize module-target build option map, moduleName=component_library
[2026-09-14T12:48:54.528] [DEBUG] debug-file - Obtain build option for module 'component_library' target 'default'in this build.
[2026-09-14T12:48:54.529] [DEBUG] debug-file - Module component_library task initialization takes 1 ms 
[2026-09-14T12:48:54.529] [DEBUG] debug-file - Har plugin register hook start...
[2026-09-14T12:48:54.529] [DEBUG] debug-file - Har plugin register hook end...
[2026-09-14T12:48:54.529] [DEBUG] debug-file - Plugin build process completed
[2026-09-14T12:48:54.530] [DEBUG] debug-file - hvigorfile, begin to bind custom plugins...
[2026-09-14T12:48:54.530] [DEBUG] debug-file - hvigorfile, no custom plugins were found in C:\Projects\ElecDraw_Harmony\features\component_library\hvigorfile.ts
[2026-09-14T12:48:54.530] [DEBUG] debug-file - hvigorfile, resolve finished C:\Projects\ElecDraw_Harmony\features\component_library\hvigorfile.ts
[2026-09-14T12:48:54.530] [DEBUG] debug-file - hvigorfile, resolving C:\Projects\ElecDraw_Harmony\features\simulation_kernel\hvigorfile.ts
[2026-09-14T12:48:54.535] [DEBUG] debug-file - hvigorfile, require result:  { default: { plugins: [] } }
[2026-09-14T12:48:54.535] [DEBUG] debug-file - hvigorfile, binding system plugins null
[2026-09-14T12:48:54.535] [DEBUG] debug-file - Starting plugin build process
[2026-09-14T12:48:54.535] [DEBUG] debug-file - Har plugin creating...
[2026-09-14T12:48:54.536] [DEBUG] debug-file - failed to load cangjie to dynamically generate schemas: Error: Cannot find module '@ohos/cangjie-build-support/index'
Require stack:
- C:\Program Files\Huawei\DevEco Studio\tools\hvigor\hvigor-ohos-plugin\src\plugin\hooks\cangjie-register.js
- C:\Program Files\Huawei\DevEco Studio\tools\hvigor\hvigor-ohos-plugin\src\plugin\strategy\stage-init-strategy.js
- C:\Program Files\Huawei\DevEco Studio\tools\hvigor\hvigor-ohos-plugin\src\plugin\builder\abstract-plugin-builder.js
- C:\Program Files\Huawei\DevEco Studio\tools\hvigor\hvigor-ohos-plugin\src\plugin\builder\app-plugin-builder.js
- C:\Program Files\Huawei\DevEco Studio\tools\hvigor\hvigor-ohos-plugin\src\plugin\factory\plugin-factory.js
- C:\Program Files\Huawei\DevEco Studio\tools\hvigor\hvigor-ohos-plugin\index.js
- C:\Projects\ElecDraw_Harmony\hvigorfile.ts
- C:\Program Files\Huawei\DevEco Studio\tools\hvigor\hvigor\src\base\internal\lifecycle\configuration.js
- C:\Program Files\Huawei\DevEco Studio\tools\hvigor\hvigor\src\base\boot\index.js
- C:\Program Files\Huawei\DevEco Studio\tools\hvigor\hvigor\src\base\daemon\cluster\worker-process-lifecycle.js
- C:\Program Files\Huawei\DevEco Studio\tools\hvigor\hvigor\src\base\daemon\process\daemon-process-boot-script.js
[2026-09-14T12:48:54.538] [DEBUG] debug-file - Start initialize module-target build option map, moduleName=simulation_kernel, buildMode=debug
[2026-09-14T12:48:54.538] [DEBUG] debug-file - Target 'default' config initialized
[2026-09-14T12:48:54.538] [DEBUG] debug-file - Module 'simulation_kernel' target 'default' build option initialized
[2026-09-14T12:48:54.538] [DEBUG] debug-file - End initialize module-target build option map, moduleName=simulation_kernel
[2026-09-14T12:48:54.538] [DEBUG] debug-file - Start initialize module-target build option map, moduleName=simulation_kernel, buildMode=release
[2026-09-14T12:48:54.538] [DEBUG] debug-file - Target 'default' config initialized
[2026-09-14T12:48:54.538] [DEBUG] debug-file - Module 'simulation_kernel' target 'default' build option initialized
[2026-09-14T12:48:54.538] [DEBUG] debug-file - End initialize module-target build option map, moduleName=simulation_kernel
[2026-09-14T12:48:54.538] [DEBUG] debug-file - Start initialize module-target build option map, moduleName=simulation_kernel, buildMode=debug
[2026-09-14T12:48:54.538] [DEBUG] debug-file - Target 'default' config initialized
[2026-09-14T12:48:54.538] [DEBUG] debug-file - Module 'simulation_kernel' target 'default' build option initialized
[2026-09-14T12:48:54.538] [DEBUG] debug-file - End initialize module-target build option map, moduleName=simulation_kernel
[2026-09-14T12:48:54.538] [DEBUG] debug-file - Obtain build option for module 'simulation_kernel' target 'default'in this build.
[2026-09-14T12:48:54.539] [DEBUG] debug-file - Module simulation_kernel task initialization takes 1 ms 
[2026-09-14T12:48:54.539] [DEBUG] debug-file - Har plugin register hook start...
[2026-09-14T12:48:54.539] [DEBUG] debug-file - Har plugin register hook end...
[2026-09-14T12:48:54.539] [DEBUG] debug-file - Plugin build process completed
[2026-09-14T12:48:54.539] [DEBUG] debug-file - hvigorfile, begin to bind custom plugins...
[2026-09-14T12:48:54.539] [DEBUG] debug-file - hvigorfile, no custom plugins were found in C:\Projects\ElecDraw_Harmony\features\simulation_kernel\hvigorfile.ts
[2026-09-14T12:48:54.539] [DEBUG] debug-file - hvigorfile, resolve finished C:\Projects\ElecDraw_Harmony\features\simulation_kernel\hvigorfile.ts
[2026-09-14T12:48:54.540] [DEBUG] debug-file - hvigorfile, resolving C:\Projects\ElecDraw_Harmony\features\hex_debugger\hvigorfile.ts
[2026-09-14T12:48:54.542] [DEBUG] debug-file - hvigorfile, require result:  { default: { plugins: [] } }
[2026-09-14T12:48:54.542] [DEBUG] debug-file - hvigorfile, binding system plugins null
[2026-09-14T12:48:54.542] [DEBUG] debug-file - Starting plugin build process
[2026-09-14T12:48:54.542] [DEBUG] debug-file - Har plugin creating...
[2026-09-14T12:48:54.544] [DEBUG] debug-file - failed to load cangjie to dynamically generate schemas: Error: Cannot find module '@ohos/cangjie-build-support/index'
Require stack:
- C:\Program Files\Huawei\DevEco Studio\tools\hvigor\hvigor-ohos-plugin\src\plugin\hooks\cangjie-register.js
- C:\Program Files\Huawei\DevEco Studio\tools\hvigor\hvigor-ohos-plugin\src\plugin\strategy\stage-init-strategy.js
- C:\Program Files\Huawei\DevEco Studio\tools\hvigor\hvigor-ohos-plugin\src\plugin\builder\abstract-plugin-builder.js
- C:\Program Files\Huawei\DevEco Studio\tools\hvigor\hvigor-ohos-plugin\src\plugin\builder\app-plugin-builder.js
- C:\Program Files\Huawei\DevEco Studio\tools\hvigor\hvigor-ohos-plugin\src\plugin\factory\plugin-factory.js
- C:\Program Files\Huawei\DevEco Studio\tools\hvigor\hvigor-ohos-plugin\index.js
- C:\Projects\ElecDraw_Harmony\hvigorfile.ts
- C:\Program Files\Huawei\DevEco Studio\tools\hvigor\hvigor\src\base\internal\lifecycle\configuration.js
- C:\Program Files\Huawei\DevEco Studio\tools\hvigor\hvigor\src\base\boot\index.js
- C:\Program Files\Huawei\DevEco Studio\tools\hvigor\hvigor\src\base\daemon\cluster\worker-process-lifecycle.js
- C:\Program Files\Huawei\DevEco Studio\tools\hvigor\hvigor\src\base\daemon\process\daemon-process-boot-script.js
[2026-09-14T12:48:54.545] [DEBUG] debug-file - Start initialize module-target build option map, moduleName=hex_debugger, buildMode=debug
[2026-09-14T12:48:54.545] [DEBUG] debug-file - Target 'default' config initialized
[2026-09-14T12:48:54.545] [DEBUG] debug-file - Module 'hex_debugger' target 'default' build option initialized
[2026-09-14T12:48:54.546] [DEBUG] debug-file - End initialize module-target build option map, moduleName=hex_debugger
[2026-09-14T12:48:54.546] [DEBUG] debug-file - Start initialize module-target build option map, moduleName=hex_debugger, buildMode=release
[2026-09-14T12:48:54.546] [DEBUG] debug-file - Target 'default' config initialized
[2026-09-14T12:48:54.546] [DEBUG] debug-file - Module 'hex_debugger' target 'default' build option initialized
[2026-09-14T12:48:54.546] [DEBUG] debug-file - End initialize module-target build option map, moduleName=hex_debugger
[2026-09-14T12:48:54.546] [DEBUG] debug-file - Start initialize module-target build option map, moduleName=hex_debugger, buildMode=debug
[2026-09-14T12:48:54.546] [DEBUG] debug-file - Target 'default' config initialized
[2026-09-14T12:48:54.546] [DEBUG] debug-file - Module 'hex_debugger' target 'default' build option initialized
[2026-09-14T12:48:54.546] [DEBUG] debug-file - End initialize module-target build option map, moduleName=hex_debugger
[2026-09-14T12:48:54.546] [DEBUG] debug-file - Obtain build option for module 'hex_debugger' target 'default'in this build.
[2026-09-14T12:48:54.547] [DEBUG] debug-file - Module hex_debugger task initialization takes 1 ms 
[2026-09-14T12:48:54.547] [DEBUG] debug-file - Har plugin register hook start...
[2026-09-14T12:48:54.547] [DEBUG] debug-file - Har plugin register hook end...
[2026-09-14T12:48:54.547] [DEBUG] debug-file - Plugin build process completed
[2026-09-14T12:48:54.547] [DEBUG] debug-file - hvigorfile, begin to bind custom plugins...
[2026-09-14T12:48:54.547] [DEBUG] debug-file - hvigorfile, no custom plugins were found in C:\Projects\ElecDraw_Harmony\features\hex_debugger\hvigorfile.ts
[2026-09-14T12:48:54.547] [DEBUG] debug-file - hvigorfile, resolve finished C:\Projects\ElecDraw_Harmony\features\hex_debugger\hvigorfile.ts
[2026-09-14T12:48:54.547] [DEBUG] debug-file - hvigorfile, resolving C:\Projects\ElecDraw_Harmony\features\ai_engine\hvigorfile.ts
[2026-09-14T12:48:54.550] [DEBUG] debug-file - hvigorfile, require result:  { default: { plugins: [] } }
[2026-09-14T12:48:54.550] [DEBUG] debug-file - hvigorfile, binding system plugins null
[2026-09-14T12:48:54.550] [DEBUG] debug-file - Starting plugin build process
[2026-09-14T12:48:54.550] [DEBUG] debug-file - Har plugin creating...
[2026-09-14T12:48:54.551] [DEBUG] debug-file - failed to load cangjie to dynamically generate schemas: Error: Cannot find module '@ohos/cangjie-build-support/index'
Require stack:
- C:\Program Files\Huawei\DevEco Studio\tools\hvigor\hvigor-ohos-plugin\src\plugin\hooks\cangjie-register.js
- C:\Program Files\Huawei\DevEco Studio\tools\hvigor\hvigor-ohos-plugin\src\plugin\strategy\stage-init-strategy.js
- C:\Program Files\Huawei\DevEco Studio\tools\hvigor\hvigor-ohos-plugin\src\plugin\builder\abstract-plugin-builder.js
- C:\Program Files\Huawei\DevEco Studio\tools\hvigor\hvigor-ohos-plugin\src\plugin\builder\app-plugin-builder.js
- C:\Program Files\Huawei\DevEco Studio\tools\hvigor\hvigor-ohos-plugin\src\plugin\factory\plugin-factory.js
- C:\Program Files\Huawei\DevEco Studio\tools\hvigor\hvigor-ohos-plugin\index.js
- C:\Projects\ElecDraw_Harmony\hvigorfile.ts
- C:\Program Files\Huawei\DevEco Studio\tools\hvigor\hvigor\src\base\internal\lifecycle\configuration.js
- C:\Program Files\Huawei\DevEco Studio\tools\hvigor\hvigor\src\base\boot\index.js
- C:\Program Files\Huawei\DevEco Studio\tools\hvigor\hvigor\src\base\daemon\cluster\worker-process-lifecycle.js
- C:\Program Files\Huawei\DevEco Studio\tools\hvigor\hvigor\src\base\daemon\process\daemon-process-boot-script.js
[2026-09-14T12:48:54.553] [DEBUG] debug-file - Start initialize module-target build option map, moduleName=ai_engine, buildMode=debug
[2026-09-14T12:48:54.553] [DEBUG] debug-file - Target 'default' config initialized
[2026-09-14T12:48:54.553] [DEBUG] debug-file - Module 'ai_engine' target 'default' build option initialized
[2026-09-14T12:48:54.553] [DEBUG] debug-file - End initialize module-target build option map, moduleName=ai_engine
[2026-09-14T12:48:54.553] [DEBUG] debug-file - Start initialize module-target build option map, moduleName=ai_engine, buildMode=release
[2026-09-14T12:48:54.553] [DEBUG] debug-file - Target 'default' config initialized
[2026-09-14T12:48:54.553] [DEBUG] debug-file - Module 'ai_engine' target 'default' build option initialized
[2026-09-14T12:48:54.553] [DEBUG] debug-file - End initialize module-target build option map, moduleName=ai_engine
[2026-09-14T12:48:54.553] [DEBUG] debug-file - Start initialize module-target build option map, moduleName=ai_engine, buildMode=debug
[2026-09-14T12:48:54.553] [DEBUG] debug-file - Target 'default' config initialized
[2026-09-14T12:48:54.553] [DEBUG] debug-file - Module 'ai_engine' target 'default' build option initialized
[2026-09-14T12:48:54.554] [DEBUG] debug-file - End initialize module-target build option map, moduleName=ai_engine
[2026-09-14T12:48:54.554] [DEBUG] debug-file - Obtain build option for module 'ai_engine' target 'default'in this build.
[2026-09-14T12:48:54.554] [DEBUG] debug-file - Module ai_engine task initialization takes 1 ms 
[2026-09-14T12:48:54.555] [DEBUG] debug-file - Har plugin register hook start...
[2026-09-14T12:48:54.555] [DEBUG] debug-file - Har plugin register hook end...
[2026-09-14T12:48:54.555] [DEBUG] debug-file - Plugin build process completed
[2026-09-14T12:48:54.555] [DEBUG] debug-file - hvigorfile, begin to bind custom plugins...
[2026-09-14T12:48:54.555] [DEBUG] debug-file - hvigorfile, no custom plugins were found in C:\Projects\ElecDraw_Harmony\features\ai_engine\hvigorfile.ts
[2026-09-14T12:48:54.555] [DEBUG] debug-file - hvigorfile, resolve finished C:\Projects\ElecDraw_Harmony\features\ai_engine\hvigorfile.ts
[2026-09-14T12:48:54.555] [DEBUG] debug-file - hvigorfile, resolving C:\Projects\ElecDraw_Harmony\features\ai_api_manager\hvigorfile.ts
[2026-09-14T12:48:54.559] [DEBUG] debug-file - hvigorfile, require result:  { default: { plugins: [] } }
[2026-09-14T12:48:54.559] [DEBUG] debug-file - hvigorfile, binding system plugins null
[2026-09-14T12:48:54.559] [DEBUG] debug-file - Starting plugin build process
[2026-09-14T12:48:54.559] [DEBUG] debug-file - Har plugin creating...
[2026-09-14T12:48:54.560] [DEBUG] debug-file - failed to load cangjie to dynamically generate schemas: Error: Cannot find module '@ohos/cangjie-build-support/index'
Require stack:
- C:\Program Files\Huawei\DevEco Studio\tools\hvigor\hvigor-ohos-plugin\src\plugin\hooks\cangjie-register.js
- C:\Program Files\Huawei\DevEco Studio\tools\hvigor\hvigor-ohos-plugin\src\plugin\strategy\stage-init-strategy.js
- C:\Program Files\Huawei\DevEco Studio\tools\hvigor\hvigor-ohos-plugin\src\plugin\builder\abstract-plugin-builder.js
- C:\Program Files\Huawei\DevEco Studio\tools\hvigor\hvigor-ohos-plugin\src\plugin\builder\app-plugin-builder.js
- C:\Program Files\Huawei\DevEco Studio\tools\hvigor\hvigor-ohos-plugin\src\plugin\factory\plugin-factory.js
- C:\Program Files\Huawei\DevEco Studio\tools\hvigor\hvigor-ohos-plugin\index.js
- C:\Projects\ElecDraw_Harmony\hvigorfile.ts
- C:\Program Files\Huawei\DevEco Studio\tools\hvigor\hvigor\src\base\internal\lifecycle\configuration.js
- C:\Program Files\Huawei\DevEco Studio\tools\hvigor\hvigor\src\base\boot\index.js
- C:\Program Files\Huawei\DevEco Studio\tools\hvigor\hvigor\src\base\daemon\cluster\worker-process-lifecycle.js
- C:\Program Files\Huawei\DevEco Studio\tools\hvigor\hvigor\src\base\daemon\process\daemon-process-boot-script.js
[2026-09-14T12:48:54.561] [DEBUG] debug-file - Start initialize module-target build option map, moduleName=ai_api_manager, buildMode=debug
[2026-09-14T12:48:54.561] [DEBUG] debug-file - Target 'default' config initialized
[2026-09-14T12:48:54.561] [DEBUG] debug-file - Module 'ai_api_manager' target 'default' build option initialized
[2026-09-14T12:48:54.562] [DEBUG] debug-file - End initialize module-target build option map, moduleName=ai_api_manager
[2026-09-14T12:48:54.562] [DEBUG] debug-file - Start initialize module-target build option map, moduleName=ai_api_manager, buildMode=release
[2026-09-14T12:48:54.562] [DEBUG] debug-file - Target 'default' config initialized
[2026-09-14T12:48:54.562] [DEBUG] debug-file - Module 'ai_api_manager' target 'default' build option initialized
[2026-09-14T12:48:54.562] [DEBUG] debug-file - End initialize module-target build option map, moduleName=ai_api_manager
[2026-09-14T12:48:54.562] [DEBUG] debug-file - Start initialize module-target build option map, moduleName=ai_api_manager, buildMode=debug
[2026-09-14T12:48:54.562] [DEBUG] debug-file - Target 'default' config initialized
[2026-09-14T12:48:54.562] [DEBUG] debug-file - Module 'ai_api_manager' target 'default' build option initialized
[2026-09-14T12:48:54.562] [DEBUG] debug-file - End initialize module-target build option map, moduleName=ai_api_manager
[2026-09-14T12:48:54.562] [DEBUG] debug-file - Obtain build option for module 'ai_api_manager' target 'default'in this build.
[2026-09-14T12:48:54.563] [DEBUG] debug-file - Module ai_api_manager task initialization takes 1 ms 
[2026-09-14T12:48:54.563] [DEBUG] debug-file - Har plugin register hook start...
[2026-09-14T12:48:54.563] [DEBUG] debug-file - Har plugin register hook end...
[2026-09-14T12:48:54.563] [DEBUG] debug-file - Plugin build process completed
[2026-09-14T12:48:54.563] [DEBUG] debug-file - hvigorfile, begin to bind custom plugins...
[2026-09-14T12:48:54.563] [DEBUG] debug-file - hvigorfile, no custom plugins were found in C:\Projects\ElecDraw_Harmony\features\ai_api_manager\hvigorfile.ts
[2026-09-14T12:48:54.563] [DEBUG] debug-file - hvigorfile, resolve finished C:\Projects\ElecDraw_Harmony\features\ai_api_manager\hvigorfile.ts
[2026-09-14T12:48:54.564] [DEBUG] debug-file - hvigorfile, resolving C:\Projects\ElecDraw_Harmony\features\file_persistence\hvigorfile.ts
[2026-09-14T12:48:54.567] [DEBUG] debug-file - hvigorfile, require result:  { default: { plugins: [] } }
[2026-09-14T12:48:54.568] [DEBUG] debug-file - hvigorfile, binding system plugins null
[2026-09-14T12:48:54.568] [DEBUG] debug-file - Starting plugin build process
[2026-09-14T12:48:54.568] [DEBUG] debug-file - Har plugin creating...
[2026-09-14T12:48:54.569] [DEBUG] debug-file - failed to load cangjie to dynamically generate schemas: Error: Cannot find module '@ohos/cangjie-build-support/index'
Require stack:
- C:\Program Files\Huawei\DevEco Studio\tools\hvigor\hvigor-ohos-plugin\src\plugin\hooks\cangjie-register.js
- C:\Program Files\Huawei\DevEco Studio\tools\hvigor\hvigor-ohos-plugin\src\plugin\strategy\stage-init-strategy.js
- C:\Program Files\Huawei\DevEco Studio\tools\hvigor\hvigor-ohos-plugin\src\plugin\builder\abstract-plugin-builder.js
- C:\Program Files\Huawei\DevEco Studio\tools\hvigor\hvigor-ohos-plugin\src\plugin\builder\app-plugin-builder.js
- C:\Program Files\Huawei\DevEco Studio\tools\hvigor\hvigor-ohos-plugin\src\plugin\factory\plugin-factory.js
- C:\Program Files\Huawei\DevEco Studio\tools\hvigor\hvigor-ohos-plugin\index.js
- C:\Projects\ElecDraw_Harmony\hvigorfile.ts
- C:\Program Files\Huawei\DevEco Studio\tools\hvigor\hvigor\src\base\internal\lifecycle\configuration.js
- C:\Program Files\Huawei\DevEco Studio\tools\hvigor\hvigor\src\base\boot\index.js
- C:\Program Files\Huawei\DevEco Studio\tools\hvigor\hvigor\src\base\daemon\cluster\worker-process-lifecycle.js
- C:\Program Files\Huawei\DevEco Studio\tools\hvigor\hvigor\src\base\daemon\process\daemon-process-boot-script.js
[2026-09-14T12:48:54.570] [DEBUG] debug-file - Start initialize module-target build option map, moduleName=file_persistence, buildMode=debug
[2026-09-14T12:48:54.570] [DEBUG] debug-file - Target 'default' config initialized
[2026-09-14T12:48:54.570] [DEBUG] debug-file - Module 'file_persistence' target 'default' build option initialized
[2026-09-14T12:48:54.570] [DEBUG] debug-file - End initialize module-target build option map, moduleName=file_persistence
[2026-09-14T12:48:54.571] [DEBUG] debug-file - Start initialize module-target build option map, moduleName=file_persistence, buildMode=release
[2026-09-14T12:48:54.572] [DEBUG] debug-file - Target 'default' config initialized
[2026-09-14T12:48:54.572] [DEBUG] debug-file - Module 'file_persistence' target 'default' build option initialized
[2026-09-14T12:48:54.572] [DEBUG] debug-file - End initialize module-target build option map, moduleName=file_persistence
[2026-09-14T12:48:54.572] [DEBUG] debug-file - Start initialize module-target build option map, moduleName=file_persistence, buildMode=debug
[2026-09-14T12:48:54.573] [DEBUG] debug-file - Target 'default' config initialized
[2026-09-14T12:48:54.573] [DEBUG] debug-file - Module 'file_persistence' target 'default' build option initialized
[2026-09-14T12:48:54.573] [DEBUG] debug-file - End initialize module-target build option map, moduleName=file_persistence
[2026-09-14T12:48:54.573] [DEBUG] debug-file - Obtain build option for module 'file_persistence' target 'default'in this build.
[2026-09-14T12:48:54.574] [DEBUG] debug-file - Module file_persistence task initialization takes 1 ms 
[2026-09-14T12:48:54.574] [DEBUG] debug-file - Har plugin register hook start...
[2026-09-14T12:48:54.574] [DEBUG] debug-file - Har plugin register hook end...
[2026-09-14T12:48:54.574] [DEBUG] debug-file - Plugin build process completed
[2026-09-14T12:48:54.575] [DEBUG] debug-file - hvigorfile, begin to bind custom plugins...
[2026-09-14T12:48:54.575] [DEBUG] debug-file - hvigorfile, no custom plugins were found in C:\Projects\ElecDraw_Harmony\features\file_persistence\hvigorfile.ts
[2026-09-14T12:48:54.575] [DEBUG] debug-file - hvigorfile, resolve finished C:\Projects\ElecDraw_Harmony\features\file_persistence\hvigorfile.ts
[2026-09-14T12:48:54.575] [DEBUG] debug-file - hvigorfile, resolving C:\Projects\ElecDraw_Harmony\features\instruments\hvigorfile.ts
[2026-09-14T12:48:54.578] [DEBUG] debug-file - hvigorfile, require result:  { default: { plugins: [] } }
[2026-09-14T12:48:54.578] [DEBUG] debug-file - hvigorfile, binding system plugins null
[2026-09-14T12:48:54.578] [DEBUG] debug-file - Starting plugin build process
[2026-09-14T12:48:54.578] [DEBUG] debug-file - Har plugin creating...
[2026-09-14T12:48:54.578] [DEBUG] debug-file - failed to load cangjie to dynamically generate schemas: Error: Cannot find module '@ohos/cangjie-build-support/index'
Require stack:
- C:\Program Files\Huawei\DevEco Studio\tools\hvigor\hvigor-ohos-plugin\src\plugin\hooks\cangjie-register.js
- C:\Program Files\Huawei\DevEco Studio\tools\hvigor\hvigor-ohos-plugin\src\plugin\strategy\stage-init-strategy.js
- C:\Program Files\Huawei\DevEco Studio\tools\hvigor\hvigor-ohos-plugin\src\plugin\builder\abstract-plugin-builder.js
- C:\Program Files\Huawei\DevEco Studio\tools\hvigor\hvigor-ohos-plugin\src\plugin\builder\app-plugin-builder.js
- C:\Program Files\Huawei\DevEco Studio\tools\hvigor\hvigor-ohos-plugin\src\plugin\factory\plugin-factory.js
- C:\Program Files\Huawei\DevEco Studio\tools\hvigor\hvigor-ohos-plugin\index.js
- C:\Projects\ElecDraw_Harmony\hvigorfile.ts
- C:\Program Files\Huawei\DevEco Studio\tools\hvigor\hvigor\src\base\internal\lifecycle\configuration.js
- C:\Program Files\Huawei\DevEco Studio\tools\hvigor\hvigor\src\base\boot\index.js
- C:\Program Files\Huawei\DevEco Studio\tools\hvigor\hvigor\src\base\daemon\cluster\worker-process-lifecycle.js
- C:\Program Files\Huawei\DevEco Studio\tools\hvigor\hvigor\src\base\daemon\process\daemon-process-boot-script.js
[2026-09-14T12:48:54.579] [DEBUG] debug-file - Start initialize module-target build option map, moduleName=instruments, buildMode=debug
[2026-09-14T12:48:54.580] [DEBUG] debug-file - Target 'default' config initialized
[2026-09-14T12:48:54.580] [DEBUG] debug-file - Module 'instruments' target 'default' build option initialized
[2026-09-14T12:48:54.580] [DEBUG] debug-file - End initialize module-target build option map, moduleName=instruments
[2026-09-14T12:48:54.580] [DEBUG] debug-file - Start initialize module-target build option map, moduleName=instruments, buildMode=release
[2026-09-14T12:48:54.580] [DEBUG] debug-file - Target 'default' config initialized
[2026-09-14T12:48:54.580] [DEBUG] debug-file - Module 'instruments' target 'default' build option initialized
[2026-09-14T12:48:54.580] [DEBUG] debug-file - End initialize module-target build option map, moduleName=instruments
[2026-09-14T12:48:54.580] [DEBUG] debug-file - Start initialize module-target build option map, moduleName=instruments, buildMode=debug
[2026-09-14T12:48:54.580] [DEBUG] debug-file - Target 'default' config initialized
[2026-09-14T12:48:54.580] [DEBUG] debug-file - Module 'instruments' target 'default' build option initialized
[2026-09-14T12:48:54.580] [DEBUG] debug-file - End initialize module-target build option map, moduleName=instruments
[2026-09-14T12:48:54.580] [DEBUG] debug-file - Obtain build option for module 'instruments' target 'default'in this build.
[2026-09-14T12:48:54.582] [DEBUG] debug-file - Module instruments task initialization takes 1 ms 
[2026-09-14T12:48:54.582] [DEBUG] debug-file - Har plugin register hook start...
[2026-09-14T12:48:54.582] [DEBUG] debug-file - Har plugin register hook end...
[2026-09-14T12:48:54.582] [DEBUG] debug-file - Plugin build process completed
[2026-09-14T12:48:54.582] [DEBUG] debug-file - hvigorfile, begin to bind custom plugins...
[2026-09-14T12:48:54.582] [DEBUG] debug-file - hvigorfile, no custom plugins were found in C:\Projects\ElecDraw_Harmony\features\instruments\hvigorfile.ts
[2026-09-14T12:48:54.582] [DEBUG] debug-file - hvigorfile, resolve finished C:\Projects\ElecDraw_Harmony\features\instruments\hvigorfile.ts
[2026-09-14T12:48:54.582] [DEBUG] debug-file - hvigorfile, resolving C:\Projects\ElecDraw_Harmony\features\plugin_system\hvigorfile.ts
[2026-09-14T12:48:54.586] [DEBUG] debug-file - hvigorfile, require result:  { default: { plugins: [] } }
[2026-09-14T12:48:54.586] [DEBUG] debug-file - hvigorfile, binding system plugins null
[2026-09-14T12:48:54.586] [DEBUG] debug-file - Starting plugin build process
[2026-09-14T12:48:54.586] [DEBUG] debug-file - Har plugin creating...
[2026-09-14T12:48:54.587] [DEBUG] debug-file - failed to load cangjie to dynamically generate schemas: Error: Cannot find module '@ohos/cangjie-build-support/index'
Require stack:
- C:\Program Files\Huawei\DevEco Studio\tools\hvigor\hvigor-ohos-plugin\src\plugin\hooks\cangjie-register.js
- C:\Program Files\Huawei\DevEco Studio\tools\hvigor\hvigor-ohos-plugin\src\plugin\strategy\stage-init-strategy.js
- C:\Program Files\Huawei\DevEco Studio\tools\hvigor\hvigor-ohos-plugin\src\plugin\builder\abstract-plugin-builder.js
- C:\Program Files\Huawei\DevEco Studio\tools\hvigor\hvigor-ohos-plugin\src\plugin\builder\app-plugin-builder.js
- C:\Program Files\Huawei\DevEco Studio\tools\hvigor\hvigor-ohos-plugin\src\plugin\factory\plugin-factory.js
- C:\Program Files\Huawei\DevEco Studio\tools\hvigor\hvigor-ohos-plugin\index.js
- C:\Projects\ElecDraw_Harmony\hvigorfile.ts
- C:\Program Files\Huawei\DevEco Studio\tools\hvigor\hvigor\src\base\internal\lifecycle\configuration.js
- C:\Program Files\Huawei\DevEco Studio\tools\hvigor\hvigor\src\base\boot\index.js
- C:\Program Files\Huawei\DevEco Studio\tools\hvigor\hvigor\src\base\daemon\cluster\worker-process-lifecycle.js
- C:\Program Files\Huawei\DevEco Studio\tools\hvigor\hvigor\src\base\daemon\process\daemon-process-boot-script.js
[2026-09-14T12:48:54.588] [DEBUG] debug-file - Start initialize module-target build option map, moduleName=plugin_system, buildMode=debug
[2026-09-14T12:48:54.588] [DEBUG] debug-file - Target 'default' config initialized
[2026-09-14T12:48:54.589] [DEBUG] debug-file - Module 'plugin_system' target 'default' build option initialized
[2026-09-14T12:48:54.589] [DEBUG] debug-file - End initialize module-target build option map, moduleName=plugin_system
[2026-09-14T12:48:54.589] [DEBUG] debug-file - Start initialize module-target build option map, moduleName=plugin_system, buildMode=release
[2026-09-14T12:48:54.589] [DEBUG] debug-file - Target 'default' config initialized
[2026-09-14T12:48:54.589] [DEBUG] debug-file - Module 'plugin_system' target 'default' build option initialized
[2026-09-14T12:48:54.589] [DEBUG] debug-file - End initialize module-target build option map, moduleName=plugin_system
[2026-09-14T12:48:54.589] [DEBUG] debug-file - Start initialize module-target build option map, moduleName=plugin_system, buildMode=debug
[2026-09-14T12:48:54.589] [DEBUG] debug-file - Target 'default' config initialized
[2026-09-14T12:48:54.589] [DEBUG] debug-file - Module 'plugin_system' target 'default' build option initialized
[2026-09-14T12:48:54.589] [DEBUG] debug-file - End initialize module-target build option map, moduleName=plugin_system
[2026-09-14T12:48:54.589] [DEBUG] debug-file - Obtain build option for module 'plugin_system' target 'default'in this build.
[2026-09-14T12:48:54.590] [DEBUG] debug-file - Module plugin_system task initialization takes 1 ms 
[2026-09-14T12:48:54.590] [DEBUG] debug-file - Har plugin register hook start...
[2026-09-14T12:48:54.591] [DEBUG] debug-file - Har plugin register hook end...
[2026-09-14T12:48:54.591] [DEBUG] debug-file - Plugin build process completed
[2026-09-14T12:48:54.591] [DEBUG] debug-file - hvigorfile, begin to bind custom plugins...
[2026-09-14T12:48:54.591] [DEBUG] debug-file - hvigorfile, no custom plugins were found in C:\Projects\ElecDraw_Harmony\features\plugin_system\hvigorfile.ts
[2026-09-14T12:48:54.591] [DEBUG] debug-file - hvigorfile, resolve finished C:\Projects\ElecDraw_Harmony\features\plugin_system\hvigorfile.ts
[2026-09-14T12:48:54.591] [DEBUG] debug-file - hvigorfile, resolving C:\Projects\ElecDraw_Harmony\features\pcb_editor\hvigorfile.ts
[2026-09-14T12:48:54.595] [DEBUG] debug-file - hvigorfile, require result:  { default: { plugins: [] } }
[2026-09-14T12:48:54.595] [DEBUG] debug-file - hvigorfile, binding system plugins null
[2026-09-14T12:48:54.595] [DEBUG] debug-file - Starting plugin build process
[2026-09-14T12:48:54.595] [DEBUG] debug-file - Har plugin creating...
[2026-09-14T12:48:54.596] [DEBUG] debug-file - failed to load cangjie to dynamically generate schemas: Error: Cannot find module '@ohos/cangjie-build-support/index'
Require stack:
- C:\Program Files\Huawei\DevEco Studio\tools\hvigor\hvigor-ohos-plugin\src\plugin\hooks\cangjie-register.js
- C:\Program Files\Huawei\DevEco Studio\tools\hvigor\hvigor-ohos-plugin\src\plugin\strategy\stage-init-strategy.js
- C:\Program Files\Huawei\DevEco Studio\tools\hvigor\hvigor-ohos-plugin\src\plugin\builder\abstract-plugin-builder.js
- C:\Program Files\Huawei\DevEco Studio\tools\hvigor\hvigor-ohos-plugin\src\plugin\builder\app-plugin-builder.js
- C:\Program Files\Huawei\DevEco Studio\tools\hvigor\hvigor-ohos-plugin\src\plugin\factory\plugin-factory.js
- C:\Program Files\Huawei\DevEco Studio\tools\hvigor\hvigor-ohos-plugin\index.js
- C:\Projects\ElecDraw_Harmony\hvigorfile.ts
- C:\Program Files\Huawei\DevEco Studio\tools\hvigor\hvigor\src\base\internal\lifecycle\configuration.js
- C:\Program Files\Huawei\DevEco Studio\tools\hvigor\hvigor\src\base\boot\index.js
- C:\Program Files\Huawei\DevEco Studio\tools\hvigor\hvigor\src\base\daemon\cluster\worker-process-lifecycle.js
- C:\Program Files\Huawei\DevEco Studio\tools\hvigor\hvigor\src\base\daemon\process\daemon-process-boot-script.js
[2026-09-14T12:48:54.597] [DEBUG] debug-file - Start initialize module-target build option map, moduleName=pcb_editor, buildMode=debug
[2026-09-14T12:48:54.597] [DEBUG] debug-file - Target 'default' config initialized
[2026-09-14T12:48:54.597] [DEBUG] debug-file - Module 'pcb_editor' target 'default' build option initialized
[2026-09-14T12:48:54.597] [DEBUG] debug-file - End initialize module-target build option map, moduleName=pcb_editor
[2026-09-14T12:48:54.598] [DEBUG] debug-file - Start initialize module-target build option map, moduleName=pcb_editor, buildMode=release
[2026-09-14T12:48:54.598] [DEBUG] debug-file - Target 'default' config initialized
[2026-09-14T12:48:54.598] [DEBUG] debug-file - Module 'pcb_editor' target 'default' build option initialized
[2026-09-14T12:48:54.598] [DEBUG] debug-file - End initialize module-target build option map, moduleName=pcb_editor
[2026-09-14T12:48:54.598] [DEBUG] debug-file - Start initialize module-target build option map, moduleName=pcb_editor, buildMode=debug
[2026-09-14T12:48:54.598] [DEBUG] debug-file - Target 'default' config initialized
[2026-09-14T12:48:54.598] [DEBUG] debug-file - Module 'pcb_editor' target 'default' build option initialized
[2026-09-14T12:48:54.598] [DEBUG] debug-file - End initialize module-target build option map, moduleName=pcb_editor
[2026-09-14T12:48:54.598] [DEBUG] debug-file - Obtain build option for module 'pcb_editor' target 'default'in this build.
[2026-09-14T12:48:54.600] [DEBUG] debug-file - Module pcb_editor task initialization takes 1 ms 
[2026-09-14T12:48:54.600] [DEBUG] debug-file - Har plugin register hook start...
[2026-09-14T12:48:54.600] [DEBUG] debug-file - Har plugin register hook end...
[2026-09-14T12:48:54.600] [DEBUG] debug-file - Plugin build process completed
[2026-09-14T12:48:54.600] [DEBUG] debug-file - hvigorfile, begin to bind custom plugins...
[2026-09-14T12:48:54.600] [DEBUG] debug-file - hvigorfile, no custom plugins were found in C:\Projects\ElecDraw_Harmony\features\pcb_editor\hvigorfile.ts
[2026-09-14T12:48:54.600] [DEBUG] debug-file - hvigorfile, resolve finished C:\Projects\ElecDraw_Harmony\features\pcb_editor\hvigorfile.ts
[2026-09-14T12:48:54.601] [DEBUG] debug-file - hvigorfile, resolving C:\Projects\ElecDraw_Harmony\features\agent_bridge\hvigorfile.ts
[2026-09-14T12:48:54.604] [DEBUG] debug-file - hvigorfile, require result:  { default: { plugins: [] } }
[2026-09-14T12:48:54.604] [DEBUG] debug-file - hvigorfile, binding system plugins null
[2026-09-14T12:48:54.605] [DEBUG] debug-file - Starting plugin build process
[2026-09-14T12:48:54.605] [DEBUG] debug-file - Har plugin creating...
[2026-09-14T12:48:54.606] [DEBUG] debug-file - failed to load cangjie to dynamically generate schemas: Error: Cannot find module '@ohos/cangjie-build-support/index'
Require stack:
- C:\Program Files\Huawei\DevEco Studio\tools\hvigor\hvigor-ohos-plugin\src\plugin\hooks\cangjie-register.js
- C:\Program Files\Huawei\DevEco Studio\tools\hvigor\hvigor-ohos-plugin\src\plugin\strategy\stage-init-strategy.js
- C:\Program Files\Huawei\DevEco Studio\tools\hvigor\hvigor-ohos-plugin\src\plugin\builder\abstract-plugin-builder.js
- C:\Program Files\Huawei\DevEco Studio\tools\hvigor\hvigor-ohos-plugin\src\plugin\builder\app-plugin-builder.js
- C:\Program Files\Huawei\DevEco Studio\tools\hvigor\hvigor-ohos-plugin\src\plugin\factory\plugin-factory.js
- C:\Program Files\Huawei\DevEco Studio\tools\hvigor\hvigor-ohos-plugin\index.js
- C:\Projects\ElecDraw_Harmony\hvigorfile.ts
- C:\Program Files\Huawei\DevEco Studio\tools\hvigor\hvigor\src\base\internal\lifecycle\configuration.js
- C:\Program Files\Huawei\DevEco Studio\tools\hvigor\hvigor\src\base\boot\index.js
- C:\Program Files\Huawei\DevEco Studio\tools\hvigor\hvigor\src\base\daemon\cluster\worker-process-lifecycle.js
- C:\Program Files\Huawei\DevEco Studio\tools\hvigor\hvigor\src\base\daemon\process\daemon-process-boot-script.js
[2026-09-14T12:48:54.607] [DEBUG] debug-file - Start initialize module-target build option map, moduleName=agent_bridge, buildMode=debug
[2026-09-14T12:48:54.607] [DEBUG] debug-file - Target 'default' config initialized
[2026-09-14T12:48:54.607] [DEBUG] debug-file - Module 'agent_bridge' target 'default' build option initialized
[2026-09-14T12:48:54.607] [DEBUG] debug-file - End initialize module-target build option map, moduleName=agent_bridge
[2026-09-14T12:48:54.607] [DEBUG] debug-file - Start initialize module-target build option map, moduleName=agent_bridge, buildMode=release
[2026-09-14T12:48:54.607] [DEBUG] debug-file - Target 'default' config initialized
[2026-09-14T12:48:54.607] [DEBUG] debug-file - Module 'agent_bridge' target 'default' build option initialized
[2026-09-14T12:48:54.607] [DEBUG] debug-file - End initialize module-target build option map, moduleName=agent_bridge
[2026-09-14T12:48:54.607] [DEBUG] debug-file - Start initialize module-target build option map, moduleName=agent_bridge, buildMode=debug
[2026-09-14T12:48:54.607] [DEBUG] debug-file - Target 'default' config initialized
[2026-09-14T12:48:54.607] [DEBUG] debug-file - Module 'agent_bridge' target 'default' build option initialized
[2026-09-14T12:48:54.607] [DEBUG] debug-file - End initialize module-target build option map, moduleName=agent_bridge
[2026-09-14T12:48:54.607] [DEBUG] debug-file - Obtain build option for module 'agent_bridge' target 'default'in this build.
[2026-09-14T12:48:54.608] [DEBUG] debug-file - Module agent_bridge task initialization takes 1 ms 
[2026-09-14T12:48:54.608] [DEBUG] debug-file - Har plugin register hook start...
[2026-09-14T12:48:54.608] [DEBUG] debug-file - Har plugin register hook end...
[2026-09-14T12:48:54.609] [DEBUG] debug-file - Plugin build process completed
[2026-09-14T12:48:54.609] [DEBUG] debug-file - hvigorfile, begin to bind custom plugins...
[2026-09-14T12:48:54.609] [DEBUG] debug-file - hvigorfile, no custom plugins were found in C:\Projects\ElecDraw_Harmony\features\agent_bridge\hvigorfile.ts
[2026-09-14T12:48:54.609] [DEBUG] debug-file - hvigorfile, resolve finished C:\Projects\ElecDraw_Harmony\features\agent_bridge\hvigorfile.ts
[2026-09-14T12:48:54.792] [DEBUG] debug-file - hvigorfile, resolve hvigorfile dependencies in 184 ms 
[2026-09-14T12:48:54.793] [DEBUG] debug-file - project has submodules:entry,common,schematic_editor,component_library,simulation_kernel,hex_debugger,ai_engine,ai_api_manager,file_persistence,instruments,plugin_system,pcb_editor,agent_bridge
[2026-09-14T12:48:54.794] [DEBUG] debug-file - module:common no need to execute packageHap
[2026-09-14T12:48:54.794] [DEBUG] debug-file - module:schematic_editor no need to execute packageHap
[2026-09-14T12:48:54.794] [DEBUG] debug-file - module:component_library no need to execute packageHap
[2026-09-14T12:48:54.794] [DEBUG] debug-file - module:simulation_kernel no need to execute packageHap
[2026-09-14T12:48:54.794] [DEBUG] debug-file - module:hex_debugger no need to execute packageHap
[2026-09-14T12:48:54.795] [DEBUG] debug-file - module:ai_engine no need to execute packageHap
[2026-09-14T12:48:54.795] [DEBUG] debug-file - module:ai_api_manager no need to execute packageHap
[2026-09-14T12:48:54.795] [DEBUG] debug-file - module:file_persistence no need to execute packageHap
[2026-09-14T12:48:54.795] [DEBUG] debug-file - module:instruments no need to execute packageHap
[2026-09-14T12:48:54.795] [DEBUG] debug-file - module:plugin_system no need to execute packageHap
[2026-09-14T12:48:54.795] [DEBUG] debug-file - module:pcb_editor no need to execute packageHap
[2026-09-14T12:48:54.796] [DEBUG] debug-file - module:agent_bridge no need to execute packageHap
[2026-09-14T12:48:54.798] [DEBUG] debug-file - start to load updatedOhPackageInfo to the disk
[2026-09-14T12:48:54.812] [DEBUG] debug-file - load to the disk finished
[2026-09-14T12:48:54.817] [DEBUG] debug-file - Start to initialize dependency information.
[2026-09-14T12:48:54.821] [DEBUG] debug-file - Module ElecDraw_Harmony Collected Dependency: 
[2026-09-14T12:48:54.821] [DEBUG] debug-file - Module ElecDraw_Harmony's total dependency: 0
[2026-09-14T12:48:54.822] [DEBUG] debug-file - Start to initialize dependency information.
[2026-09-14T12:48:54.860] [DEBUG] debug-file - Module entry Collected Dependency: C:\Projects\ElecDraw_Harmony\common,C:\Projects\ElecDraw_Harmony\features\schematic_editor,C:\Projects\ElecDraw_Harmony\features\component_library,C:\Projects\ElecDraw_Harmony\features\simulation_kernel,C:\Projects\ElecDraw_Harmony\features\hex_debugger,C:\Projects\ElecDraw_Harmony\features\ai_api_manager,C:\Projects\ElecDraw_Harmony\features\ai_engine,C:\Projects\ElecDraw_Harmony\features\file_persistence,C:\Projects\ElecDraw_Harmony\features\instruments,C:\Projects\ElecDraw_Harmony\features\plugin_system,C:\Projects\ElecDraw_Harmony\features\pcb_editor,C:\Projects\ElecDraw_Harmony\features\agent_bridge
[2026-09-14T12:48:54.860] [DEBUG] debug-file - Module entry's total dependency: 12
[2026-09-14T12:48:54.862] [DEBUG] debug-file - Start to initialize dependency information.
[2026-09-14T12:48:54.864] [DEBUG] debug-file - Module common Collected Dependency: 
[2026-09-14T12:48:54.864] [DEBUG] debug-file - Module common's total dependency: 0
[2026-09-14T12:48:54.865] [DEBUG] debug-file - Start to initialize dependency information.
[2026-09-14T12:48:54.866] [DEBUG] debug-file - Module schematic_editor Collected Dependency: C:\Projects\ElecDraw_Harmony\common
[2026-09-14T12:48:54.866] [DEBUG] debug-file - Module schematic_editor's total dependency: 1
[2026-09-14T12:48:54.867] [DEBUG] debug-file - Start to initialize dependency information.
[2026-09-14T12:48:54.869] [DEBUG] debug-file - Module component_library Collected Dependency: C:\Projects\ElecDraw_Harmony\common
[2026-09-14T12:48:54.869] [DEBUG] debug-file - Module component_library's total dependency: 1
[2026-09-14T12:48:54.869] [DEBUG] debug-file - Start to initialize dependency information.
[2026-09-14T12:48:54.870] [DEBUG] debug-file - Module simulation_kernel Collected Dependency: C:\Projects\ElecDraw_Harmony\common
[2026-09-14T12:48:54.871] [DEBUG] debug-file - Module simulation_kernel's total dependency: 1
[2026-09-14T12:48:54.871] [DEBUG] debug-file - Start to initialize dependency information.
[2026-09-14T12:48:54.873] [DEBUG] debug-file - Module hex_debugger Collected Dependency: C:\Projects\ElecDraw_Harmony\common
[2026-09-14T12:48:54.873] [DEBUG] debug-file - Module hex_debugger's total dependency: 1
[2026-09-14T12:48:54.874] [DEBUG] debug-file - Start to initialize dependency information.
[2026-09-14T12:48:54.875] [DEBUG] debug-file - Module ai_engine Collected Dependency: C:\Projects\ElecDraw_Harmony\common,C:\Projects\ElecDraw_Harmony\features\ai_api_manager,C:\Projects\ElecDraw_Harmony\features\component_library
[2026-09-14T12:48:54.875] [DEBUG] debug-file - Module ai_engine's total dependency: 3
[2026-09-14T12:48:54.880] [DEBUG] debug-file - Start to initialize dependency information.
[2026-09-14T12:48:54.882] [DEBUG] debug-file - Module ai_api_manager Collected Dependency: C:\Projects\ElecDraw_Harmony\common
[2026-09-14T12:48:54.882] [DEBUG] debug-file - Module ai_api_manager's total dependency: 1
[2026-09-14T12:48:54.883] [DEBUG] debug-file - Start to initialize dependency information.
[2026-09-14T12:48:54.884] [DEBUG] debug-file - Module file_persistence Collected Dependency: C:\Projects\ElecDraw_Harmony\common
[2026-09-14T12:48:54.884] [DEBUG] debug-file - Module file_persistence's total dependency: 1
[2026-09-14T12:48:54.884] [DEBUG] debug-file - Start to initialize dependency information.
[2026-09-14T12:48:54.885] [DEBUG] debug-file - Module instruments Collected Dependency: C:\Projects\ElecDraw_Harmony\common
[2026-09-14T12:48:54.886] [DEBUG] debug-file - Module instruments's total dependency: 1
[2026-09-14T12:48:54.886] [DEBUG] debug-file - Start to initialize dependency information.
[2026-09-14T12:48:54.887] [DEBUG] debug-file - Module plugin_system Collected Dependency: C:\Projects\ElecDraw_Harmony\common
[2026-09-14T12:48:54.887] [DEBUG] debug-file - Module plugin_system's total dependency: 1
[2026-09-14T12:48:54.888] [DEBUG] debug-file - Start to initialize dependency information.
[2026-09-14T12:48:54.889] [DEBUG] debug-file - Module pcb_editor Collected Dependency: C:\Projects\ElecDraw_Harmony\common
[2026-09-14T12:48:54.889] [DEBUG] debug-file - Module pcb_editor's total dependency: 1
[2026-09-14T12:48:54.890] [DEBUG] debug-file - Start to initialize dependency information.
[2026-09-14T12:48:54.893] [DEBUG] debug-file - Module agent_bridge Collected Dependency: C:\Projects\ElecDraw_Harmony\common,C:\Projects\ElecDraw_Harmony\features\schematic_editor,C:\Projects\ElecDraw_Harmony\features\component_library,C:\Projects\ElecDraw_Harmony\features\pcb_editor
[2026-09-14T12:48:54.893] [DEBUG] debug-file - Module agent_bridge's total dependency: 4
[2026-09-14T12:48:54.894] [DEBUG] debug-file - Configuration phase cost:504 ms 
[2026-09-14T12:48:54.899] [DEBUG] debug-file - Configuration task cost before running: 536 ms 
[2026-09-14T12:48:54.902] [DEBUG] debug-file - Executing task :entry:default@PreBuild
[2026-09-14T12:48:54.921] [DEBUG] debug-file - Task 'entry:default@PreBuild' cost while wrapping incremental declarations: 1 ms 
[2026-09-14T12:48:54.926] [DEBUG] debug-file - Incremental task entry:default@PreBuild pre-execution cost: 3 ms .
[2026-09-14T12:48:54.926] [DEBUG] debug-file - entry : default@PreBuild cost memory 1.7110824584960938
[2026-09-14T12:48:54.927] [INFO] debug-file - UP-TO-DATE :entry:default@PreBuild...  
[2026-09-14T12:48:54.929] [DEBUG] debug-file - Executing task :common:default@PreBuild
[2026-09-14T12:48:54.931] [DEBUG] debug-file - Task 'common:default@PreBuild' cost while wrapping incremental declarations: 1 ms 
[2026-09-14T12:48:54.934] [DEBUG] debug-file - Incremental task common:default@PreBuild pre-execution cost: 3 ms .
[2026-09-14T12:48:54.935] [DEBUG] debug-file - common : default@PreBuild cost memory 0.492706298828125
[2026-09-14T12:48:54.936] [INFO] debug-file - UP-TO-DATE :common:default@PreBuild...  
[2026-09-14T12:48:54.937] [DEBUG] debug-file - Executing task :schematic_editor:default@PreBuild
[2026-09-14T12:48:54.940] [DEBUG] debug-file - Task 'schematic_editor:default@PreBuild' cost while wrapping incremental declarations: 1 ms 
[2026-09-14T12:48:54.945] [DEBUG] debug-file - Incremental task schematic_editor:default@PreBuild pre-execution cost: 4 ms .
[2026-09-14T12:48:54.945] [DEBUG] debug-file - schematic_editor : default@PreBuild cost memory 0.504913330078125
[2026-09-14T12:48:54.946] [INFO] debug-file - UP-TO-DATE :schematic_editor:default@PreBuild...  
[2026-09-14T12:48:54.947] [DEBUG] debug-file - Executing task :component_library:default@PreBuild
[2026-09-14T12:48:54.949] [DEBUG] debug-file - Task 'component_library:default@PreBuild' cost while wrapping incremental declarations: 1 ms 
[2026-09-14T12:48:54.952] [DEBUG] debug-file - Incremental task component_library:default@PreBuild pre-execution cost: 3 ms .
[2026-09-14T12:48:54.952] [DEBUG] debug-file - component_library : default@PreBuild cost memory 0.5400619506835938
[2026-09-14T12:48:54.954] [INFO] debug-file - UP-TO-DATE :component_library:default@PreBuild...  
[2026-09-14T12:48:54.955] [DEBUG] debug-file - Executing task :simulation_kernel:default@PreBuild
[2026-09-14T12:48:54.956] [DEBUG] debug-file - Task 'simulation_kernel:default@PreBuild' cost while wrapping incremental declarations: 1 ms 
[2026-09-14T12:48:54.960] [DEBUG] debug-file - Incremental task simulation_kernel:default@PreBuild pre-execution cost: 3 ms .
[2026-09-14T12:48:54.960] [DEBUG] debug-file - simulation_kernel : default@PreBuild cost memory 0.4993133544921875
[2026-09-14T12:48:54.962] [INFO] debug-file - UP-TO-DATE :simulation_kernel:default@PreBuild...  
[2026-09-14T12:48:54.963] [DEBUG] debug-file - Executing task :hex_debugger:default@PreBuild
[2026-09-14T12:48:54.964] [DEBUG] debug-file - Task 'hex_debugger:default@PreBuild' cost while wrapping incremental declarations: 1 ms 
[2026-09-14T12:48:54.968] [DEBUG] debug-file - Incremental task hex_debugger:default@PreBuild pre-execution cost: 3 ms .
[2026-09-14T12:48:54.968] [DEBUG] debug-file - hex_debugger : default@PreBuild cost memory 0.4973907470703125
[2026-09-14T12:48:54.969] [INFO] debug-file - UP-TO-DATE :hex_debugger:default@PreBuild...  
[2026-09-14T12:48:54.970] [DEBUG] debug-file - Executing task :ai_api_manager:default@PreBuild
[2026-09-14T12:48:54.972] [DEBUG] debug-file - Task 'ai_api_manager:default@PreBuild' cost while wrapping incremental declarations: 1 ms 
[2026-09-14T12:48:54.976] [DEBUG] debug-file - Incremental task ai_api_manager:default@PreBuild pre-execution cost: 3 ms .
[2026-09-14T12:48:54.976] [DEBUG] debug-file - ai_api_manager : default@PreBuild cost memory 0.49810791015625
[2026-09-14T12:48:54.977] [INFO] debug-file - UP-TO-DATE :ai_api_manager:default@PreBuild...  
[2026-09-14T12:48:54.979] [DEBUG] debug-file - Executing task :ai_engine:default@PreBuild
[2026-09-14T12:48:54.980] [DEBUG] debug-file - Task 'ai_engine:default@PreBuild' cost while wrapping incremental declarations: 1 ms 
[2026-09-14T12:48:54.984] [DEBUG] debug-file - Incremental task ai_engine:default@PreBuild pre-execution cost: 3 ms .
[2026-09-14T12:48:54.984] [DEBUG] debug-file - ai_engine : default@PreBuild cost memory 0.513336181640625
[2026-09-14T12:48:54.985] [INFO] debug-file - UP-TO-DATE :ai_engine:default@PreBuild...  
[2026-09-14T12:48:54.987] [DEBUG] debug-file - Executing task :file_persistence:default@PreBuild
[2026-09-14T12:48:54.989] [DEBUG] debug-file - Task 'file_persistence:default@PreBuild' cost while wrapping incremental declarations: 1 ms 
[2026-09-14T12:48:54.993] [DEBUG] debug-file - Incremental task file_persistence:default@PreBuild pre-execution cost: 3 ms .
[2026-09-14T12:48:54.993] [DEBUG] debug-file - file_persistence : default@PreBuild cost memory 0.49884796142578125
[2026-09-14T12:48:54.995] [INFO] debug-file - UP-TO-DATE :file_persistence:default@PreBuild...  
[2026-09-14T12:48:54.997] [DEBUG] debug-file - Executing task :instruments:default@PreBuild
[2026-09-14T12:48:54.999] [DEBUG] debug-file - Task 'instruments:default@PreBuild' cost while wrapping incremental declarations: 1 ms 
[2026-09-14T12:48:55.003] [DEBUG] debug-file - Incremental task instruments:default@PreBuild pre-execution cost: 3 ms .
[2026-09-14T12:48:55.003] [DEBUG] debug-file - instruments : default@PreBuild cost memory 0.5027542114257812
[2026-09-14T12:48:55.004] [INFO] debug-file - UP-TO-DATE :instruments:default@PreBuild...  
[2026-09-14T12:48:55.005] [DEBUG] debug-file - Executing task :plugin_system:default@PreBuild
[2026-09-14T12:48:55.007] [DEBUG] debug-file - Task 'plugin_system:default@PreBuild' cost while wrapping incremental declarations: 1 ms 
[2026-09-14T12:48:55.011] [DEBUG] debug-file - Incremental task plugin_system:default@PreBuild pre-execution cost: 3 ms .
[2026-09-14T12:48:55.011] [DEBUG] debug-file - plugin_system : default@PreBuild cost memory 0.4973297119140625
[2026-09-14T12:48:55.012] [INFO] debug-file - UP-TO-DATE :plugin_system:default@PreBuild...  
[2026-09-14T12:48:55.013] [DEBUG] debug-file - Executing task :pcb_editor:default@PreBuild
[2026-09-14T12:48:55.015] [DEBUG] debug-file - Task 'pcb_editor:default@PreBuild' cost while wrapping incremental declarations: 1 ms 
[2026-09-14T12:48:55.018] [DEBUG] debug-file - Incremental task pcb_editor:default@PreBuild pre-execution cost: 3 ms .
[2026-09-14T12:48:55.018] [DEBUG] debug-file - pcb_editor : default@PreBuild cost memory 0.50653076171875
[2026-09-14T12:48:55.019] [INFO] debug-file - UP-TO-DATE :pcb_editor:default@PreBuild...  
[2026-09-14T12:48:55.021] [DEBUG] debug-file - Executing task :agent_bridge:default@PreBuild
[2026-09-14T12:48:55.023] [DEBUG] debug-file - Task 'agent_bridge:default@PreBuild' cost while wrapping incremental declarations: 1 ms 
[2026-09-14T12:48:55.027] [DEBUG] debug-file - Incremental task agent_bridge:default@PreBuild pre-execution cost: 3 ms .
[2026-09-14T12:48:55.027] [DEBUG] debug-file - agent_bridge : default@PreBuild cost memory 0.506378173828125
[2026-09-14T12:48:55.028] [INFO] debug-file - UP-TO-DATE :agent_bridge:default@PreBuild...  
[2026-09-14T12:48:55.030] [DEBUG] debug-file - Executing task :entry:default@CreateModuleInfo
[2026-09-14T12:48:55.030] [DEBUG] debug-file - Task 'entry:default@CreateModuleInfo' cost while wrapping incremental declarations: 1 ms 
[2026-09-14T12:48:55.030] [DEBUG] debug-file - entry : default@CreateModuleInfo cost memory 0.03688812255859375
[2026-09-14T12:48:55.030] [DEBUG] debug-file - runTaskFromQueue task cost before running: 667 ms 
[2026-09-14T12:48:55.031] [INFO] debug-file - Finished :entry:default@CreateModuleInfo... after 1 ms 
[2026-09-14T12:48:55.038] [DEBUG] debug-file - Executing task :entry:default@GenerateMetadata
[2026-09-14T12:48:55.038] [DEBUG] debug-file - Task 'entry:default@GenerateMetadata' cost while wrapping incremental declarations: 1 ms 
[2026-09-14T12:48:55.039] [DEBUG] debug-file - Incremental task entry:default@GenerateMetadata pre-execution cost: 1 ms .
[2026-09-14T12:48:55.039] [DEBUG] debug-file - entry : default@GenerateMetadata cost memory 0.07736968994140625
[2026-09-14T12:48:55.039] [INFO] debug-file - UP-TO-DATE :entry:default@GenerateMetadata...  
[2026-09-14T12:48:55.040] [DEBUG] debug-file - Executing task :entry:default@PreCheckSyscap
[2026-09-14T12:48:55.040] [DEBUG] debug-file - entry : default@PreCheckSyscap cost memory 0.01690673828125
[2026-09-14T12:48:55.040] [DEBUG] debug-file - runTaskFromQueue task cost before running: 677 ms 
[2026-09-14T12:48:55.040] [INFO] debug-file - Finished :entry:default@PreCheckSyscap... after 1 ms 
[2026-09-14T12:48:55.042] [DEBUG] debug-file - Executing task :entry:default@GeneratePkgContextInfo
[2026-09-14T12:48:55.049] [DEBUG] debug-file - Task 'entry:default@GeneratePkgContextInfo' cost while wrapping incremental declarations: 1 ms 
[2026-09-14T12:48:55.049] [DEBUG] debug-file - entry : default@GeneratePkgContextInfo cost memory 1.0536041259765625
[2026-09-14T12:48:55.050] [DEBUG] debug-file - runTaskFromQueue task cost before running: 686 ms 
[2026-09-14T12:48:55.050] [INFO] debug-file - Finished :entry:default@GeneratePkgContextInfo... after 8 ms 
[2026-09-14T12:48:55.050] [DEBUG] debug-file - Executing task :entry:default@GeneratePkgSdkInfo
[2026-09-14T12:48:55.054] [DEBUG] debug-file - Task 'entry:default@GeneratePkgSdkInfo' cost while wrapping incremental declarations: 1 ms 
[2026-09-14T12:48:55.055] [DEBUG] debug-file - Incremental task entry:default@GeneratePkgSdkInfo pre-execution cost: 1 ms .
[2026-09-14T12:48:55.055] [DEBUG] debug-file - entry : default@GeneratePkgSdkInfo cost memory 0.313385009765625
[2026-09-14T12:48:55.055] [INFO] debug-file - UP-TO-DATE :entry:default@GeneratePkgSdkInfo...  
[2026-09-14T12:48:55.060] [DEBUG] debug-file - Executing task :entry:default@ProcessIntegratedHsp
[2026-09-14T12:48:55.060] [DEBUG] debug-file - entry:default@ProcessIntegratedHsp is not up-to-date, since the output file 'C:\Projects\ElecDraw_Harmony\build\cache\default\integrated_hsp\integratedHspCache.json' does not exist.
[2026-09-14T12:48:55.060] [DEBUG] debug-file - Incremental task entry:default@ProcessIntegratedHsp pre-execution cost: 1 ms .
[2026-09-14T12:48:55.060] [DEBUG] debug-file - entry : default@ProcessIntegratedHsp cost memory 0.05248260498046875
[2026-09-14T12:48:55.060] [DEBUG] debug-file - runTaskFromQueue task cost before running: 697 ms 
[2026-09-14T12:48:55.060] [INFO] debug-file - Finished :entry:default@ProcessIntegratedHsp... after 1 ms 
[2026-09-14T12:48:55.061] [DEBUG] debug-file - Executing task :common:default@CreateHarBuildProfile
[2026-09-14T12:48:55.062] [DEBUG] debug-file - Task 'common:default@CreateHarBuildProfile' cost while wrapping incremental declarations: 1 ms 
[2026-09-14T12:48:55.062] [DEBUG] debug-file - Incremental task common:default@CreateHarBuildProfile pre-execution cost: 1 ms .
[2026-09-14T12:48:55.062] [DEBUG] debug-file - common : default@CreateHarBuildProfile cost memory 0.07839202880859375
[2026-09-14T12:48:55.062] [INFO] debug-file - UP-TO-DATE :common:default@CreateHarBuildProfile...  
[2026-09-14T12:48:55.063] [DEBUG] debug-file - Executing task :common:default@ConfigureCmake
[2026-09-14T12:48:55.063] [DEBUG] debug-file - common : default@ConfigureCmake cost memory 0.01598358154296875
[2026-09-14T12:48:55.063] [DEBUG] debug-file - runTaskFromQueue task cost before running: 700 ms 
[2026-09-14T12:48:55.063] [INFO] debug-file - Finished :common:default@ConfigureCmake... after 1 ms 
[2026-09-14T12:48:55.064] [DEBUG] debug-file - Executing task :common:default@MergeProfile
[2026-09-14T12:48:55.064] [DEBUG] debug-file - Task 'common:default@MergeProfile' cost while wrapping incremental declarations: 1 ms 
[2026-09-14T12:48:55.065] [DEBUG] debug-file - Incremental task common:default@MergeProfile pre-execution cost: 1 ms .
[2026-09-14T12:48:55.065] [DEBUG] debug-file - common : default@MergeProfile cost memory 0.1095428466796875
[2026-09-14T12:48:55.065] [INFO] debug-file - UP-TO-DATE :common:default@MergeProfile...  
[2026-09-14T12:48:55.066] [DEBUG] debug-file - Executing task :entry:default@SyscapTransform
[2026-09-14T12:48:55.066] [DEBUG] debug-file - File: 'C:\Projects\ElecDraw_Harmony\entry\src\main\syscap.json' from 'sysCapJsonPath' is not exists, just ignore.
[2026-09-14T12:48:55.066] [DEBUG] debug-file - Task 'entry:default@SyscapTransform' cost while wrapping incremental declarations: 1 ms 
[2026-09-14T12:48:55.067] [DEBUG] debug-file - entry:default@SyscapTransform is not up-to-date, since the output file 'C:\Projects\ElecDraw_Harmony\entry\build\default\intermediates\syscap\default\rpcid.sc' does not exist.
[2026-09-14T12:48:55.067] [DEBUG] debug-file - Incremental task entry:default@SyscapTransform pre-execution cost: 1 ms .
[2026-09-14T12:48:55.067] [DEBUG] debug-file - entry : default@SyscapTransform cost memory 0.14522552490234375
[2026-09-14T12:48:55.067] [DEBUG] debug-file - runTaskFromQueue task cost before running: 704 ms 
[2026-09-14T12:48:55.067] [INFO] debug-file - Finished :entry:default@SyscapTransform... after 2 ms 
[2026-09-14T12:48:55.068] [DEBUG] debug-file - Executing task :entry:default@ProcessRouterMap
[2026-09-14T12:48:55.070] [DEBUG] debug-file - Incremental task entry:default@ProcessRouterMap pre-execution cost: 2 ms .
[2026-09-14T12:48:55.070] [DEBUG] debug-file - entry : default@ProcessRouterMap cost memory 0.1699066162109375
[2026-09-14T12:48:55.071] [INFO] debug-file - UP-TO-DATE :entry:default@ProcessRouterMap...  
[2026-09-14T12:48:55.072] [DEBUG] debug-file - Executing task :entry:default@ProcessShareConfig
[2026-09-14T12:48:55.075] [DEBUG] debug-file - Incremental task entry:default@ProcessShareConfig pre-execution cost: 2 ms .
[2026-09-14T12:48:55.075] [DEBUG] debug-file - entry : default@ProcessShareConfig cost memory 0.14760589599609375
[2026-09-14T12:48:55.076] [INFO] debug-file - UP-TO-DATE :entry:default@ProcessShareConfig...  
[2026-09-14T12:48:55.077] [DEBUG] debug-file - Executing task :entry:default@ProcessStartupConfig
[2026-09-14T12:48:55.077] [DEBUG] debug-file - Task 'entry:default@ProcessStartupConfig' cost while wrapping incremental declarations: 1 ms 
[2026-09-14T12:48:55.077] [DEBUG] debug-file - entry:default@ProcessStartupConfig is not up-to-date, since the output file 'C:\Projects\ElecDraw_Harmony\entry\build\default\intermediates\startup\default\startup_config.json' does not exist.
[2026-09-14T12:48:55.078] [DEBUG] debug-file - Incremental task entry:default@ProcessStartupConfig pre-execution cost: 1 ms .
[2026-09-14T12:48:55.078] [DEBUG] debug-file - entry : default@ProcessStartupConfig cost memory 0.1420745849609375
[2026-09-14T12:48:55.078] [DEBUG] debug-file - runTaskFromQueue task cost before running: 715 ms 
[2026-09-14T12:48:55.078] [INFO] debug-file - Finished :entry:default@ProcessStartupConfig... after 2 ms 
[2026-09-14T12:48:55.079] [DEBUG] debug-file - Executing task :schematic_editor:default@CreateHarBuildProfile
[2026-09-14T12:48:55.079] [DEBUG] debug-file - Task 'schematic_editor:default@CreateHarBuildProfile' cost while wrapping incremental declarations: 1 ms 
[2026-09-14T12:48:55.080] [DEBUG] debug-file - Incremental task schematic_editor:default@CreateHarBuildProfile pre-execution cost: 1 ms .
[2026-09-14T12:48:55.080] [DEBUG] debug-file - schematic_editor : default@CreateHarBuildProfile cost memory 0.07546234130859375
[2026-09-14T12:48:55.081] [INFO] debug-file - UP-TO-DATE :schematic_editor:default@CreateHarBuildProfile...  
[2026-09-14T12:48:55.081] [DEBUG] debug-file - Executing task :component_library:default@CreateHarBuildProfile
[2026-09-14T12:48:55.081] [DEBUG] debug-file - Task 'component_library:default@CreateHarBuildProfile' cost while wrapping incremental declarations: 1 ms 
[2026-09-14T12:48:55.082] [DEBUG] debug-file - Incremental task component_library:default@CreateHarBuildProfile pre-execution cost: 1 ms .
[2026-09-14T12:48:55.082] [DEBUG] debug-file - component_library : default@CreateHarBuildProfile cost memory 0.07549285888671875
[2026-09-14T12:48:55.082] [INFO] debug-file - UP-TO-DATE :component_library:default@CreateHarBuildProfile...  
[2026-09-14T12:48:55.083] [DEBUG] debug-file - Executing task :simulation_kernel:default@CreateHarBuildProfile
[2026-09-14T12:48:55.083] [DEBUG] debug-file - Task 'simulation_kernel:default@CreateHarBuildProfile' cost while wrapping incremental declarations: 1 ms 
[2026-09-14T12:48:55.084] [DEBUG] debug-file - Incremental task simulation_kernel:default@CreateHarBuildProfile pre-execution cost: 1 ms .
[2026-09-14T12:48:55.084] [DEBUG] debug-file - simulation_kernel : default@CreateHarBuildProfile cost memory 0.07769012451171875
[2026-09-14T12:48:55.084] [INFO] debug-file - UP-TO-DATE :simulation_kernel:default@CreateHarBuildProfile...  
[2026-09-14T12:48:55.085] [DEBUG] debug-file - Executing task :hex_debugger:default@CreateHarBuildProfile
[2026-09-14T12:48:55.085] [DEBUG] debug-file - Task 'hex_debugger:default@CreateHarBuildProfile' cost while wrapping incremental declarations: 1 ms 
[2026-09-14T12:48:55.086] [DEBUG] debug-file - Incremental task hex_debugger:default@CreateHarBuildProfile pre-execution cost: 1 ms .
[2026-09-14T12:48:55.086] [DEBUG] debug-file - hex_debugger : default@CreateHarBuildProfile cost memory 0.0754241943359375
[2026-09-14T12:48:55.086] [INFO] debug-file - UP-TO-DATE :hex_debugger:default@CreateHarBuildProfile...  
[2026-09-14T12:48:55.086] [DEBUG] debug-file - Executing task :ai_api_manager:default@CreateHarBuildProfile
[2026-09-14T12:48:55.086] [DEBUG] debug-file - Task 'ai_api_manager:default@CreateHarBuildProfile' cost while wrapping incremental declarations: 1 ms 
[2026-09-14T12:48:55.087] [DEBUG] debug-file - Incremental task ai_api_manager:default@CreateHarBuildProfile pre-execution cost: 1 ms .
[2026-09-14T12:48:55.087] [DEBUG] debug-file - ai_api_manager : default@CreateHarBuildProfile cost memory 0.075439453125
[2026-09-14T12:48:55.087] [INFO] debug-file - UP-TO-DATE :ai_api_manager:default@CreateHarBuildProfile...  
[2026-09-14T12:48:55.088] [DEBUG] debug-file - Executing task :file_persistence:default@CreateHarBuildProfile
[2026-09-14T12:48:55.088] [DEBUG] debug-file - Task 'file_persistence:default@CreateHarBuildProfile' cost while wrapping incremental declarations: 1 ms 
[2026-09-14T12:48:55.088] [DEBUG] debug-file - Incremental task file_persistence:default@CreateHarBuildProfile pre-execution cost: 1 ms .
[2026-09-14T12:48:55.088] [DEBUG] debug-file - file_persistence : default@CreateHarBuildProfile cost memory 0.07863616943359375
[2026-09-14T12:48:55.088] [INFO] debug-file - UP-TO-DATE :file_persistence:default@CreateHarBuildProfile...  
[2026-09-14T12:48:55.089] [DEBUG] debug-file - Executing task :instruments:default@CreateHarBuildProfile
[2026-09-14T12:48:55.089] [DEBUG] debug-file - Task 'instruments:default@CreateHarBuildProfile' cost while wrapping incremental declarations: 1 ms 
[2026-09-14T12:48:55.090] [DEBUG] debug-file - Incremental task instruments:default@CreateHarBuildProfile pre-execution cost: 1 ms .
[2026-09-14T12:48:55.090] [DEBUG] debug-file - instruments : default@CreateHarBuildProfile cost memory 0.078765869140625
[2026-09-14T12:48:55.090] [INFO] debug-file - UP-TO-DATE :instruments:default@CreateHarBuildProfile...  
[2026-09-14T12:48:55.091] [DEBUG] debug-file - Executing task :plugin_system:default@CreateHarBuildProfile
[2026-09-14T12:48:55.091] [DEBUG] debug-file - Task 'plugin_system:default@CreateHarBuildProfile' cost while wrapping incremental declarations: 1 ms 
[2026-09-14T12:48:55.091] [DEBUG] debug-file - Incremental task plugin_system:default@CreateHarBuildProfile pre-execution cost: 1 ms .
[2026-09-14T12:48:55.092] [DEBUG] debug-file - plugin_system : default@CreateHarBuildProfile cost memory 0.0752105712890625
[2026-09-14T12:48:55.092] [INFO] debug-file - UP-TO-DATE :plugin_system:default@CreateHarBuildProfile...  
[2026-09-14T12:48:55.092] [DEBUG] debug-file - Executing task :pcb_editor:default@CreateHarBuildProfile
[2026-09-14T12:48:55.093] [DEBUG] debug-file - Task 'pcb_editor:default@CreateHarBuildProfile' cost while wrapping incremental declarations: 1 ms 
[2026-09-14T12:48:55.093] [DEBUG] debug-file - Incremental task pcb_editor:default@CreateHarBuildProfile pre-execution cost: 1 ms .
[2026-09-14T12:48:55.094] [DEBUG] debug-file - pcb_editor : default@CreateHarBuildProfile cost memory 0.09041595458984375
[2026-09-14T12:48:55.094] [INFO] debug-file - UP-TO-DATE :pcb_editor:default@CreateHarBuildProfile...  
[2026-09-14T12:48:55.095] [DEBUG] debug-file - Executing task :common:default@BuildNativeWithCmake
[2026-09-14T12:48:55.095] [DEBUG] debug-file - common : default@BuildNativeWithCmake cost memory 0.01345062255859375
[2026-09-14T12:48:55.095] [DEBUG] debug-file - runTaskFromQueue task cost before running: 732 ms 
[2026-09-14T12:48:55.095] [INFO] debug-file - Finished :common:default@BuildNativeWithCmake... after 1 ms 
[2026-09-14T12:48:55.096] [DEBUG] debug-file - Executing task :schematic_editor:default@MergeProfile
[2026-09-14T12:48:55.096] [DEBUG] debug-file - Task 'schematic_editor:default@MergeProfile' cost while wrapping incremental declarations: 1 ms 
[2026-09-14T12:48:55.097] [DEBUG] debug-file - Incremental task schematic_editor:default@MergeProfile pre-execution cost: 1 ms .
[2026-09-14T12:48:55.097] [DEBUG] debug-file - schematic_editor : default@MergeProfile cost memory 0.13379669189453125
[2026-09-14T12:48:55.097] [INFO] debug-file - UP-TO-DATE :schematic_editor:default@MergeProfile...  
[2026-09-14T12:48:55.098] [DEBUG] debug-file - Executing task :component_library:default@MergeProfile
[2026-09-14T12:48:55.098] [DEBUG] debug-file - Task 'component_library:default@MergeProfile' cost while wrapping incremental declarations: 1 ms 
[2026-09-14T12:48:55.099] [DEBUG] debug-file - Incremental task component_library:default@MergeProfile pre-execution cost: 1 ms .
[2026-09-14T12:48:55.099] [DEBUG] debug-file - component_library : default@MergeProfile cost memory 0.13364410400390625
[2026-09-14T12:48:55.100] [INFO] debug-file - UP-TO-DATE :component_library:default@MergeProfile...  
[2026-09-14T12:48:55.100] [DEBUG] debug-file - Executing task :simulation_kernel:default@MergeProfile
[2026-09-14T12:48:55.100] [DEBUG] debug-file - Task 'simulation_kernel:default@MergeProfile' cost while wrapping incremental declarations: 1 ms 
[2026-09-14T12:48:55.102] [DEBUG] debug-file - Incremental task simulation_kernel:default@MergeProfile pre-execution cost: 1 ms .
[2026-09-14T12:48:55.102] [DEBUG] debug-file - simulation_kernel : default@MergeProfile cost memory 0.1339111328125
[2026-09-14T12:48:55.102] [INFO] debug-file - UP-TO-DATE :simulation_kernel:default@MergeProfile...  
[2026-09-14T12:48:55.102] [DEBUG] debug-file - Executing task :hex_debugger:default@MergeProfile
[2026-09-14T12:48:55.103] [DEBUG] debug-file - Task 'hex_debugger:default@MergeProfile' cost while wrapping incremental declarations: 1 ms 
[2026-09-14T12:48:55.104] [DEBUG] debug-file - Incremental task hex_debugger:default@MergeProfile pre-execution cost: 2 ms .
[2026-09-14T12:48:55.104] [DEBUG] debug-file - hex_debugger : default@MergeProfile cost memory 0.1363983154296875
[2026-09-14T12:48:55.105] [INFO] debug-file - UP-TO-DATE :hex_debugger:default@MergeProfile...  
[2026-09-14T12:48:55.105] [DEBUG] debug-file - Executing task :ai_api_manager:default@MergeProfile
[2026-09-14T12:48:55.105] [DEBUG] debug-file - Task 'ai_api_manager:default@MergeProfile' cost while wrapping incremental declarations: 1 ms 
[2026-09-14T12:48:55.107] [DEBUG] debug-file - Incremental task ai_api_manager:default@MergeProfile pre-execution cost: 1 ms .
[2026-09-14T12:48:55.107] [DEBUG] debug-file - ai_api_manager : default@MergeProfile cost memory 0.13381195068359375
[2026-09-14T12:48:55.107] [INFO] debug-file - UP-TO-DATE :ai_api_manager:default@MergeProfile...  
[2026-09-14T12:48:55.107] [DEBUG] debug-file - Executing task :file_persistence:default@MergeProfile
[2026-09-14T12:48:55.108] [DEBUG] debug-file - Task 'file_persistence:default@MergeProfile' cost while wrapping incremental declarations: 1 ms 
[2026-09-14T12:48:55.109] [DEBUG] debug-file - Incremental task file_persistence:default@MergeProfile pre-execution cost: 2 ms .
[2026-09-14T12:48:55.109] [DEBUG] debug-file - file_persistence : default@MergeProfile cost memory 0.1368255615234375
[2026-09-14T12:48:55.110] [INFO] debug-file - UP-TO-DATE :file_persistence:default@MergeProfile...  
[2026-09-14T12:48:55.110] [DEBUG] debug-file - Executing task :instruments:default@MergeProfile
[2026-09-14T12:48:55.110] [DEBUG] debug-file - Task 'instruments:default@MergeProfile' cost while wrapping incremental declarations: 1 ms 
[2026-09-14T12:48:55.111] [DEBUG] debug-file - Incremental task instruments:default@MergeProfile pre-execution cost: 1 ms .
[2026-09-14T12:48:55.112] [DEBUG] debug-file - instruments : default@MergeProfile cost memory 0.13318634033203125
[2026-09-14T12:48:55.112] [INFO] debug-file - UP-TO-DATE :instruments:default@MergeProfile...  
[2026-09-14T12:48:55.112] [DEBUG] debug-file - Executing task :plugin_system:default@MergeProfile
[2026-09-14T12:48:55.113] [DEBUG] debug-file - Task 'plugin_system:default@MergeProfile' cost while wrapping incremental declarations: 1 ms 
[2026-09-14T12:48:55.114] [DEBUG] debug-file - Incremental task plugin_system:default@MergeProfile pre-execution cost: 2 ms .
[2026-09-14T12:48:55.114] [DEBUG] debug-file - plugin_system : default@MergeProfile cost memory 0.13671112060546875
[2026-09-14T12:48:55.114] [INFO] debug-file - UP-TO-DATE :plugin_system:default@MergeProfile...  
[2026-09-14T12:48:55.115] [DEBUG] debug-file - Executing task :pcb_editor:default@MergeProfile
[2026-09-14T12:48:55.115] [DEBUG] debug-file - Task 'pcb_editor:default@MergeProfile' cost while wrapping incremental declarations: 1 ms 
[2026-09-14T12:48:55.117] [DEBUG] debug-file - Incremental task pcb_editor:default@MergeProfile pre-execution cost: 2 ms .
[2026-09-14T12:48:55.117] [DEBUG] debug-file - pcb_editor : default@MergeProfile cost memory 0.375152587890625
[2026-09-14T12:48:55.117] [INFO] debug-file - UP-TO-DATE :pcb_editor:default@MergeProfile...  
[2026-09-14T12:48:55.118] [DEBUG] debug-file - Obtain build option for module 'common' target 'default'in this build.
[2026-09-14T12:48:55.118] [DEBUG] debug-file - Obtain build option for module 'schematic_editor' target 'default'in this build.
[2026-09-14T12:48:55.118] [DEBUG] debug-file - Obtain build option for module 'component_library' target 'default'in this build.
[2026-09-14T12:48:55.118] [DEBUG] debug-file - Obtain build option for module 'simulation_kernel' target 'default'in this build.
[2026-09-14T12:48:55.118] [DEBUG] debug-file - Obtain build option for module 'hex_debugger' target 'default'in this build.
[2026-09-14T12:48:55.118] [DEBUG] debug-file - Obtain build option for module 'ai_api_manager' target 'default'in this build.
[2026-09-14T12:48:55.118] [DEBUG] debug-file - Obtain build option for module 'ai_engine' target 'default'in this build.
[2026-09-14T12:48:55.118] [DEBUG] debug-file - Obtain build option for module 'file_persistence' target 'default'in this build.
[2026-09-14T12:48:55.118] [DEBUG] debug-file - Obtain build option for module 'instruments' target 'default'in this build.
[2026-09-14T12:48:55.118] [DEBUG] debug-file - Obtain build option for module 'plugin_system' target 'default'in this build.
[2026-09-14T12:48:55.118] [DEBUG] debug-file - Obtain build option for module 'pcb_editor' target 'default'in this build.
[2026-09-14T12:48:55.119] [DEBUG] debug-file - Obtain build option for module 'agent_bridge' target 'default'in this build.
[2026-09-14T12:48:55.119] [DEBUG] debug-file - Executing task :entry:default@GenerateLoaderJson
[2026-09-14T12:48:55.119] [DEBUG] debug-file - Task 'entry:default@GenerateLoaderJson' cost while wrapping incremental declarations: 1 ms 
[2026-09-14T12:48:55.122] [DEBUG] debug-file - Obtain build option for module 'common' target 'default'in this build.
[2026-09-14T12:48:55.122] [DEBUG] debug-file - Obtain build option for module 'schematic_editor' target 'default'in this build.
[2026-09-14T12:48:55.122] [DEBUG] debug-file - Obtain build option for module 'component_library' target 'default'in this build.
[2026-09-14T12:48:55.122] [DEBUG] debug-file - Obtain build option for module 'simulation_kernel' target 'default'in this build.
[2026-09-14T12:48:55.122] [DEBUG] debug-file - Obtain build option for module 'hex_debugger' target 'default'in this build.
[2026-09-14T12:48:55.123] [DEBUG] debug-file - Obtain build option for module 'ai_api_manager' target 'default'in this build.
[2026-09-14T12:48:55.123] [DEBUG] debug-file - Obtain build option for module 'ai_engine' target 'default'in this build.
[2026-09-14T12:48:55.123] [DEBUG] debug-file - Obtain build option for module 'file_persistence' target 'default'in this build.
[2026-09-14T12:48:55.123] [DEBUG] debug-file - Obtain build option for module 'instruments' target 'default'in this build.
[2026-09-14T12:48:55.123] [DEBUG] debug-file - Obtain build option for module 'plugin_system' target 'default'in this build.
[2026-09-14T12:48:55.124] [DEBUG] debug-file - Obtain build option for module 'pcb_editor' target 'default'in this build.
[2026-09-14T12:48:55.124] [DEBUG] debug-file - Obtain build option for module 'agent_bridge' target 'default'in this build.
[2026-09-14T12:48:55.125] [DEBUG] debug-file - Obtain build option for module 'common' target 'default'in this build.
[2026-09-14T12:48:55.125] [DEBUG] debug-file - Obtain build option for module 'schematic_editor' target 'default'in this build.
[2026-09-14T12:48:55.126] [DEBUG] debug-file - Obtain build option for module 'component_library' target 'default'in this build.
[2026-09-14T12:48:55.126] [DEBUG] debug-file - Obtain build option for module 'simulation_kernel' target 'default'in this build.
[2026-09-14T12:48:55.126] [DEBUG] debug-file - Obtain build option for module 'hex_debugger' target 'default'in this build.
[2026-09-14T12:48:55.126] [DEBUG] debug-file - Obtain build option for module 'ai_api_manager' target 'default'in this build.
[2026-09-14T12:48:55.126] [DEBUG] debug-file - Obtain build option for module 'ai_engine' target 'default'in this build.
[2026-09-14T12:48:55.126] [DEBUG] debug-file - Obtain build option for module 'file_persistence' target 'default'in this build.
[2026-09-14T12:48:55.126] [DEBUG] debug-file - Obtain build option for module 'instruments' target 'default'in this build.
[2026-09-14T12:48:55.126] [DEBUG] debug-file - Obtain build option for module 'plugin_system' target 'default'in this build.
[2026-09-14T12:48:55.126] [DEBUG] debug-file - Obtain build option for module 'pcb_editor' target 'default'in this build.
[2026-09-14T12:48:55.126] [DEBUG] debug-file - Obtain build option for module 'agent_bridge' target 'default'in this build.
[2026-09-14T12:48:55.128] [DEBUG] debug-file - Obtain build option for module 'common' target 'default'in this build.
[2026-09-14T12:48:55.128] [DEBUG] debug-file - Obtain build option for module 'schematic_editor' target 'default'in this build.
[2026-09-14T12:48:55.128] [DEBUG] debug-file - Obtain build option for module 'component_library' target 'default'in this build.
[2026-09-14T12:48:55.128] [DEBUG] debug-file - Obtain build option for module 'simulation_kernel' target 'default'in this build.
[2026-09-14T12:48:55.128] [DEBUG] debug-file - Obtain build option for module 'hex_debugger' target 'default'in this build.
[2026-09-14T12:48:55.128] [DEBUG] debug-file - Obtain build option for module 'ai_api_manager' target 'default'in this build.
[2026-09-14T12:48:55.128] [DEBUG] debug-file - Obtain build option for module 'ai_engine' target 'default'in this build.
[2026-09-14T12:48:55.128] [DEBUG] debug-file - Obtain build option for module 'file_persistence' target 'default'in this build.
[2026-09-14T12:48:55.128] [DEBUG] debug-file - Obtain build option for module 'instruments' target 'default'in this build.
[2026-09-14T12:48:55.128] [DEBUG] debug-file - Obtain build option for module 'plugin_system' target 'default'in this build.
[2026-09-14T12:48:55.128] [DEBUG] debug-file - Obtain build option for module 'pcb_editor' target 'default'in this build.
[2026-09-14T12:48:55.128] [DEBUG] debug-file - Obtain build option for module 'agent_bridge' target 'default'in this build.
[2026-09-14T12:48:55.129] [DEBUG] debug-file - Obtain build option for module 'common' target 'default'in this build.
[2026-09-14T12:48:55.129] [DEBUG] debug-file - Obtain build option for module 'schematic_editor' target 'default'in this build.
[2026-09-14T12:48:55.129] [DEBUG] debug-file - Obtain build option for module 'component_library' target 'default'in this build.
[2026-09-14T12:48:55.129] [DEBUG] debug-file - Obtain build option for module 'simulation_kernel' target 'default'in this build.
[2026-09-14T12:48:55.129] [DEBUG] debug-file - Obtain build option for module 'hex_debugger' target 'default'in this build.
[2026-09-14T12:48:55.129] [DEBUG] debug-file - Obtain build option for module 'ai_api_manager' target 'default'in this build.
[2026-09-14T12:48:55.129] [DEBUG] debug-file - Obtain build option for module 'ai_engine' target 'default'in this build.
[2026-09-14T12:48:55.129] [DEBUG] debug-file - Obtain build option for module 'file_persistence' target 'default'in this build.
[2026-09-14T12:48:55.129] [DEBUG] debug-file - Obtain build option for module 'instruments' target 'default'in this build.
[2026-09-14T12:48:55.129] [DEBUG] debug-file - Obtain build option for module 'plugin_system' target 'default'in this build.
[2026-09-14T12:48:55.129] [DEBUG] debug-file - Obtain build option for module 'pcb_editor' target 'default'in this build.
[2026-09-14T12:48:55.129] [DEBUG] debug-file - Obtain build option for module 'agent_bridge' target 'default'in this build.
[2026-09-14T12:48:55.130] [DEBUG] debug-file - Obtain build option for module 'common' target 'default'in this build.
[2026-09-14T12:48:55.130] [DEBUG] debug-file - Obtain build option for module 'schematic_editor' target 'default'in this build.
[2026-09-14T12:48:55.130] [DEBUG] debug-file - Obtain build option for module 'component_library' target 'default'in this build.
[2026-09-14T12:48:55.130] [DEBUG] debug-file - Obtain build option for module 'simulation_kernel' target 'default'in this build.
[2026-09-14T12:48:55.130] [DEBUG] debug-file - Obtain build option for module 'hex_debugger' target 'default'in this build.
[2026-09-14T12:48:55.130] [DEBUG] debug-file - Obtain build option for module 'ai_api_manager' target 'default'in this build.
[2026-09-14T12:48:55.131] [DEBUG] debug-file - Obtain build option for module 'ai_engine' target 'default'in this build.
[2026-09-14T12:48:55.131] [DEBUG] debug-file - Obtain build option for module 'file_persistence' target 'default'in this build.
[2026-09-14T12:48:55.131] [DEBUG] debug-file - Obtain build option for module 'instruments' target 'default'in this build.
[2026-09-14T12:48:55.131] [DEBUG] debug-file - Obtain build option for module 'plugin_system' target 'default'in this build.
[2026-09-14T12:48:55.131] [DEBUG] debug-file - Obtain build option for module 'pcb_editor' target 'default'in this build.
[2026-09-14T12:48:55.131] [DEBUG] debug-file - Obtain build option for module 'agent_bridge' target 'default'in this build.
[2026-09-14T12:48:55.131] [DEBUG] debug-file - Incremental task entry:default@GenerateLoaderJson pre-execution cost: 6 ms .
[2026-09-14T12:48:55.131] [DEBUG] debug-file - entry : default@GenerateLoaderJson cost memory 1.0916519165039062
[2026-09-14T12:48:55.133] [DEBUG] debug-file - Obtain build option for module 'common' target 'default'in this build.
[2026-09-14T12:48:55.133] [DEBUG] debug-file - Obtain build option for module 'schematic_editor' target 'default'in this build.
[2026-09-14T12:48:55.133] [DEBUG] debug-file - Obtain build option for module 'component_library' target 'default'in this build.
[2026-09-14T12:48:55.133] [DEBUG] debug-file - Obtain build option for module 'simulation_kernel' target 'default'in this build.
[2026-09-14T12:48:55.134] [DEBUG] debug-file - Obtain build option for module 'hex_debugger' target 'default'in this build.
[2026-09-14T12:48:55.134] [DEBUG] debug-file - Obtain build option for module 'ai_api_manager' target 'default'in this build.
[2026-09-14T12:48:55.134] [DEBUG] debug-file - Obtain build option for module 'ai_engine' target 'default'in this build.
[2026-09-14T12:48:55.134] [DEBUG] debug-file - Obtain build option for module 'file_persistence' target 'default'in this build.
[2026-09-14T12:48:55.134] [DEBUG] debug-file - Obtain build option for module 'instruments' target 'default'in this build.
[2026-09-14T12:48:55.134] [DEBUG] debug-file - Obtain build option for module 'plugin_system' target 'default'in this build.
[2026-09-14T12:48:55.134] [DEBUG] debug-file - Obtain build option for module 'pcb_editor' target 'default'in this build.
[2026-09-14T12:48:55.134] [DEBUG] debug-file - Obtain build option for module 'agent_bridge' target 'default'in this build.
[2026-09-14T12:48:55.135] [DEBUG] debug-file - Obtain build option for module 'common' target 'default'in this build.
[2026-09-14T12:48:55.135] [DEBUG] debug-file - Obtain build option for module 'schematic_editor' target 'default'in this build.
[2026-09-14T12:48:55.135] [DEBUG] debug-file - Obtain build option for module 'component_library' target 'default'in this build.
[2026-09-14T12:48:55.135] [DEBUG] debug-file - Obtain build option for module 'simulation_kernel' target 'default'in this build.
[2026-09-14T12:48:55.135] [DEBUG] debug-file - Obtain build option for module 'hex_debugger' target 'default'in this build.
[2026-09-14T12:48:55.135] [DEBUG] debug-file - Obtain build option for module 'ai_api_manager' target 'default'in this build.
[2026-09-14T12:48:55.135] [DEBUG] debug-file - Obtain build option for module 'ai_engine' target 'default'in this build.
[2026-09-14T12:48:55.135] [DEBUG] debug-file - Obtain build option for module 'file_persistence' target 'default'in this build.
[2026-09-14T12:48:55.135] [DEBUG] debug-file - Obtain build option for module 'instruments' target 'default'in this build.
[2026-09-14T12:48:55.135] [DEBUG] debug-file - Obtain build option for module 'plugin_system' target 'default'in this build.
[2026-09-14T12:48:55.135] [DEBUG] debug-file - Obtain build option for module 'pcb_editor' target 'default'in this build.
[2026-09-14T12:48:55.135] [DEBUG] debug-file - Obtain build option for module 'agent_bridge' target 'default'in this build.
[2026-09-14T12:48:55.135] [INFO] debug-file - UP-TO-DATE :entry:default@GenerateLoaderJson...  
[2026-09-14T12:48:55.136] [DEBUG] debug-file - Executing task :ai_engine:default@CreateHarBuildProfile
[2026-09-14T12:48:55.136] [DEBUG] debug-file - Task 'ai_engine:default@CreateHarBuildProfile' cost while wrapping incremental declarations: 1 ms 
[2026-09-14T12:48:55.137] [DEBUG] debug-file - Incremental task ai_engine:default@CreateHarBuildProfile pre-execution cost: 1 ms .
[2026-09-14T12:48:55.137] [DEBUG] debug-file - ai_engine : default@CreateHarBuildProfile cost memory 0.08272552490234375
[2026-09-14T12:48:55.137] [INFO] debug-file - UP-TO-DATE :ai_engine:default@CreateHarBuildProfile...  
[2026-09-14T12:48:55.138] [DEBUG] debug-file - Executing task :agent_bridge:default@CreateHarBuildProfile
[2026-09-14T12:48:55.138] [DEBUG] debug-file - Task 'agent_bridge:default@CreateHarBuildProfile' cost while wrapping incremental declarations: 1 ms 
[2026-09-14T12:48:55.139] [DEBUG] debug-file - Incremental task agent_bridge:default@CreateHarBuildProfile pre-execution cost: 1 ms .
[2026-09-14T12:48:55.139] [DEBUG] debug-file - agent_bridge : default@CreateHarBuildProfile cost memory 0.07457733154296875
[2026-09-14T12:48:55.139] [INFO] debug-file - UP-TO-DATE :agent_bridge:default@CreateHarBuildProfile...  
[2026-09-14T12:48:55.140] [DEBUG] debug-file - Executing task :common:default@BuildNativeWithNinja
[2026-09-14T12:48:55.141] [DEBUG] debug-file - common : default@BuildNativeWithNinja cost memory 0.019134521484375
[2026-09-14T12:48:55.141] [DEBUG] debug-file - runTaskFromQueue task cost before running: 778 ms 
[2026-09-14T12:48:55.141] [INFO] debug-file - Finished :common:default@BuildNativeWithNinja... after 1 ms 
[2026-09-14T12:48:55.142] [DEBUG] debug-file - Executing task :schematic_editor:default@ConfigureCmake
[2026-09-14T12:48:55.142] [DEBUG] debug-file - schematic_editor : default@ConfigureCmake cost memory 0.01348876953125
[2026-09-14T12:48:55.142] [DEBUG] debug-file - runTaskFromQueue task cost before running: 779 ms 
[2026-09-14T12:48:55.142] [INFO] debug-file - Finished :schematic_editor:default@ConfigureCmake... after 1 ms 
[2026-09-14T12:48:55.143] [DEBUG] debug-file - Executing task :component_library:default@ConfigureCmake
[2026-09-14T12:48:55.143] [DEBUG] debug-file - component_library : default@ConfigureCmake cost memory 0.01348114013671875
[2026-09-14T12:48:55.143] [DEBUG] debug-file - runTaskFromQueue task cost before running: 780 ms 
[2026-09-14T12:48:55.143] [INFO] debug-file - Finished :component_library:default@ConfigureCmake... after 1 ms 
[2026-09-14T12:48:55.144] [DEBUG] debug-file - Executing task :simulation_kernel:default@ConfigureCmake
[2026-09-14T12:48:55.144] [DEBUG] debug-file - simulation_kernel : default@ConfigureCmake cost memory 0.01348114013671875
[2026-09-14T12:48:55.144] [DEBUG] debug-file - runTaskFromQueue task cost before running: 781 ms 
[2026-09-14T12:48:55.144] [INFO] debug-file - Finished :simulation_kernel:default@ConfigureCmake... after 1 ms 
[2026-09-14T12:48:55.145] [DEBUG] debug-file - Executing task :hex_debugger:default@ConfigureCmake
[2026-09-14T12:48:55.145] [DEBUG] debug-file - hex_debugger : default@ConfigureCmake cost memory 0.01346588134765625
[2026-09-14T12:48:55.145] [DEBUG] debug-file - runTaskFromQueue task cost before running: 782 ms 
[2026-09-14T12:48:55.145] [INFO] debug-file - Finished :hex_debugger:default@ConfigureCmake... after 1 ms 
[2026-09-14T12:48:55.146] [DEBUG] debug-file - Executing task :ai_api_manager:default@ConfigureCmake
[2026-09-14T12:48:55.146] [DEBUG] debug-file - ai_api_manager : default@ConfigureCmake cost memory 0.01348114013671875
[2026-09-14T12:48:55.146] [DEBUG] debug-file - runTaskFromQueue task cost before running: 783 ms 
[2026-09-14T12:48:55.146] [INFO] debug-file - Finished :ai_api_manager:default@ConfigureCmake... after 1 ms 
[2026-09-14T12:48:55.147] [DEBUG] debug-file - Executing task :file_persistence:default@ConfigureCmake
[2026-09-14T12:48:55.147] [DEBUG] debug-file - file_persistence : default@ConfigureCmake cost memory 0.01348114013671875
[2026-09-14T12:48:55.147] [DEBUG] debug-file - runTaskFromQueue task cost before running: 784 ms 
[2026-09-14T12:48:55.147] [INFO] debug-file - Finished :file_persistence:default@ConfigureCmake... after 1 ms 
[2026-09-14T12:48:55.148] [DEBUG] debug-file - Executing task :instruments:default@ConfigureCmake
[2026-09-14T12:48:55.148] [DEBUG] debug-file - instruments : default@ConfigureCmake cost memory 0.013458251953125
[2026-09-14T12:48:55.148] [DEBUG] debug-file - runTaskFromQueue task cost before running: 785 ms 
[2026-09-14T12:48:55.148] [INFO] debug-file - Finished :instruments:default@ConfigureCmake... after 1 ms 
[2026-09-14T12:48:55.150] [DEBUG] debug-file - Executing task :plugin_system:default@ConfigureCmake
[2026-09-14T12:48:55.150] [DEBUG] debug-file - plugin_system : default@ConfigureCmake cost memory 0.0134735107421875
[2026-09-14T12:48:55.150] [DEBUG] debug-file - runTaskFromQueue task cost before running: 787 ms 
[2026-09-14T12:48:55.151] [INFO] debug-file - Finished :plugin_system:default@ConfigureCmake... after 1 ms 
[2026-09-14T12:48:55.151] [DEBUG] debug-file - Executing task :pcb_editor:default@ConfigureCmake
[2026-09-14T12:48:55.151] [DEBUG] debug-file - pcb_editor : default@ConfigureCmake cost memory 0.01595306396484375
[2026-09-14T12:48:55.151] [DEBUG] debug-file - runTaskFromQueue task cost before running: 788 ms 
[2026-09-14T12:48:55.151] [INFO] debug-file - Finished :pcb_editor:default@ConfigureCmake... after 1 ms 
[2026-09-14T12:48:55.152] [DEBUG] debug-file - Executing task :ai_engine:default@MergeProfile
[2026-09-14T12:48:55.152] [DEBUG] debug-file - Task 'ai_engine:default@MergeProfile' cost while wrapping incremental declarations: 1 ms 
[2026-09-14T12:48:55.154] [DEBUG] debug-file - Incremental task ai_engine:default@MergeProfile pre-execution cost: 2 ms .
[2026-09-14T12:48:55.155] [DEBUG] debug-file - ai_engine : default@MergeProfile cost memory 0.189239501953125
[2026-09-14T12:48:55.155] [INFO] debug-file - UP-TO-DATE :ai_engine:default@MergeProfile...  
[2026-09-14T12:48:55.156] [DEBUG] debug-file - Executing task :agent_bridge:default@MergeProfile
[2026-09-14T12:48:55.156] [DEBUG] debug-file - Task 'agent_bridge:default@MergeProfile' cost while wrapping incremental declarations: 1 ms 
[2026-09-14T12:48:55.159] [DEBUG] debug-file - Incremental task agent_bridge:default@MergeProfile pre-execution cost: 2 ms .
[2026-09-14T12:48:55.159] [DEBUG] debug-file - agent_bridge : default@MergeProfile cost memory 0.20697784423828125
[2026-09-14T12:48:55.159] [INFO] debug-file - UP-TO-DATE :agent_bridge:default@MergeProfile...  
[2026-09-14T12:48:55.160] [DEBUG] debug-file - Executing task :entry:default@CreateBuildProfile
[2026-09-14T12:48:55.161] [DEBUG] debug-file - Task 'entry:default@CreateBuildProfile' cost while wrapping incremental declarations: 1 ms 
[2026-09-14T12:48:55.162] [DEBUG] debug-file - Incremental task entry:default@CreateBuildProfile pre-execution cost: 1 ms .
[2026-09-14T12:48:55.162] [DEBUG] debug-file - entry : default@CreateBuildProfile cost memory 0.08905029296875
[2026-09-14T12:48:55.162] [INFO] debug-file - UP-TO-DATE :entry:default@CreateBuildProfile...  
[2026-09-14T12:48:55.164] [DEBUG] debug-file - Executing task :common:default@ProcessLibs
[2026-09-14T12:48:55.165] [DEBUG] debug-file - Incremental task common:default@ProcessLibs pre-execution cost: 1 ms .
[2026-09-14T12:48:55.165] [DEBUG] debug-file - common : default@ProcessLibs cost memory 0.09284210205078125
[2026-09-14T12:48:55.166] [INFO] debug-file - UP-TO-DATE :common:default@ProcessLibs...  
[2026-09-14T12:48:55.166] [DEBUG] debug-file - Executing task :schematic_editor:default@BuildNativeWithCmake
[2026-09-14T12:48:55.166] [DEBUG] debug-file - schematic_editor : default@BuildNativeWithCmake cost memory 0.01351165771484375
[2026-09-14T12:48:55.167] [DEBUG] debug-file - runTaskFromQueue task cost before running: 803 ms 
[2026-09-14T12:48:55.167] [INFO] debug-file - Finished :schematic_editor:default@BuildNativeWithCmake... after 1 ms 
[2026-09-14T12:48:55.167] [DEBUG] debug-file - Executing task :component_library:default@BuildNativeWithCmake
[2026-09-14T12:48:55.168] [DEBUG] debug-file - component_library : default@BuildNativeWithCmake cost memory 0.01351165771484375
[2026-09-14T12:48:55.168] [DEBUG] debug-file - runTaskFromQueue task cost before running: 804 ms 
[2026-09-14T12:48:55.168] [INFO] debug-file - Finished :component_library:default@BuildNativeWithCmake... after 1 ms 
[2026-09-14T12:48:55.169] [DEBUG] debug-file - Executing task :simulation_kernel:default@BuildNativeWithCmake
[2026-09-14T12:48:55.169] [DEBUG] debug-file - simulation_kernel : default@BuildNativeWithCmake cost memory 0.01351165771484375
[2026-09-14T12:48:55.169] [DEBUG] debug-file - runTaskFromQueue task cost before running: 806 ms 
[2026-09-14T12:48:55.169] [INFO] debug-file - Finished :simulation_kernel:default@BuildNativeWithCmake... after 1 ms 
[2026-09-14T12:48:55.170] [DEBUG] debug-file - Executing task :hex_debugger:default@BuildNativeWithCmake
[2026-09-14T12:48:55.170] [DEBUG] debug-file - hex_debugger : default@BuildNativeWithCmake cost memory 0.01348876953125
[2026-09-14T12:48:55.170] [DEBUG] debug-file - runTaskFromQueue task cost before running: 807 ms 
[2026-09-14T12:48:55.170] [INFO] debug-file - Finished :hex_debugger:default@BuildNativeWithCmake... after 1 ms 
[2026-09-14T12:48:55.171] [DEBUG] debug-file - Executing task :ai_api_manager:default@BuildNativeWithCmake
[2026-09-14T12:48:55.171] [DEBUG] debug-file - ai_api_manager : default@BuildNativeWithCmake cost memory 0.01349639892578125
[2026-09-14T12:48:55.171] [DEBUG] debug-file - runTaskFromQueue task cost before running: 808 ms 
[2026-09-14T12:48:55.171] [INFO] debug-file - Finished :ai_api_manager:default@BuildNativeWithCmake... after 1 ms 
[2026-09-14T12:48:55.172] [DEBUG] debug-file - Executing task :file_persistence:default@BuildNativeWithCmake
[2026-09-14T12:48:55.172] [DEBUG] debug-file - file_persistence : default@BuildNativeWithCmake cost memory 0.01351165771484375
[2026-09-14T12:48:55.172] [DEBUG] debug-file - runTaskFromQueue task cost before running: 809 ms 
[2026-09-14T12:48:55.172] [INFO] debug-file - Finished :file_persistence:default@BuildNativeWithCmake... after 1 ms 
[2026-09-14T12:48:55.173] [DEBUG] debug-file - Executing task :instruments:default@BuildNativeWithCmake
[2026-09-14T12:48:55.173] [DEBUG] debug-file - instruments : default@BuildNativeWithCmake cost memory 0.01348114013671875
[2026-09-14T12:48:55.173] [DEBUG] debug-file - runTaskFromQueue task cost before running: 810 ms 
[2026-09-14T12:48:55.173] [INFO] debug-file - Finished :instruments:default@BuildNativeWithCmake... after 1 ms 
[2026-09-14T12:48:55.174] [DEBUG] debug-file - Executing task :plugin_system:default@BuildNativeWithCmake
[2026-09-14T12:48:55.174] [DEBUG] debug-file - plugin_system : default@BuildNativeWithCmake cost memory 0.01348876953125
[2026-09-14T12:48:55.174] [DEBUG] debug-file - runTaskFromQueue task cost before running: 811 ms 
[2026-09-14T12:48:55.175] [INFO] debug-file - Finished :plugin_system:default@BuildNativeWithCmake... after 1 ms 
[2026-09-14T12:48:55.175] [DEBUG] debug-file - Executing task :pcb_editor:default@BuildNativeWithCmake
[2026-09-14T12:48:55.175] [DEBUG] debug-file - pcb_editor : default@BuildNativeWithCmake cost memory 0.0159912109375
[2026-09-14T12:48:55.175] [DEBUG] debug-file - runTaskFromQueue task cost before running: 812 ms 
[2026-09-14T12:48:55.175] [INFO] debug-file - Finished :pcb_editor:default@BuildNativeWithCmake... after 1 ms 
[2026-09-14T12:48:55.176] [DEBUG] debug-file - Executing task :entry:default@MergeProfile
[2026-09-14T12:48:55.177] [DEBUG] debug-file - Task 'entry:default@MergeProfile' cost while wrapping incremental declarations: 1 ms 
[2026-09-14T12:48:55.183] [DEBUG] debug-file - Incremental task entry:default@MergeProfile pre-execution cost: 5 ms .
[2026-09-14T12:48:55.183] [DEBUG] debug-file - entry : default@MergeProfile cost memory 0.414703369140625
[2026-09-14T12:48:55.185] [INFO] debug-file - UP-TO-DATE :entry:default@MergeProfile...  
[2026-09-14T12:48:55.186] [DEBUG] debug-file - Executing task :common:default@DoNativeStrip
[2026-09-14T12:48:55.186] [DEBUG] debug-file - File: 'C:\Projects\ElecDraw_Harmony\common\build\default\intermediates\binxo\default' from 'doBinxoNativeLibs' is not exists, just ignore.
[2026-09-14T12:48:55.186] [DEBUG] debug-file - Task 'common:default@DoNativeStrip' cost while wrapping incremental declarations: 1 ms 
[2026-09-14T12:48:55.187] [DEBUG] debug-file - Incremental task common:default@DoNativeStrip pre-execution cost: 1 ms .
[2026-09-14T12:48:55.187] [DEBUG] debug-file - common : default@DoNativeStrip cost memory 0.0882415771484375
[2026-09-14T12:48:55.187] [INFO] debug-file - UP-TO-DATE :common:default@DoNativeStrip...  
[2026-09-14T12:48:55.188] [DEBUG] debug-file - Executing task :ai_engine:default@ConfigureCmake
[2026-09-14T12:48:55.189] [DEBUG] debug-file - ai_engine : default@ConfigureCmake cost memory 0.019134521484375
[2026-09-14T12:48:55.189] [DEBUG] debug-file - runTaskFromQueue task cost before running: 826 ms 
[2026-09-14T12:48:55.189] [INFO] debug-file - Finished :ai_engine:default@ConfigureCmake... after 1 ms 
[2026-09-14T12:48:55.192] [DEBUG] debug-file - Executing task :agent_bridge:default@ConfigureCmake
[2026-09-14T12:48:55.192] [DEBUG] debug-file - agent_bridge : default@ConfigureCmake cost memory 0.01346588134765625
[2026-09-14T12:48:55.192] [DEBUG] debug-file - runTaskFromQueue task cost before running: 829 ms 
[2026-09-14T12:48:55.192] [INFO] debug-file - Finished :agent_bridge:default@ConfigureCmake... after 1 ms 
[2026-09-14T12:48:55.194] [DEBUG] debug-file - Executing task :entry:default@MakePackInfo
[2026-09-14T12:48:55.196] [DEBUG] debug-file - Incremental task entry:default@MakePackInfo pre-execution cost: 2 ms .
[2026-09-14T12:48:55.196] [DEBUG] debug-file - entry : default@MakePackInfo cost memory 0.10526275634765625
[2026-09-14T12:48:55.200] [INFO] debug-file - UP-TO-DATE :entry:default@MakePackInfo...  
[2026-09-14T12:48:55.202] [DEBUG] debug-file - Executing task :entry:default@ProcessProfile
[2026-09-14T12:48:55.203] [DEBUG] debug-file - Task 'entry:default@ProcessProfile' cost while wrapping incremental declarations: 1 ms 
[2026-09-14T12:48:55.207] [DEBUG] debug-file - Incremental task entry:default@ProcessProfile pre-execution cost: 2 ms .
[2026-09-14T12:48:55.207] [DEBUG] debug-file - entry : default@ProcessProfile cost memory 0.15645599365234375
[2026-09-14T12:48:55.207] [INFO] debug-file - UP-TO-DATE :entry:default@ProcessProfile...  
[2026-09-14T12:48:55.208] [DEBUG] debug-file - Executing task :schematic_editor:default@BuildNativeWithNinja
[2026-09-14T12:48:55.209] [DEBUG] debug-file - schematic_editor : default@BuildNativeWithNinja cost memory 0.02020263671875
[2026-09-14T12:48:55.209] [DEBUG] debug-file - runTaskFromQueue task cost before running: 845 ms 
[2026-09-14T12:48:55.209] [INFO] debug-file - Finished :schematic_editor:default@BuildNativeWithNinja... after 1 ms 
[2026-09-14T12:48:55.210] [DEBUG] debug-file - Executing task :component_library:default@BuildNativeWithNinja
[2026-09-14T12:48:55.210] [DEBUG] debug-file - component_library : default@BuildNativeWithNinja cost memory 0.0202484130859375
[2026-09-14T12:48:55.210] [DEBUG] debug-file - runTaskFromQueue task cost before running: 847 ms 
[2026-09-14T12:48:55.211] [INFO] debug-file - Finished :component_library:default@BuildNativeWithNinja... after 1 ms 
[2026-09-14T12:48:55.211] [DEBUG] debug-file - Executing task :simulation_kernel:default@BuildNativeWithNinja
[2026-09-14T12:48:55.212] [DEBUG] debug-file - simulation_kernel : default@BuildNativeWithNinja cost memory 0.0202484130859375
[2026-09-14T12:48:55.212] [DEBUG] debug-file - runTaskFromQueue task cost before running: 849 ms 
[2026-09-14T12:48:55.212] [INFO] debug-file - Finished :simulation_kernel:default@BuildNativeWithNinja... after 1 ms 
[2026-09-14T12:48:55.214] [DEBUG] debug-file - Executing task :hex_debugger:default@BuildNativeWithNinja
[2026-09-14T12:48:55.215] [DEBUG] debug-file - hex_debugger : default@BuildNativeWithNinja cost memory 0.0201263427734375
[2026-09-14T12:48:55.215] [DEBUG] debug-file - runTaskFromQueue task cost before running: 852 ms 
[2026-09-14T12:48:55.216] [INFO] debug-file - Finished :hex_debugger:default@BuildNativeWithNinja... after 2 ms 
[2026-09-14T12:48:55.218] [DEBUG] debug-file - Executing task :ai_api_manager:default@BuildNativeWithNinja
[2026-09-14T12:48:55.218] [DEBUG] debug-file - ai_api_manager : default@BuildNativeWithNinja cost memory 0.02014923095703125
[2026-09-14T12:48:55.219] [DEBUG] debug-file - runTaskFromQueue task cost before running: 855 ms 
[2026-09-14T12:48:55.219] [INFO] debug-file - Finished :ai_api_manager:default@BuildNativeWithNinja... after 1 ms 
[2026-09-14T12:48:55.220] [DEBUG] debug-file - Executing task :file_persistence:default@BuildNativeWithNinja
[2026-09-14T12:48:55.221] [DEBUG] debug-file - file_persistence : default@BuildNativeWithNinja cost memory 0.02020263671875
[2026-09-14T12:48:55.221] [DEBUG] debug-file - runTaskFromQueue task cost before running: 858 ms 
[2026-09-14T12:48:55.222] [INFO] debug-file - Finished :file_persistence:default@BuildNativeWithNinja... after 2 ms 
[2026-09-14T12:48:55.225] [DEBUG] debug-file - Executing task :instruments:default@BuildNativeWithNinja
[2026-09-14T12:48:55.225] [DEBUG] debug-file - instruments : default@BuildNativeWithNinja cost memory 0.0201568603515625
[2026-09-14T12:48:55.225] [DEBUG] debug-file - runTaskFromQueue task cost before running: 862 ms 
[2026-09-14T12:48:55.225] [INFO] debug-file - Finished :instruments:default@BuildNativeWithNinja... after 1 ms 
[2026-09-14T12:48:55.226] [DEBUG] debug-file - Executing task :plugin_system:default@BuildNativeWithNinja
[2026-09-14T12:48:55.227] [DEBUG] debug-file - plugin_system : default@BuildNativeWithNinja cost memory 0.02013397216796875
[2026-09-14T12:48:55.227] [DEBUG] debug-file - runTaskFromQueue task cost before running: 864 ms 
[2026-09-14T12:48:55.228] [INFO] debug-file - Finished :plugin_system:default@BuildNativeWithNinja... after 1 ms 
[2026-09-14T12:48:55.230] [DEBUG] debug-file - Executing task :pcb_editor:default@BuildNativeWithNinja
[2026-09-14T12:48:55.230] [DEBUG] debug-file - pcb_editor : default@BuildNativeWithNinja cost memory 0.0226287841796875
[2026-09-14T12:48:55.231] [DEBUG] debug-file - runTaskFromQueue task cost before running: 867 ms 
[2026-09-14T12:48:55.232] [INFO] debug-file - Finished :pcb_editor:default@BuildNativeWithNinja... after 1 ms 
[2026-09-14T12:48:55.234] [DEBUG] debug-file - Executing task :ai_engine:default@BuildNativeWithCmake
[2026-09-14T12:48:55.235] [DEBUG] debug-file - ai_engine : default@BuildNativeWithCmake cost memory 0.01598358154296875
[2026-09-14T12:48:55.235] [DEBUG] debug-file - runTaskFromQueue task cost before running: 872 ms 
[2026-09-14T12:48:55.235] [INFO] debug-file - Finished :ai_engine:default@BuildNativeWithCmake... after 1 ms 
[2026-09-14T12:48:55.242] [DEBUG] debug-file - Executing task :agent_bridge:default@BuildNativeWithCmake
[2026-09-14T12:48:55.243] [DEBUG] debug-file - agent_bridge : default@BuildNativeWithCmake cost memory 0.01348876953125
[2026-09-14T12:48:55.243] [DEBUG] debug-file - runTaskFromQueue task cost before running: 880 ms 
[2026-09-14T12:48:55.243] [INFO] debug-file - Finished :agent_bridge:default@BuildNativeWithCmake... after 1 ms 
[2026-09-14T12:48:55.245] [DEBUG] debug-file - restool module names: entry,common,schematic_editor,component_library,simulation_kernel,hex_debugger,ai_engine,ai_api_manager,file_persistence,instruments,plugin_system,pcb_editor,agent_bridge; moduleName=entry, taskName=default@ProcessResource
[2026-09-14T12:48:55.250] [DEBUG] debug-file - Executing task :entry:default@ProcessResource
[2026-09-14T12:48:55.250] [DEBUG] debug-file - Task 'entry:default@ProcessResource' cost while wrapping incremental declarations: 1 ms 
[2026-09-14T12:48:55.251] [DEBUG] debug-file - Incremental task entry:default@ProcessResource pre-execution cost: 1 ms .
[2026-09-14T12:48:55.251] [DEBUG] debug-file - entry : default@ProcessResource cost memory 0.1281280517578125
[2026-09-14T12:48:55.253] [INFO] debug-file - UP-TO-DATE :entry:default@ProcessResource...  
[2026-09-14T12:48:55.254] [DEBUG] debug-file - Executing task :schematic_editor:default@ProcessLibs
[2026-09-14T12:48:55.257] [DEBUG] debug-file - Incremental task schematic_editor:default@ProcessLibs pre-execution cost: 3 ms .
[2026-09-14T12:48:55.257] [DEBUG] debug-file - schematic_editor : default@ProcessLibs cost memory 0.09816741943359375
[2026-09-14T12:48:55.258] [INFO] debug-file - UP-TO-DATE :schematic_editor:default@ProcessLibs...  
[2026-09-14T12:48:55.258] [DEBUG] debug-file - Executing task :component_library:default@ProcessLibs
[2026-09-14T12:48:55.260] [DEBUG] debug-file - Incremental task component_library:default@ProcessLibs pre-execution cost: 2 ms .
[2026-09-14T12:48:55.260] [DEBUG] debug-file - component_library : default@ProcessLibs cost memory 0.0982208251953125
[2026-09-14T12:48:55.261] [INFO] debug-file - UP-TO-DATE :component_library:default@ProcessLibs...  
[2026-09-14T12:48:55.262] [DEBUG] debug-file - Executing task :simulation_kernel:default@ProcessLibs
[2026-09-14T12:48:55.265] [DEBUG] debug-file - Incremental task simulation_kernel:default@ProcessLibs pre-execution cost: 3 ms .
[2026-09-14T12:48:55.265] [DEBUG] debug-file - simulation_kernel : default@ProcessLibs cost memory 0.10063934326171875
[2026-09-14T12:48:55.266] [INFO] debug-file - UP-TO-DATE :simulation_kernel:default@ProcessLibs...  
[2026-09-14T12:48:55.266] [DEBUG] debug-file - Executing task :hex_debugger:default@ProcessLibs
[2026-09-14T12:48:55.269] [DEBUG] debug-file - Incremental task hex_debugger:default@ProcessLibs pre-execution cost: 3 ms .
[2026-09-14T12:48:55.270] [DEBUG] debug-file - hex_debugger : default@ProcessLibs cost memory 0.10407257080078125
[2026-09-14T12:48:55.270] [INFO] debug-file - UP-TO-DATE :hex_debugger:default@ProcessLibs...  
[2026-09-14T12:48:55.271] [DEBUG] debug-file - Executing task :ai_api_manager:default@ProcessLibs
[2026-09-14T12:48:55.273] [DEBUG] debug-file - Incremental task ai_api_manager:default@ProcessLibs pre-execution cost: 2 ms .
[2026-09-14T12:48:55.274] [DEBUG] debug-file - ai_api_manager : default@ProcessLibs cost memory 0.09777069091796875
[2026-09-14T12:48:55.274] [INFO] debug-file - UP-TO-DATE :ai_api_manager:default@ProcessLibs...  
[2026-09-14T12:48:55.275] [DEBUG] debug-file - Executing task :file_persistence:default@ProcessLibs
[2026-09-14T12:48:55.277] [DEBUG] debug-file - Incremental task file_persistence:default@ProcessLibs pre-execution cost: 2 ms .
[2026-09-14T12:48:55.277] [DEBUG] debug-file - file_persistence : default@ProcessLibs cost memory 0.09809112548828125
[2026-09-14T12:48:55.278] [INFO] debug-file - UP-TO-DATE :file_persistence:default@ProcessLibs...  
[2026-09-14T12:48:55.279] [DEBUG] debug-file - Executing task :instruments:default@ProcessLibs
[2026-09-14T12:48:55.280] [DEBUG] debug-file - Incremental task instruments:default@ProcessLibs pre-execution cost: 1 ms .
[2026-09-14T12:48:55.280] [DEBUG] debug-file - instruments : default@ProcessLibs cost memory 0.094482421875
[2026-09-14T12:48:55.281] [INFO] debug-file - UP-TO-DATE :instruments:default@ProcessLibs...  
[2026-09-14T12:48:55.282] [DEBUG] debug-file - Executing task :plugin_system:default@ProcessLibs
[2026-09-14T12:48:55.284] [DEBUG] debug-file - Incremental task plugin_system:default@ProcessLibs pre-execution cost: 2 ms .
[2026-09-14T12:48:55.284] [DEBUG] debug-file - plugin_system : default@ProcessLibs cost memory 0.09758758544921875
[2026-09-14T12:48:55.284] [INFO] debug-file - UP-TO-DATE :plugin_system:default@ProcessLibs...  
[2026-09-14T12:48:55.285] [DEBUG] debug-file - Executing task :pcb_editor:default@ProcessLibs
[2026-09-14T12:48:55.288] [DEBUG] debug-file - Incremental task pcb_editor:default@ProcessLibs pre-execution cost: 2 ms .
[2026-09-14T12:48:55.288] [DEBUG] debug-file - pcb_editor : default@ProcessLibs cost memory 0.102783203125
[2026-09-14T12:48:55.289] [INFO] debug-file - UP-TO-DATE :pcb_editor:default@ProcessLibs...  
[2026-09-14T12:48:55.290] [DEBUG] debug-file - Executing task :entry:default@ConfigureCmake
[2026-09-14T12:48:55.290] [DEBUG] debug-file - entry : default@ConfigureCmake cost memory 0.0134429931640625
[2026-09-14T12:48:55.290] [DEBUG] debug-file - runTaskFromQueue task cost before running: 927 ms 
[2026-09-14T12:48:55.291] [INFO] debug-file - Finished :entry:default@ConfigureCmake... after 1 ms 
[2026-09-14T12:48:55.292] [DEBUG] debug-file - restool module names: entry,common,schematic_editor,component_library,simulation_kernel,hex_debugger,ai_engine,ai_api_manager,file_persistence,instruments,plugin_system,pcb_editor,agent_bridge; moduleName=entry, taskName=default@CompileResource
[2026-09-14T12:48:55.297] [DEBUG] debug-file - Executing task :entry:default@CompileResource
[2026-09-14T12:48:55.427] [DEBUG] debug-file - Incremental task entry:default@CompileResource pre-execution cost: 129 ms .
[2026-09-14T12:48:55.427] [DEBUG] debug-file - entry : default@CompileResource cost memory 6.202568054199219
[2026-09-14T12:48:55.429] [INFO] debug-file - UP-TO-DATE :entry:default@CompileResource...  
[2026-09-14T12:48:55.430] [DEBUG] debug-file - Executing task :schematic_editor:default@DoNativeStrip
[2026-09-14T12:48:55.430] [DEBUG] debug-file - File: 'C:\Projects\ElecDraw_Harmony\features\schematic_editor\build\default\intermediates\binxo\default' from 'doBinxoNativeLibs' is not exists, just ignore.
[2026-09-14T12:48:55.430] [DEBUG] debug-file - Task 'schematic_editor:default@DoNativeStrip' cost while wrapping incremental declarations: 1 ms 
[2026-09-14T12:48:55.431] [DEBUG] debug-file - Incremental task schematic_editor:default@DoNativeStrip pre-execution cost: 1 ms .
[2026-09-14T12:48:55.432] [DEBUG] debug-file - schematic_editor : default@DoNativeStrip cost memory 0.09981536865234375
[2026-09-14T12:48:55.432] [INFO] debug-file - UP-TO-DATE :schematic_editor:default@DoNativeStrip...  
[2026-09-14T12:48:55.433] [DEBUG] debug-file - Executing task :component_library:default@DoNativeStrip
[2026-09-14T12:48:55.433] [DEBUG] debug-file - File: 'C:\Projects\ElecDraw_Harmony\features\component_library\build\default\intermediates\binxo\default' from 'doBinxoNativeLibs' is not exists, just ignore.
[2026-09-14T12:48:55.433] [DEBUG] debug-file - Task 'component_library:default@DoNativeStrip' cost while wrapping incremental declarations: 1 ms 
[2026-09-14T12:48:55.434] [DEBUG] debug-file - Incremental task component_library:default@DoNativeStrip pre-execution cost: 1 ms .
[2026-09-14T12:48:55.434] [DEBUG] debug-file - component_library : default@DoNativeStrip cost memory 0.0850982666015625
[2026-09-14T12:48:55.435] [INFO] debug-file - UP-TO-DATE :component_library:default@DoNativeStrip...  
[2026-09-14T12:48:55.436] [DEBUG] debug-file - Executing task :simulation_kernel:default@DoNativeStrip
[2026-09-14T12:48:55.436] [DEBUG] debug-file - File: 'C:\Projects\ElecDraw_Harmony\features\simulation_kernel\build\default\intermediates\binxo\default' from 'doBinxoNativeLibs' is not exists, just ignore.
[2026-09-14T12:48:55.436] [DEBUG] debug-file - Task 'simulation_kernel:default@DoNativeStrip' cost while wrapping incremental declarations: 1 ms 
[2026-09-14T12:48:55.437] [DEBUG] debug-file - Incremental task simulation_kernel:default@DoNativeStrip pre-execution cost: 1 ms .
[2026-09-14T12:48:55.438] [DEBUG] debug-file - simulation_kernel : default@DoNativeStrip cost memory 0.08510589599609375
[2026-09-14T12:48:55.438] [INFO] debug-file - UP-TO-DATE :simulation_kernel:default@DoNativeStrip...  
[2026-09-14T12:48:55.439] [DEBUG] debug-file - Executing task :hex_debugger:default@DoNativeStrip
[2026-09-14T12:48:55.439] [DEBUG] debug-file - File: 'C:\Projects\ElecDraw_Harmony\features\hex_debugger\build\default\intermediates\binxo\default' from 'doBinxoNativeLibs' is not exists, just ignore.
[2026-09-14T12:48:55.439] [DEBUG] debug-file - Task 'hex_debugger:default@DoNativeStrip' cost while wrapping incremental declarations: 1 ms 
[2026-09-14T12:48:55.441] [DEBUG] debug-file - Incremental task hex_debugger:default@DoNativeStrip pre-execution cost: 1 ms .
[2026-09-14T12:48:55.441] [DEBUG] debug-file - hex_debugger : default@DoNativeStrip cost memory 0.08489990234375
[2026-09-14T12:48:55.441] [INFO] debug-file - UP-TO-DATE :hex_debugger:default@DoNativeStrip...  
[2026-09-14T12:48:55.442] [DEBUG] debug-file - Executing task :ai_api_manager:default@DoNativeStrip
[2026-09-14T12:48:55.442] [DEBUG] debug-file - File: 'C:\Projects\ElecDraw_Harmony\features\ai_api_manager\build\default\intermediates\binxo\default' from 'doBinxoNativeLibs' is not exists, just ignore.
[2026-09-14T12:48:55.442] [DEBUG] debug-file - Task 'ai_api_manager:default@DoNativeStrip' cost while wrapping incremental declarations: 1 ms 
[2026-09-14T12:48:55.444] [DEBUG] debug-file - Incremental task ai_api_manager:default@DoNativeStrip pre-execution cost: 2 ms .
[2026-09-14T12:48:55.444] [DEBUG] debug-file - ai_api_manager : default@DoNativeStrip cost memory 0.08840179443359375
[2026-09-14T12:48:55.444] [INFO] debug-file - UP-TO-DATE :ai_api_manager:default@DoNativeStrip...  
[2026-09-14T12:48:55.445] [DEBUG] debug-file - Executing task :file_persistence:default@DoNativeStrip
[2026-09-14T12:48:55.445] [DEBUG] debug-file - File: 'C:\Projects\ElecDraw_Harmony\features\file_persistence\build\default\intermediates\binxo\default' from 'doBinxoNativeLibs' is not exists, just ignore.
[2026-09-14T12:48:55.446] [DEBUG] debug-file - Task 'file_persistence:default@DoNativeStrip' cost while wrapping incremental declarations: 1 ms 
[2026-09-14T12:48:55.447] [DEBUG] debug-file - Incremental task file_persistence:default@DoNativeStrip pre-execution cost: 1 ms .
[2026-09-14T12:48:55.447] [DEBUG] debug-file - file_persistence : default@DoNativeStrip cost memory 0.0854339599609375
[2026-09-14T12:48:55.447] [INFO] debug-file - UP-TO-DATE :file_persistence:default@DoNativeStrip...  
[2026-09-14T12:48:55.448] [DEBUG] debug-file - Executing task :instruments:default@DoNativeStrip
[2026-09-14T12:48:55.448] [DEBUG] debug-file - File: 'C:\Projects\ElecDraw_Harmony\features\instruments\build\default\intermediates\binxo\default' from 'doBinxoNativeLibs' is not exists, just ignore.
[2026-09-14T12:48:55.448] [DEBUG] debug-file - Task 'instruments:default@DoNativeStrip' cost while wrapping incremental declarations: 1 ms 
[2026-09-14T12:48:55.449] [DEBUG] debug-file - Incremental task instruments:default@DoNativeStrip pre-execution cost: 1 ms .
[2026-09-14T12:48:55.449] [DEBUG] debug-file - instruments : default@DoNativeStrip cost memory 0.08824920654296875
[2026-09-14T12:48:55.450] [INFO] debug-file - UP-TO-DATE :instruments:default@DoNativeStrip...  
[2026-09-14T12:48:55.451] [DEBUG] debug-file - Executing task :plugin_system:default@DoNativeStrip
[2026-09-14T12:48:55.451] [DEBUG] debug-file - File: 'C:\Projects\ElecDraw_Harmony\features\plugin_system\build\default\intermediates\binxo\default' from 'doBinxoNativeLibs' is not exists, just ignore.
[2026-09-14T12:48:55.451] [DEBUG] debug-file - Task 'plugin_system:default@DoNativeStrip' cost while wrapping incremental declarations: 1 ms 
[2026-09-14T12:48:55.453] [DEBUG] debug-file - Incremental task plugin_system:default@DoNativeStrip pre-execution cost: 2 ms .
[2026-09-14T12:48:55.453] [DEBUG] debug-file - plugin_system : default@DoNativeStrip cost memory 0.088226318359375
[2026-09-14T12:48:55.453] [INFO] debug-file - UP-TO-DATE :plugin_system:default@DoNativeStrip...  
[2026-09-14T12:48:55.454] [DEBUG] debug-file - Executing task :pcb_editor:default@DoNativeStrip
[2026-09-14T12:48:55.454] [DEBUG] debug-file - File: 'C:\Projects\ElecDraw_Harmony\features\pcb_editor\build\default\intermediates\binxo\default' from 'doBinxoNativeLibs' is not exists, just ignore.
[2026-09-14T12:48:55.455] [DEBUG] debug-file - Task 'pcb_editor:default@DoNativeStrip' cost while wrapping incremental declarations: 1 ms 
[2026-09-14T12:48:55.456] [DEBUG] debug-file - Incremental task pcb_editor:default@DoNativeStrip pre-execution cost: 1 ms .
[2026-09-14T12:48:55.456] [DEBUG] debug-file - pcb_editor : default@DoNativeStrip cost memory 0.09844207763671875
[2026-09-14T12:48:55.456] [INFO] debug-file - UP-TO-DATE :pcb_editor:default@DoNativeStrip...  
[2026-09-14T12:48:55.457] [DEBUG] debug-file - Executing task :entry:default@BuildNativeWithCmake
[2026-09-14T12:48:55.457] [DEBUG] debug-file - entry : default@BuildNativeWithCmake cost memory 0.013458251953125
[2026-09-14T12:48:55.457] [DEBUG] debug-file - runTaskFromQueue task cost before running: 1 s 94 ms 
[2026-09-14T12:48:55.457] [INFO] debug-file - Finished :entry:default@BuildNativeWithCmake... after 1 ms 
[2026-09-14T12:48:55.461] [DEBUG] debug-file - Executing task :entry:default@CompileArkTS
[2026-09-14T12:48:55.462] [DEBUG] debug-file - obfuscationOptions: undefined
[2026-09-14T12:48:55.469] [DEBUG] debug-file - Task 'entry:default@CompileArkTS' cost while wrapping incremental declarations: 1 ms 
[2026-09-14T12:48:55.500] [DEBUG] debug-file - build config:
[2026-09-14T12:48:55.500] [DEBUG] debug-file - {
  moduleType: 'entry',
  perf: 0,
  targetName: '.default',
  packageManagerType: 'ohpm',
  localPropertiesPath: 'C:\\Projects\\ElecDraw_Harmony\\local.properties',
  isPreview: false,
  isOhosTest: false,
  isLocalTest: false,
  buildMode: 'Debug',
  hotReloadBuild: undefined,
  watchMode: 'false',
  aceProfilePath: 'C:\\Projects\\ElecDraw_Harmony\\entry\\build\\default\\intermediates\\res\\default\\resources\\base\\profile',
  etsLoaderPath: 'C:\\Program Files\\Huawei\\DevEco Studio\\sdk\\default\\openharmony\\ets\\build-tools\\ets-loader',
  modulePath: 'C:\\Projects\\ElecDraw_Harmony\\entry',
  testFrameworkPar: {
    testMode: undefined,
    coveragePathFilter: undefined,
    coverageMode: undefined
  },
  needCoverageInsert: false,
  debugLine: false,
  projectTopDir: 'C:\\Projects\\ElecDraw_Harmony',
  compileSdkVersion: 24,
  compatibleSdkVersion: 24,
  originCompatibleSdkVersion: '6.1.1(24)',
  compatibleSdkVersionStage: undefined,
  bundleName: 'c***m',
  etsLoaderVersion: '6.1.1.125',
  etsLoaderReleaseType: 'Release',
  aotCompileMode: 'type',
  apPath: 'C:\\Projects\\ElecDraw_Harmony\\entry\\modules.ap',
  entryModuleName: 'entry',
  entryModuleVersion: '1.0.0',
  entryPackageName: 'entry',
  allModuleNameHash: '62eaf4cd04e043480f468c549e25c7570ceb87c90f032676d034fce6695434e6',
  externalApiPaths: [
    'C:\\Program Files\\Huawei\\DevEco Studio\\sdk\\default\\hms\\ets'
  ],
  compilerTypes: [],
  isCrossplatform: false,
  hvigorPluginFile: undefined,
  compilePluginPath: undefined,
  buildGeneratedProfilePath: 'C:\\Projects\\ElecDraw_Harmony\\entry\\build\\default\\generated\\profile\\default',
  bundleType: 'app',
  arkTSVersion: undefined,
  apiVersion: 24,
  needCompleteSourcesMap: false,
  isFaMode: false,
  buildDir: 'C:\\Projects\\ElecDraw_Harmony\\entry\\build',
  deviceTypes: [ 'default', 'tablet', '2in1' ],
  pkgContextInfo: undefined,
  ohPackagePathMap: {},
  dependencyAliasMap: {},
  permission: {
    requestPermissions: [ [Object], [Object], [Object], [Object] ],
    definePermissions: undefined
  },
  useGetCurrentBundleName: false,
  projectArkOption: undefined,
  sourceMapDir: undefined,
  branchElimination: false,
  transformLib: undefined,
  tsImportSendable: false,
  resolveConflictMode: true,
  depName2RootPath: {},
  depName2DepInfo: {},
  depName2OhExports: {},
  rootPathSet: [ 'C:\\Projects\\ElecDraw_Harmony' ],
  useNativeResolver: true,
  shouldEmitJs: true,
  useTscResolve: false,
  singleFileEmit: false,
  userProjectConfig: {
    autoLazyImport: false,
    allowEmptyBundleName: false,
    reExportCheckMode: 'noCheck',
    executionMode: 'memory',
    usePathPlaceholder: false,
    writeRollupCache: true,
    isExpandImportEnabled: false,
    expandImportExclude: '',
    lazyImportExclude: '',
    lazyImportInclude: '',
    ignoreCrossplatformCheck: false,
    isHarDeduplicateEnabled: false,
    skipOhModulesLint: false,
    enableStrictCheckOHModule: false,
    disableSendableCheckRules: [],
    useDeclarationFileSignature: false,
    customizedOptions: undefined,
    integratedHsp: false,
    isPreloadSoEnabled: false
  },
  executionMode: 'memory',
  arkCompileCachePath: 'C:\\Projects\\ElecDraw_Harmony\\entry\\build\\default\\cache\\default\\default@CompileArkTS\\esmodule',
  autoLazyFilter: undefined,
  isHarDeduplicateEnabled: false,
  intermediateHarDuplicateDirPath: 'C:\\Projects\\ElecDraw_Harmony\\entry\\build\\default\\intermediates\\har_duplicate\\default',
  autoLazyImport: false,
  allowEmptyBundleName: false,
  reExportCheckMode: 'noCheck',
  usePathPlaceholder: false,
  writeRollupCache: true,
  isExpandImportEnabled: false,
  expandImportExclude: '',
  lazyImportExclude: '',
  lazyImportInclude: '',
  ignoreCrossplatformCheck: false,
  skipOhModulesLint: false,
  enableStrictCheckOHModule: false,
  disableSendableCheckRules: [],
  useDeclarationFileSignature: false,
  customizedOptions: undefined,
  integratedHsp: false,
  isPreloadSoEnabled: false,
  strictMode: undefined,
  useNormalizedOHMUrl: false,
  caseSensitiveCheck: false,
  strictCheckerOnly: false,
  aceModuleJsonPath: 'C:\\Projects\\ElecDraw_Harmony\\entry\\build\\default\\intermediates\\res\\default\\ark_module.json',
  appResource: 'C:\\Projects\\ElecDraw_Harmony\\entry\\build\\default\\intermediates\\res\\default\\ResourceTable.txt',
  rawFileResource: 'C:\\Projects\\ElecDraw_Harmony\\entry\\build\\default\\intermediates\\res\\default\\resources\\rawfile',
  resourceTableHash: 'f4799e43523e66af8974a83c85785eeb189413590a61c6c6f057fced620a1488',
  runtimeOS: 'HarmonyOS',
  sdkInfo: 'false:24:6.1.1.125:Release',
  aceModuleRoot: 'C:\\Projects\\ElecDraw_Harmony\\entry\\src\\main\\ets',
  compileMode: 'esmodule',
  aceSuperVisualPath: 'C:\\Projects\\ElecDraw_Harmony\\entry\\src\\main\\supervisual',
  aceBuildJson: 'C:\\Projects\\ElecDraw_Harmony\\entry\\build\\default\\intermediates\\loader\\default\\loader.json',
  cachePath: 'C:\\Projects\\ElecDraw_Harmony\\entry\\build\\default\\cache\\default\\default@CompileArkTS\\esmodule\\debug',
  aceModuleBuild: 'C:\\Projects\\ElecDraw_Harmony\\entry\\build\\default\\intermediates\\loader_out\\default\\ets',
  supportChunks: true,
  declaredFilesPath: undefined,
  shouldCollectDirectImportees: false,
  isByteCodeHarOptimize: false,
  expandImportPath: undefined,
  resourceTableTs: 'C:\\Projects\\ElecDraw_Harmony\\entry\\build\\default\\generated\\r\\default\\ResourceTable.ts',
  moduleMetaInfoFiles: [
    {
      filePath: 'C:\\Projects\\ElecDraw_Harmony\\entry\\build\\default\\generated\\r\\default\\ResourceTable.ts',
      ohmurl: 'com.elecdraw.aischsim/entry/build/generated/r/ResourceTable'
    }
  ],
  pkgNameToPkgBriefInfo: {
    common: {
      pkgRoot: 'C:\\Projects\\ElecDraw_Harmony\\common',
      pkgName: 'common',
      sourceRoots: [Array],
      originalSourceRoots: undefined
    },
    schematic_editor: {
      pkgRoot: 'C:\\Projects\\ElecDraw_Harmony\\features\\schematic_editor',
      pkgName: 'schematic_editor',
      sourceRoots: [Array],
      originalSourceRoots: undefined
    },
    component_library: {
      pkgRoot: 'C:\\Projects\\ElecDraw_Harmony\\features\\component_library',
      pkgName: 'component_library',
      sourceRoots: [Array],
      originalSourceRoots: undefined
    },
    simulation_kernel: {
      pkgRoot: 'C:\\Projects\\ElecDraw_Harmony\\features\\simulation_kernel',
      pkgName: 'simulation_kernel',
      sourceRoots: [Array],
      originalSourceRoots: undefined
    },
    hex_debugger: {
      pkgRoot: 'C:\\Projects\\ElecDraw_Harmony\\features\\hex_debugger',
      pkgName: 'hex_debugger',
      sourceRoots: [Array],
      originalSourceRoots: undefined
    },
    ai_api_manager: {
      pkgRoot: 'C:\\Projects\\ElecDraw_Harmony\\features\\ai_api_manager',
      pkgName: 'ai_api_manager',
      sourceRoots: [Array],
      originalSourceRoots: undefined
    },
    ai_engine: {
      pkgRoot: 'C:\\Projects\\ElecDraw_Harmony\\features\\ai_engine',
      pkgName: 'ai_engine',
      sourceRoots: [Array],
      originalSourceRoots: undefined
    },
    file_persistence: {
      pkgRoot: 'C:\\Projects\\ElecDraw_Harmony\\features\\file_persistence',
      pkgName: 'file_persistence',
      sourceRoots: [Array],
      originalSourceRoots: undefined
    },
    instruments: {
      pkgRoot: 'C:\\Projects\\ElecDraw_Harmony\\features\\instruments',
      pkgName: 'instruments',
      sourceRoots: [Array],
      originalSourceRoots: undefined
    },
    plugin_system: {
      pkgRoot: 'C:\\Projects\\ElecDraw_Harmony\\features\\plugin_system',
      pkgName: 'plugin_system',
      sourceRoots: [Array],
      originalSourceRoots: undefined
    },
    pcb_editor: {
      pkgRoot: 'C:\\Projects\\ElecDraw_Harmony\\features\\pcb_editor',
      pkgName: 'pcb_editor',
      sourceRoots: [Array],
      originalSourceRoots: undefined
    },
    agent_bridge: {
      pkgRoot: 'C:\\Projects\\ElecDraw_Harmony\\features\\agent_bridge',
      pkgName: 'agent_bridge',
      sourceRoots: [Array],
      originalSourceRoots: undefined
    },
    entry: {
      pkgRoot: 'C:\\Projects\\ElecDraw_Harmony\\entry',
      originalSourceRoots: undefined,
      sourceRoots: [Array],
      pkgName: 'entry'
    }
  },
  projectModel: {
    'C:\\Projects\\ElecDraw_Harmony\\entry\\src\\main': {
      moduleName: 'entry',
      modulePkgPath: 'C:\\Projects\\ElecDraw_Harmony\\entry',
      belongProjectPath: 'C:\\Projects\\ElecDraw_Harmony'
    },
    'C:\\Projects\\ElecDraw_Harmony\\entry': {
      moduleName: 'entry',
      modulePkgPath: 'C:\\Projects\\ElecDraw_Harmony\\entry',
      belongProjectPath: 'C:\\Projects\\ElecDraw_Harmony'
    },
    'C:\\Projects\\ElecDraw_Harmony\\common\\src\\main': {
      moduleName: 'common',
      modulePkgPath: 'C:\\Projects\\ElecDraw_Harmony\\common',
      belongProjectPath: 'C:\\Projects\\ElecDraw_Harmony'
    },
    'C:\\Projects\\ElecDraw_Harmony\\common': {
      moduleName: 'common',
      modulePkgPath: 'C:\\Projects\\ElecDraw_Harmony\\common',
      belongProjectPath: 'C:\\Projects\\ElecDraw_Harmony'
    },
    'C:\\Projects\\ElecDraw_Harmony\\features\\schematic_editor\\src\\main': {
      moduleName: 'schematic_editor',
      modulePkgPath: 'C:\\Projects\\ElecDraw_Harmony\\features\\schematic_editor',
      belongProjectPath: 'C:\\Projects\\ElecDraw_Harmony'
    },
    'C:\\Projects\\ElecDraw_Harmony\\features\\schematic_editor': {
      moduleName: 'schematic_editor',
      modulePkgPath: 'C:\\Projects\\ElecDraw_Harmony\\features\\schematic_editor',
      belongProjectPath: 'C:\\Projects\\ElecDraw_Harmony'
    },
    'C:\\Projects\\ElecDraw_Harmony\\features\\component_library\\src\\main': {
      moduleName: 'component_library',
      modulePkgPath: 'C:\\Projects\\ElecDraw_Harmony\\features\\component_library',
      belongProjectPath: 'C:\\Projects\\ElecDraw_Harmony'
    },
    'C:\\Projects\\ElecDraw_Harmony\\features\\component_library': {
      moduleName: 'component_library',
      modulePkgPath: 'C:\\Projects\\ElecDraw_Harmony\\features\\component_library',
      belongProjectPath: 'C:\\Projects\\ElecDraw_Harmony'
    },
    'C:\\Projects\\ElecDraw_Harmony\\features\\simulation_kernel\\src\\main': {
      moduleName: 'simulation_kernel',
      modulePkgPath: 'C:\\Projects\\ElecDraw_Harmony\\features\\simulation_kernel',
      belongProjectPath: 'C:\\Projects\\ElecDraw_Harmony'
    },
    'C:\\Projects\\ElecDraw_Harmony\\features\\simulation_kernel': {
      moduleName: 'simulation_kernel',
      modulePkgPath: 'C:\\Projects\\ElecDraw_Harmony\\features\\simulation_kernel',
      belongProjectPath: 'C:\\Projects\\ElecDraw_Harmony'
    },
    'C:\\Projects\\ElecDraw_Harmony\\features\\hex_debugger\\src\\main': {
      moduleName: 'hex_debugger',
      modulePkgPath: 'C:\\Projects\\ElecDraw_Harmony\\features\\hex_debugger',
      belongProjectPath: 'C:\\Projects\\ElecDraw_Harmony'
    },
    'C:\\Projects\\ElecDraw_Harmony\\features\\hex_debugger': {
      moduleName: 'hex_debugger',
      modulePkgPath: 'C:\\Projects\\ElecDraw_Harmony\\features\\hex_debugger',
      belongProjectPath: 'C:\\Projects\\ElecDraw_Harmony'
    },
    'C:\\Projects\\ElecDraw_Harmony\\features\\ai_engine\\src\\main': {
      moduleName: 'ai_engine',
      modulePkgPath: 'C:\\Projects\\ElecDraw_Harmony\\features\\ai_engine',
      belongProjectPath: 'C:\\Projects\\ElecDraw_Harmony'
    },
    'C:\\Projects\\ElecDraw_Harmony\\features\\ai_engine': {
      moduleName: 'ai_engine',
      modulePkgPath: 'C:\\Projects\\ElecDraw_Harmony\\features\\ai_engine',
      belongProjectPath: 'C:\\Projects\\ElecDraw_Harmony'
    },
    'C:\\Projects\\ElecDraw_Harmony\\features\\ai_api_manager\\src\\main': {
      moduleName: 'ai_api_manager',
      modulePkgPath: 'C:\\Projects\\ElecDraw_Harmony\\features\\ai_api_manager',
      belongProjectPath: 'C:\\Projects\\ElecDraw_Harmony'
    },
    'C:\\Projects\\ElecDraw_Harmony\\features\\ai_api_manager': {
      moduleName: 'ai_api_manager',
      modulePkgPath: 'C:\\Projects\\ElecDraw_Harmony\\features\\ai_api_manager',
      belongProjectPath: 'C:\\Projects\\ElecDraw_Harmony'
    },
    'C:\\Projects\\ElecDraw_Harmony\\features\\file_persistence\\src\\main': {
      moduleName: 'file_persistence',
      modulePkgPath: 'C:\\Projects\\ElecDraw_Harmony\\features\\file_persistence',
      belongProjectPath: 'C:\\Projects\\ElecDraw_Harmony'
    },
    'C:\\Projects\\ElecDraw_Harmony\\features\\file_persistence': {
      moduleName: 'file_persistence',
      modulePkgPath: 'C:\\Projects\\ElecDraw_Harmony\\features\\file_persistence',
      belongProjectPath: 'C:\\Projects\\ElecDraw_Harmony'
    },
    'C:\\Projects\\ElecDraw_Harmony\\features\\instruments\\src\\main': {
      moduleName: 'instruments',
      modulePkgPath: 'C:\\Projects\\ElecDraw_Harmony\\features\\instruments',
      belongProjectPath: 'C:\\Projects\\ElecDraw_Harmony'
    },
    'C:\\Projects\\ElecDraw_Harmony\\features\\instruments': {
      moduleName: 'instruments',
      modulePkgPath: 'C:\\Projects\\ElecDraw_Harmony\\features\\instruments',
      belongProjectPath: 'C:\\Projects\\ElecDraw_Harmony'
    },
    'C:\\Projects\\ElecDraw_Harmony\\features\\plugin_system\\src\\main': {
      moduleName: 'plugin_system',
      modulePkgPath: 'C:\\Projects\\ElecDraw_Harmony\\features\\plugin_system',
      belongProjectPath: 'C:\\Projects\\ElecDraw_Harmony'
    },
    'C:\\Projects\\ElecDraw_Harmony\\features\\plugin_system': {
      moduleName: 'plugin_system',
      modulePkgPath: 'C:\\Projects\\ElecDraw_Harmony\\features\\plugin_system',
      belongProjectPath: 'C:\\Projects\\ElecDraw_Harmony'
    },
    'C:\\Projects\\ElecDraw_Harmony\\features\\pcb_editor\\src\\main': {
      moduleName: 'pcb_editor',
      modulePkgPath: 'C:\\Projects\\ElecDraw_Harmony\\features\\pcb_editor',
      belongProjectPath: 'C:\\Projects\\ElecDraw_Harmony'
    },
    'C:\\Projects\\ElecDraw_Harmony\\features\\pcb_editor': {
      moduleName: 'pcb_editor',
      modulePkgPath: 'C:\\Projects\\ElecDraw_Harmony\\features\\pcb_editor',
      belongProjectPath: 'C:\\Projects\\ElecDraw_Harmony'
    },
    'C:\\Projects\\ElecDraw_Harmony\\features\\agent_bridge\\src\\main': {
      moduleName: 'agent_bridge',
      modulePkgPath: 'C:\\Projects\\ElecDraw_Harmony\\features\\agent_bridge',
      belongProjectPath: 'C:\\Projects\\ElecDraw_Harmony'
    },
    'C:\\Projects\\ElecDraw_Harmony\\features\\agent_bridge': {
      moduleName: 'agent_bridge',
      modulePkgPath: 'C:\\Projects\\ElecDraw_Harmony\\features\\agent_bridge',
      belongProjectPath: 'C:\\Projects\\ElecDraw_Harmony'
    },
    'C:\\Projects\\ElecDraw_Harmony': {
      moduleName: 'ElecDraw_Harmony',
      modulePkgPath: 'C:\\Projects\\ElecDraw_Harmony',
      belongProjectPath: 'C:\\Projects\\ElecDraw_Harmony'
    }
  },
  pkgJsonFileHash: 'c201b108c10a434e731302e907f88196332a335ef89768b474e80e6e8a999040',
  allModulePaths: [
    'C:\\Projects\\ElecDraw_Harmony\\entry',
    'C:\\Projects\\ElecDraw_Harmony\\common',
    'C:\\Projects\\ElecDraw_Harmony\\features\\schematic_editor',
    'C:\\Projects\\ElecDraw_Harmony\\features\\component_library',
    'C:\\Projects\\ElecDraw_Harmony\\features\\simulation_kernel',
    'C:\\Projects\\ElecDraw_Harmony\\features\\hex_debugger',
    'C:\\Projects\\ElecDraw_Harmony\\features\\ai_engine',
    'C:\\Projects\\ElecDraw_Harmony\\features\\ai_api_manager',
    'C:\\Projects\\ElecDraw_Harmony\\features\\file_persistence',
    'C:\\Projects\\ElecDraw_Harmony\\features\\instruments',
    'C:\\Projects\\ElecDraw_Harmony\\features\\plugin_system',
    'C:\\Projects\\ElecDraw_Harmony\\features\\pcb_editor',
    'C:\\Projects\\ElecDraw_Harmony\\features\\agent_bridge'
  ],
  routerMap: {},
  obfuscationOptions: undefined,
  byteCodeHarToDependencyKeys: undefined,
  compileBlockPkg: [],
  mockParams: {
    decorator: '@MockSetup',
    packageName: '@ohos/hamock',
    etsSourceRootPath: 'src/main/ets',
    mockConfigPath: undefined,
    mockConfigKey2ModuleInfo: {},
    source2ModuleIdMap: {}
  },
  copyCodeResourceEnable: true,
  copyCodeResourceExcludes: [],
  copyCodeResourceIncludes: undefined,
  uiTransformOptimization: false,
  sdkPath: 'C:/Program Files/Huawei/DevEco Studio/sdk',
  needPreloadSoFileSet: {},
  preloadSoFilePath: 'C:\\Projects\\ElecDraw_Harmony\\entry\\build\\default\\intermediates\\preload\\default\\preload.json',
  useSourceHash: false,
  localModuleParamMap: {},
  otherPaths: {
    'common/*': [
      '..\\..\\..\\..\\common\\src\\main\\*',
      '..\\..\\..\\..\\common\\build\\default\\generated\\profile\\default\\*'
    ],
    'schematic_editor/*': [
      '..\\..\\..\\..\\features\\schematic_editor\\src\\main\\*',
      '..\\..\\..\\..\\features\\schematic_editor\\build\\default\\generated\\profile\\default\\*'
    ],
    'component_library/*': [
      '..\\..\\..\\..\\features\\component_library\\src\\main\\*',
      '..\\..\\..\\..\\features\\component_library\\build\\default\\generated\\profile\\default\\*'
    ],
    'simulation_kernel/*': [
      '..\\..\\..\\..\\features\\simulation_kernel\\src\\main\\*',
      '..\\..\\..\\..\\features\\simulation_kernel\\build\\default\\generated\\profile\\default\\*'
    ],
    'hex_debugger/*': [
      '..\\..\\..\\..\\features\\hex_debugger\\src\\main\\*',
      '..\\..\\..\\..\\features\\hex_debugger\\build\\default\\generated\\profile\\default\\*'
    ],
    'ai_api_manager/*': [
      '..\\..\\..\\..\\features\\ai_api_manager\\src\\main\\*',
      '..\\..\\..\\..\\features\\ai_api_manager\\build\\default\\generated\\profile\\default\\*'
    ],
    'ai_engine/*': [
      '..\\..\\..\\..\\features\\ai_engine\\src\\main\\*',
      '..\\..\\..\\..\\features\\ai_engine\\build\\default\\generated\\profile\\default\\*'
    ],
    'file_persistence/*': [
      '..\\..\\..\\..\\features\\file_persistence\\src\\main\\*',
      '..\\..\\..\\..\\features\\file_persistence\\build\\default\\generated\\profile\\default\\*'
    ],
    'instruments/*': [
      '..\\..\\..\\..\\features\\instruments\\src\\main\\*',
      '..\\..\\..\\..\\features\\instruments\\build\\default\\generated\\profile\\default\\*'
    ],
    'plugin_system/*': [
      '..\\..\\..\\..\\features\\plugin_system\\src\\main\\*',
      '..\\..\\..\\..\\features\\plugin_system\\build\\default\\generated\\profile\\default\\*'
    ],
    'pcb_editor/*': [
      '..\\..\\..\\..\\features\\pcb_editor\\src\\main\\*',
      '..\\..\\..\\..\\features\\pcb_editor\\build\\default\\generated\\profile\\default\\*'
    ],
    'agent_bridge/*': [
      '..\\..\\..\\..\\features\\agent_bridge\\src\\main\\*',
      '..\\..\\..\\..\\features\\agent_bridge\\build\\default\\generated\\profile\\default\\*'
    ],
    'entry/*': [
      '..\\*',
      '..\\..\\..\\build\\default\\generated\\profile\\default\\*'
    ]
  },
  collectImportersConfig: undefined
}
[2026-09-14T12:48:55.501] [DEBUG] debug-file - Compile arkts with external api path: C:\Program Files\Huawei\DevEco Studio\sdk\default\hms\ets
[2026-09-14T12:48:55.502] [DEBUG] debug-file - default@CompileArkTS work[22] is submitted.
[2026-09-14T12:48:55.502] [DEBUG] debug-file - default@CompileArkTS work[22] is pushed to ready queue.
[2026-09-14T12:48:55.502] [DEBUG] debug-file - A work dispatched to worker[15] failed because unable to get work from ready queue.
[2026-09-14T12:48:55.502] [DEBUG] debug-file - A work dispatched to worker[14] failed because unable to get work from ready queue.
[2026-09-14T12:48:55.502] [DEBUG] debug-file - A work dispatched to worker[13] failed because unable to get work from ready queue.
[2026-09-14T12:48:55.502] [DEBUG] debug-file - A work dispatched to worker[12] failed because unable to get work from ready queue.
[2026-09-14T12:48:55.502] [DEBUG] debug-file - A work dispatched to worker[11] failed because unable to get work from ready queue.
[2026-09-14T12:48:55.502] [DEBUG] debug-file - A work dispatched to worker[10] failed because unable to get work from ready queue.
[2026-09-14T12:48:55.502] [DEBUG] debug-file - A work dispatched to worker[9] failed because unable to get work from ready queue.
[2026-09-14T12:48:55.502] [DEBUG] debug-file - A work dispatched to worker[8] failed because unable to get work from ready queue.
[2026-09-14T12:48:55.502] [DEBUG] debug-file - A work dispatched to worker[7] failed because unable to get work from ready queue.
[2026-09-14T12:48:55.502] [DEBUG] debug-file - A work dispatched to worker[6] failed because unable to get work from ready queue.
[2026-09-14T12:48:55.502] [DEBUG] debug-file - A work dispatched to worker[5] failed because unable to get work from ready queue.
[2026-09-14T12:48:55.503] [DEBUG] debug-file - default@CompileArkTS work[22] has been dispatched to worker[4].
[2026-09-14T12:48:55.503] [DEBUG] debug-file - default@CompileArkTS work[22] is dispatched.
[2026-09-14T12:48:55.503] [DEBUG] debug-file - CopyResources startTime: 258640780067500
[2026-09-14T12:48:55.503] [DEBUG] debug-file - default@CompileArkTS work[23] is submitted.
[2026-09-14T12:48:55.503] [DEBUG] debug-file - default@CompileArkTS work[23] is pushed to ready queue.
[2026-09-14T12:48:55.503] [DEBUG] debug-file - A work dispatched to worker[15] failed because unable to get work from ready queue.
[2026-09-14T12:48:55.503] [DEBUG] debug-file - Create  resident worker with id: 14.
[2026-09-14T12:48:55.505] [DEBUG] debug-file - default@CompileArkTS work[23] has been dispatched to worker[14].
[2026-09-14T12:48:55.505] [DEBUG] debug-file - default@CompileArkTS work[23] is dispatched.
[2026-09-14T12:48:55.505] [DEBUG] debug-file - entry : default@CompileArkTS cost memory 2.7136917114257812
[2026-09-14T12:48:55.508] [DEBUG] debug-file - Executing task :entry:default@BuildJS
[2026-09-14T12:48:55.508] [DEBUG] debug-file - Task 'entry:default@BuildJS' cost while wrapping incremental declarations: 1 ms 
[2026-09-14T12:48:55.514] [DEBUG] debug-file - entry : default@BuildJS cost memory 0.26993560791015625
[2026-09-14T12:48:55.514] [DEBUG] debug-file - runTaskFromQueue task cost before running: 1 s 151 ms 
[2026-09-14T12:48:55.514] [INFO] debug-file - Finished :entry:default@BuildJS... after 7 ms 
[2026-09-14T12:48:55.515] [DEBUG] debug-file - Executing task :ai_engine:default@BuildNativeWithNinja
[2026-09-14T12:48:55.515] [DEBUG] debug-file - ai_engine : default@BuildNativeWithNinja cost memory 0.02262115478515625
[2026-09-14T12:48:55.516] [DEBUG] debug-file - runTaskFromQueue task cost before running: 1 s 152 ms 
[2026-09-14T12:48:55.516] [INFO] debug-file - Finished :ai_engine:default@BuildNativeWithNinja... after 1 ms 
[2026-09-14T12:48:55.517] [DEBUG] debug-file - Executing task :agent_bridge:default@BuildNativeWithNinja
[2026-09-14T12:48:55.517] [DEBUG] debug-file - agent_bridge : default@BuildNativeWithNinja cost memory 0.0235748291015625
[2026-09-14T12:48:55.518] [DEBUG] debug-file - runTaskFromQueue task cost before running: 1 s 154 ms 
[2026-09-14T12:48:55.518] [INFO] debug-file - Finished :agent_bridge:default@BuildNativeWithNinja... after 1 ms 
[2026-09-14T12:48:55.519] [DEBUG] debug-file - Executing task :ai_engine:default@ProcessLibs
[2026-09-14T12:48:55.523] [DEBUG] debug-file - Incremental task ai_engine:default@ProcessLibs pre-execution cost: 4 ms .
[2026-09-14T12:48:55.524] [DEBUG] debug-file - ai_engine : default@ProcessLibs cost memory 0.09992218017578125
[2026-09-14T12:48:55.524] [INFO] debug-file - UP-TO-DATE :ai_engine:default@ProcessLibs...  
[2026-09-14T12:48:55.525] [DEBUG] debug-file - Executing task :agent_bridge:default@ProcessLibs
[2026-09-14T12:48:55.528] [DEBUG] debug-file - Incremental task agent_bridge:default@ProcessLibs pre-execution cost: 2 ms .
[2026-09-14T12:48:55.528] [DEBUG] debug-file - agent_bridge : default@ProcessLibs cost memory 0.10062408447265625
[2026-09-14T12:48:55.528] [INFO] debug-file - UP-TO-DATE :agent_bridge:default@ProcessLibs...  
[2026-09-14T12:48:55.530] [DEBUG] debug-file - Executing task :ai_engine:default@DoNativeStrip
[2026-09-14T12:48:55.530] [DEBUG] debug-file - File: 'C:\Projects\ElecDraw_Harmony\features\ai_engine\build\default\intermediates\binxo\default' from 'doBinxoNativeLibs' is not exists, just ignore.
[2026-09-14T12:48:55.530] [DEBUG] debug-file - Task 'ai_engine:default@DoNativeStrip' cost while wrapping incremental declarations: 1 ms 
[2026-09-14T12:48:55.531] [DEBUG] debug-file - Incremental task ai_engine:default@DoNativeStrip pre-execution cost: 1 ms .
[2026-09-14T12:48:55.531] [DEBUG] debug-file - ai_engine : default@DoNativeStrip cost memory 0.093017578125
[2026-09-14T12:48:55.532] [INFO] debug-file - UP-TO-DATE :ai_engine:default@DoNativeStrip...  
[2026-09-14T12:48:55.533] [DEBUG] debug-file - Executing task :agent_bridge:default@DoNativeStrip
[2026-09-14T12:48:55.538] [DEBUG] debug-file - File: 'C:\Projects\ElecDraw_Harmony\features\agent_bridge\build\default\intermediates\binxo\default' from 'doBinxoNativeLibs' is not exists, just ignore.
[2026-09-14T12:48:55.538] [DEBUG] debug-file - Task 'agent_bridge:default@DoNativeStrip' cost while wrapping incremental declarations: 6 ms 
[2026-09-14T12:48:55.539] [DEBUG] debug-file - Incremental task agent_bridge:default@DoNativeStrip pre-execution cost: 1 ms .
[2026-09-14T12:48:55.539] [DEBUG] debug-file - agent_bridge : default@DoNativeStrip cost memory -13.161392211914062
[2026-09-14T12:48:55.539] [INFO] debug-file - UP-TO-DATE :agent_bridge:default@DoNativeStrip...  
[2026-09-14T12:48:55.540] [DEBUG] debug-file - Executing task :entry:default@BuildNativeWithNinja
[2026-09-14T12:48:55.541] [DEBUG] debug-file - entry : default@BuildNativeWithNinja cost memory 0.01909637451171875
[2026-09-14T12:48:55.541] [DEBUG] debug-file - runTaskFromQueue task cost before running: 1 s 178 ms 
[2026-09-14T12:48:55.542] [INFO] debug-file - Finished :entry:default@BuildNativeWithNinja... after 1 ms 
[2026-09-14T12:48:55.542] [DEBUG] debug-file - Executing task :entry:default@ProcessLibs
[2026-09-14T12:48:55.568] [DEBUG] debug-file - Incremental task entry:default@ProcessLibs pre-execution cost: 9 ms .
[2026-09-14T12:48:55.568] [DEBUG] debug-file - entry : default@ProcessLibs cost memory 1.83880615234375
[2026-09-14T12:48:55.570] [INFO] debug-file - UP-TO-DATE :entry:default@ProcessLibs...  
[2026-09-14T12:48:55.571] [DEBUG] debug-file - Executing task :entry:default@DoNativeStrip
[2026-09-14T12:48:55.571] [DEBUG] debug-file - File: 'C:\Projects\ElecDraw_Harmony\entry\build\default\intermediates\binxo\default' from 'doBinxoNativeLibs' is not exists, just ignore.
[2026-09-14T12:48:55.571] [DEBUG] debug-file - Task 'entry:default@DoNativeStrip' cost while wrapping incremental declarations: 1 ms 
[2026-09-14T12:48:55.573] [DEBUG] debug-file - Incremental task entry:default@DoNativeStrip pre-execution cost: 1 ms .
[2026-09-14T12:48:55.573] [DEBUG] debug-file - entry : default@DoNativeStrip cost memory 0.08260345458984375
[2026-09-14T12:48:55.573] [INFO] debug-file - UP-TO-DATE :entry:default@DoNativeStrip...  
[2026-09-14T12:48:55.576] [DEBUG] debug-file - Executing task :entry:default@CacheNativeLibs
[2026-09-14T12:48:55.576] [DEBUG] debug-file - File: 'C:\Projects\ElecDraw_Harmony\entry\build\default\intermediates\binxo\default' from 'cacheBinxoNativeLibs' is not exists, just ignore.
[2026-09-14T12:48:55.576] [DEBUG] debug-file - Task 'entry:default@CacheNativeLibs' cost while wrapping incremental declarations: 1 ms 
[2026-09-14T12:48:55.577] [DEBUG] debug-file - Incremental task entry:default@CacheNativeLibs pre-execution cost: 2 ms .
[2026-09-14T12:48:55.577] [DEBUG] debug-file - entry : default@CacheNativeLibs cost memory 0.11232757568359375
[2026-09-14T12:48:55.578] [INFO] debug-file - UP-TO-DATE :entry:default@CacheNativeLibs...  
[2026-09-14T12:48:56.970] [DEBUG] debug-file - worker[14] has one work done.
[2026-09-14T12:48:56.970] [DEBUG] debug-file - CopyResources is end, endTime: 258642247178500
[2026-09-14T12:48:56.970] [DEBUG] debug-file - default@CompileArkTS work[23] done.
[2026-09-14T12:48:56.970] [DEBUG] debug-file - A work dispatched to worker[14] failed because unable to get work from ready queue.
[2026-09-14T12:49:17.412] [WARN] debug-file - [33mWARN: [33m[33mArkTS:WARN File: C:/Projects/ElecDraw_Harmony/features/ai_engine/src/main/ets/algorithms/agents/StageHooks.ets:60:32
 Classes cannot be used as objects (arkts-no-classes-as-obj)
[39m[39m
[33mWARN: [33m[33mArkTS:WARN: For details about ArkTS syntax errors, see FAQs[39m[39m
[33mWARN: [33m[33mArkTS:WARN File: C:/Projects/ElecDraw_Harmony/common/src/main/ets/security/HardwareFingerprint.ets:11:56
 To use this API, you need to apply for the permissions: ohos.permission.sec.ACCESS_UDID
[39m[39m
[33mWARN: [33m[33mArkTS:WARN File: C:/Projects/ElecDraw_Harmony/common/src/main/ets/security/HardwareFingerprint.ets:12:54
 To use this API, you need to apply for the permissions: ohos.permission.sec.ACCESS_UDID
[39m[39m
[33mWARN: [33m[33mArkTS:WARN File: C:/Projects/ElecDraw_Harmony/features/ai_api_manager/src/main/ets/AiApiManagerImpl.ets:160:22
 'decode' has been deprecated.
[39m[39m
[33mWARN: [33m[33mArkTS:WARN File: C:/Projects/ElecDraw_Harmony/features/ai_api_manager/src/main/ets/AiApiManagerImpl.ets:1357:31
 'decode' has been deprecated.
[39m[39m
[33mWARN: [33m[33mArkTS:WARN File: C:/Projects/ElecDraw_Harmony/features/ai_api_manager/src/main/ets/AiApiManagerImpl.ets:1438:20
 'decode' has been deprecated.
[39m[39m
[33mWARN: [33m[33mArkTS:WARN File: C:/Projects/ElecDraw_Harmony/features/agent_bridge/src/main/ets/AgentHttpServer.ets:171:20
 'decode' has been deprecated.
[39m[39m
[33mWARN: [33m[33mArkTS:WARN File: C:/Projects/ElecDraw_Harmony/entry/src/main/ets/utils/WindowLaunchUtil.ets:23:21
 The system capacity of this api 'setWindowRectAutoSave' is not supported on all devices
[39m[39m
[33mWARN: [33m[33mArkTS:WARN File: C:/Projects/ElecDraw_Harmony/entry/src/main/ets/utils/WindowLaunchUtil.ets:35:24
 The system capacity of this api 'maximize' is not supported on all devices
[39m[39m
[33mWARN: [33m[33mArkTS:WARN File: C:/Projects/ElecDraw_Harmony/entry/src/main/ets/pages/HomePage.ets:328:19
 'getContext' has been deprecated.
[39m[39m
[33mWARN: [33m[33mArkTS:WARN File: C:/Projects/ElecDraw_Harmony/entry/src/main/ets/pages/HomePage.ets:355:19
 'getContext' has been deprecated.
[39m[39m
[33mWARN: [33m[33mArkTS:WARN File: C:/Projects/ElecDraw_Harmony/entry/src/main/ets/pages/HomePage.ets:402:19
 'getContext' has been deprecated.
[39m[39m
[33mWARN: [33m[33mArkTS:WARN File: C:/Projects/ElecDraw_Harmony/entry/src/main/ets/pages/HomePage.ets:473:19
 'getContext' has been deprecated.
[39m[39m
[33mWARN: [33m[33mArkTS:WARN File: C:/Projects/ElecDraw_Harmony/entry/src/main/ets/pages/HomePage.ets:502:19
 'getContext' has been deprecated.
[39m[39m
[33mWARN: [33m[33mArkTS:WARN File: C:/Projects/ElecDraw_Harmony/entry/src/main/ets/pages/HomePage.ets:535:19
 'getContext' has been deprecated.
[39m[39m
[33mWARN: [33m[33mArkTS:WARN File: C:/Projects/ElecDraw_Harmony/entry/src/main/ets/pages/HomePage.ets:964:10
 'key' can only be used for testing directories 
[39m[39m
[33mWARN: [33m[33mArkTS:WARN File: C:/Projects/ElecDraw_Harmony/entry/src/main/ets/components/SchematicCanvas.ets:441:14
 'key' can only be used for testing directories 
[39m[39m
[33mWARN: [33m[33mArkTS:WARN File: C:/Projects/ElecDraw_Harmony/entry/src/main/ets/components/SchematicCanvas.ets:454:14
 'key' can only be used for testing directories 
[39m[39m
[33mWARN: [33m[33mArkTS:WARN File: C:/Projects/ElecDraw_Harmony/entry/src/main/ets/components/SchematicCanvas.ets:465:14
 'key' can only be used for testing directories 
[39m[39m
[33mWARN: [33m[33mArkTS:WARN File: C:/Projects/ElecDraw_Harmony/entry/src/main/ets/components/PropertyPanel.ets:831:6
 'key' can only be used for testing directories 
[39m[39m
[33mWARN: [33m[33mArkTS:WARN File: C:/Projects/ElecDraw_Harmony/entry/src/main/ets/components/AiSettingsPanel.ets:1118:16
 'key' can only be used for testing directories 
[39m[39m
[33mWARN: [33m[33mArkTS:WARN File: C:/Projects/ElecDraw_Harmony/entry/src/main/ets/components/InstrumentPanel.ets:40:10
 'key' can only be used for testing directories 
[39m[39m
[33mWARN: [33m[33mArkTS:WARN File: C:/Projects/ElecDraw_Harmony/entry/src/main/ets/components/InstrumentPanel.ets:75:10
 'key' can only be used for testing directories 
[39m[39m
[33mWARN: [33m[33mArkTS:WARN File: C:/Projects/ElecDraw_Harmony/entry/src/main/ets/components/ComponentPreview.ets:40:10
 'key' can only be used for testing directories 
[39m[39m
[33mWARN: [33m[33mArkTS:WARN File: C:/Projects/ElecDraw_Harmony/entry/src/main/ets/pages/Index.ets:1393:10
 'key' can only be used for testing directories 
[39m[39m
[33mWARN: [33m[33mArkTS:WARN File: C:/Projects/ElecDraw_Harmony/entry/src/main/ets/pages/Index.ets:1566:6
 'key' can only be used for testing directories 
[39m[39m
[33mWARN: [33m[33mArkTS:WARN File: C:/Projects/ElecDraw_Harmony/entry/src/main/ets/pages/Index.ets:1889:6
 'key' can only be used for testing directories 
[39m[39m
[33mWARN: [33m[33mArkTS:WARN File: C:/Projects/ElecDraw_Harmony/entry/src/main/ets/pages/Index.ets:2128:6
 'key' can only be used for testing directories 
[39m[39m
[33mWARN: [33m[33mArkTS:WARN File: C:/Projects/ElecDraw_Harmony/entry/src/main/ets/pages/Index.ets:2359:14
 'key' can only be used for testing directories 
[39m[39m
[33mWARN: [33m[33mArkTS:WARN File: C:/Projects/ElecDraw_Harmony/entry/src/main/ets/pages/Index.ets:2369:14
 'key' can only be used for testing directories 
[39m[39m
[33mWARN: [33m[33mArkTS:WARN File: C:/Projects/ElecDraw_Harmony/entry/src/main/ets/pages/Index.ets:2374:14
 'key' can only be used for testing directories 
[39m[39m
[33mWARN: [33m[33mArkTS:WARN File: C:/Projects/ElecDraw_Harmony/entry/src/main/ets/pages/Index.ets:2380:14
 'key' can only be used for testing directories 
[39m[39m
[33mWARN: [33m[33mArkTS:WARN File: C:/Projects/ElecDraw_Harmony/entry/src/main/ets/pages/Index.ets:2516:20
 'key' can only be used for testing directories 
[39m[39m
[33mWARN: [33m[33mArkTS:WARN File: C:/Projects/ElecDraw_Harmony/entry/src/main/ets/pages/Index.ets:2523:20
 'key' can only be used for testing directories 
[39m[39m
[33mWARN: [33m[33mArkTS:WARN File: C:/Projects/ElecDraw_Harmony/entry/src/main/ets/pages/Index.ets:2530:20
 'key' can only be used for testing directories 
[39m[39m
[33mWARN: [33m[33mArkTS:WARN File: C:/Projects/ElecDraw_Harmony/entry/src/main/ets/pages/Index.ets:2537:20
 'key' can only be used for testing directories 
[39m[39m
[33mWARN: [33m[33mArkTS:WARN File: C:/Projects/ElecDraw_Harmony/entry/src/main/ets/pages/Index.ets:2615:6
 'key' can only be used for testing directories 
[39m[39m
[33mWARN: [33m[33mArkTS:WARN File: C:/Projects/ElecDraw_Harmony/entry/src/main/ets/pages/Index.ets:3266:6
 'key' can only be used for testing directories 
[39m[39m
[33mWARN: [33m[33mArkTS:WARN File: C:/Projects/ElecDraw_Harmony/entry/src/main/ets/components/pcb/PcbGerberPreview.ets:343:10
 'key' can only be used for testing directories 
[39m[39m
[33mWARN: [33m[33mArkTS:WARN File: C:/Projects/ElecDraw_Harmony/entry/src/main/ets/pages/PcbPage.ets:1027:31
 'decodeWithStream' has been deprecated.
[39m[39m
[33mWARN: [33mDuplicate file names detected, which may cause compilation errors. Please check the following files: 
C:\Projects\ElecDraw_Harmony\common\src\main\ets\utils\pcb_route\PcbDiffPairCoupled.ets
C:\Projects\ElecDraw_Harmony\common\src\main\ets\utils\pcb_route\PcbSwitchBox.ets
C:\Projects\ElecDraw_Harmony\common\src\main\ets\utils\pcb_route\PcbRuleEngine.ets
C:\Projects\ElecDraw_Harmony\common\src\main\ets\utils\pcb_route\PcbGridlessRoom.ets
C:\Projects\ElecDraw_Harmony\common\src\main\ets\utils\pcb_route\PcbRoomModel.ets
C:\Projects\ElecDraw_Harmony\common\src\main\ets\utils\pcb_route\PcbPolyRoom.ets
C:\Projects\ElecDraw_Harmony\common\src\main\ets\utils\pcb_route\PcbViaCostModel.ets
C:\Projects\ElecDraw_Harmony\common\src\main\ets\utils\pcb_route\PcbSimulatedAnnealing.ets
C:\Projects\ElecDraw_Harmony\common\src\main\ets\utils\pcb_route\PcbRouteBenchmark.ets
C:\Projects\ElecDraw_Harmony\common\src\main\ets\utils\pcb_route\PcbSerpentine.ets
C:\Projects\ElecDraw_Harmony\common\src\main\ets\utils\pcb_route\PcbDfmChecks.ets
C:\Projects\ElecDraw_Harmony\common\src\main\ets\utils\pcb_route\PcbCongestionRipup.ets
C:\Projects\ElecDraw_Harmony\common\src\main\ets\utils\pcb_route\PcbCorner45.ets
C:\Projects\ElecDraw_Harmony\common\src\main\ets\utils\pcb_route\PcbImpedanceRules.ets
C:\Projects\ElecDraw_Harmony\common\src\main\ets\utils\pcb_route\PcbCongestionPlacement.ets
C:\Projects\ElecDraw_Harmony\common\src\main\ets\utils\pcb_route\PcbSiChecks.ets
C:\Projects\ElecDraw_Harmony\common\src\main\ets\utils\pcb_route\PcbSteinerTree.ets
C:\Projects\ElecDraw_Harmony\common\src\main\ets\utils\pcb_route\PcbRoutePostOptimize.ets
C:\Projects\ElecDraw_Harmony\common\src\main\ets\utils\pcb_route\PcbDiffPairRouter.ets
C:\Projects\ElecDraw_Harmony\common\src\main\ets\utils\pcb_route\PcbEscapeOrder.ets
C:\Projects\ElecDraw_Harmony\common\src\main\ets\utils\pcb_route\PcbRouteVerify.ets
C:\Projects\ElecDraw_Harmony\common\src\main\ets\utils\pcb_route\PcbBgaFanout.ets
C:\Projects\ElecDraw_Harmony\common\src\main\ets\utils\pcb_route\PcbSpatialIndex.ets
C:\Projects\ElecDraw_Harmony\common\src\main\ets\utils\pcb_route\PcbMazeRouter.ets
C:\Projects\ElecDraw_Harmony\common\src\main\ets\utils\PcbTrackShoveUtil.ets
C:\Projects\ElecDraw_Harmony\common\src\main\ets\utils\PcbTraceLog.ets
C:\Projects\ElecDraw_Harmony\common\src\main\ets\utils\PcbPinBindUtil.ets
C:\Projects\ElecDraw_Harmony\common\src\main\ets\utils\PcbTrackBindUtil.ets
C:\Projects\ElecDraw_Harmony\common\src\main\ets\utils\PcbZoneUtil.ets
C:\Projects\ElecDraw_Harmony\common\src\main\ets\utils\PcbNetUtil.ets
C:\Projects\ElecDraw_Harmony\common\src\main\ets\utils\PcbTrackChainUtil.ets
C:\Projects\ElecDraw_Harmony\common\src\main\ets\utils\PcbSpatialIndex.ets
C:\Projects\ElecDraw_Harmony\common\src\main\ets\utils\PcbSerpentineUtil.ets
C:\Projects\ElecDraw_Harmony\features\simulation_kernel\src\main\ets\SimulationKernelImpl.ets
C:\Projects\ElecDraw_Harmony\features\simulation_kernel\src\main\ets\engines\FaultInjectionEngine.ets
C:\Projects\ElecDraw_Harmony\entry\src\main\ets\components\pcb\PcbTeachingPanel.ets
C:\Projects\ElecDraw_Harmony\entry\src\main\ets\components\pcb\PcbGerberPreview.ets
C:\Projects\ElecDraw_Harmony\features\pcb_editor\src\main\ets\api\IPcbEditor.ets
C:\Projects\ElecDraw_Harmony\features\pcb_editor\src\main\ets\PcbEditorImpl.ets
C:\Projects\ElecDraw_Harmony\entry\src\main\ets\utils\Pcb3dMath.ets
C:\Projects\ElecDraw_Harmony\entry\src\main\ets\utils\Pcb3dMeshBuilder.ets
C:\Projects\ElecDraw_Harmony\entry\src\main\ets\utils\Pcb3dPbrRaster.ets
C:\Projects\ElecDraw_Harmony\entry\src\main\ets\utils\Pcb3dModelLibrary.ets
C:\Projects\ElecDraw_Harmony\common\src\main\ets\utils\NamedDevicePinDefaults.ets
C:\Projects\ElecDraw_Harmony\features\schematic_editor\src\main\ets\SchematicEditorImpl.ets
C:\Projects\ElecDraw_Harmony\features\schematic_editor\src\main\ets\model\SchematicLayers.ets
C:\Projects\ElecDraw_Harmony\entry\src\main\ets\services\sim\SimFrameStore.ets
C:\Projects\ElecDraw_Harmony\features\hex_debugger\src\main\ets\HexDebuggerImpl.ets
C:\Projects\ElecDraw_Harmony\features\hex_debugger\src\main\ets\engines\McuBehaviorSimulator.ets
C:\Projects\ElecDraw_Harmony\features\component_library\src\main\ets\ComponentLibraryImpl.ets
C:\Projects\ElecDraw_Harmony\features\component_library\src\main\ets\internal\LibDeviceAdapter.ets
C:\Projects\ElecDraw_Harmony\features\component_library\src\main\ets\loader\DeviceLibraryLoader.ets
C:\Projects\ElecDraw_Harmony\features\component_library\src\main\ets\loader\DeviceMetaAdapter.ets
C:\Projects\ElecDraw_Harmony\features\component_library\src\main\ets\internal\SvgSymbolCache.ets
C:\Projects\ElecDraw_Harmony\features\instruments\src\main\ets\VirtualInstrumentsImpl.ets
C:\Projects\ElecDraw_Harmony\features\ai_api_manager\src\main\ets\AiApiManagerImpl.ets
C:\Projects\ElecDraw_Harmony\features\ai_api_manager\src\main\ets\billing\QuotaTracker.ets
C:\Projects\ElecDraw_Harmony\features\ai_api_manager\src\main\ets\NetworkModeManager.ets
C:\Projects\ElecDraw_Harmony\features\file_persistence\src\main\ets\FilePersistenceImpl.ets
C:\Projects\ElecDraw_Harmony\features\file_persistence\src\main\ets\collaboration\CollaborationService.ets
C:\Projects\ElecDraw_Harmony\features\file_persistence\src\main\ets\collaboration\CollabSyncClient.ets
C:\Projects\ElecDraw_Harmony\features\file_persistence\src\main\ets\collaboration\CollabConflictResolver.ets
C:\Projects\ElecDraw_Harmony\features\file_persistence\src\main\ets\platform\CrashGuard.ets
C:\Projects\ElecDraw_Harmony\features\ai_engine\src\main\ets\AiEngineImpl.ets
C:\Projects\ElecDraw_Harmony\features\ai_engine\src\main\ets\TeachingService.ets
C:\Projects\ElecDraw_Harmony\features\ai_engine\src\main\ets\algorithms\LabTemplateRegistry.ets
C:\Projects\ElecDraw_Harmony\features\ai_engine\src\main\ets\algorithms\PcbLabTemplateRegistry.ets
C:\Projects\ElecDraw_Harmony\features\ai_engine\src\main\ets\algorithms\TemplateSchematicKit.ets
C:\Projects\ElecDraw_Harmony\features\ai_engine\src\main\ets\algorithms\SemanticNetBuilder.ets
C:\Projects\ElecDraw_Harmony\features\ai_engine\src\main\ets\algorithms\NetPlanExecutor.ets
C:\Projects\ElecDraw_Harmony\features\ai_engine\src\main\ets\algorithms\AiTopologyFixKit.ets
C:\Projects\ElecDraw_Harmony\features\ai_engine\src\main\ets\algorithms\LlmJsonNormalizer.ets
C:\Projects\ElecDraw_Harmony\features\ai_engine\src\main\ets\algorithms\PinWorldResolver.ets
C:\Projects\ElecDraw_Harmony\features\ai_engine\src\main\ets\AiResultCache.ets
C:\Projects\ElecDraw_Harmony\features\ai_engine\src\main\ets\validation\AiPipelineValidator.ets
C:\Projects\ElecDraw_Harmony\features\ai_engine\src\main\ets\algorithms\FaultDiagnoser.ets
C:\Projects\ElecDraw_Harmony\features\ai_engine\src\main\ets\algorithms\DeviceUsageManual.ets
C:\Projects\ElecDraw_Harmony\features\ai_engine\src\main\ets\algorithms\CircuitIntent.ets
C:\Projects\ElecDraw_Harmony\features\ai_engine\src\main\ets\algorithms\agents\AgentPipelineCoordinator.ets
C:\Projects\ElecDraw_Harmony\features\ai_engine\src\main\ets\algorithms\WarRouteAdapter.ets
C:\Projects\ElecDraw_Harmony\features\plugin_system\src\main\ets\PluginManagerImpl.ets
C:\Projects\ElecDraw_Harmony\features\agent_bridge\src\main\ets\AgentBridgeImpl.ets
C:\Projects\ElecDraw_Harmony\features\agent_bridge\src\main\ets\AgentCommandDispatcher.ets[39m[39m

[2026-09-14T12:49:17.413] [DEBUG] debug-file - Ark compile task finished.finished time is 258662689718000
[2026-09-14T12:49:17.413] [DEBUG] debug-file - worker[4] has one work done.
[2026-09-14T12:49:17.414] [DEBUG] debug-file - default@CompileArkTS work[22] done.
[2026-09-14T12:49:17.414] [DEBUG] debug-file - A work dispatched to worker[4] failed because unable to get work from ready queue.
[2026-09-14T12:49:17.417] [INFO] debug-file - Finished :entry:default@CompileArkTS... after 21 s 951 ms 
[2026-09-14T12:49:17.419] [DEBUG] debug-file - Executing task :entry:default@GeneratePkgModuleJson
[2026-09-14T12:49:17.419] [DEBUG] debug-file - File: 'C:\Projects\ElecDraw_Harmony\entry\build\default\intermediates\preload\default\preload.json' from 'preloadSoJsonPath' is not exists, just ignore.
[2026-09-14T12:49:17.420] [DEBUG] debug-file - Error occurs while handling @Input 'shouldDeduplicateHar': The "data" argument must be of type string or an instance of Buffer, TypedArray, or DataView. Received undefined
[2026-09-14T12:49:17.420] [DEBUG] debug-file - Task 'entry:default@GeneratePkgModuleJson' cost while wrapping incremental declarations: 2 ms 
[2026-09-14T12:49:17.421] [DEBUG] debug-file - entry:default@GeneratePkgModuleJson is not up-to-date, since the input file 'C:\Projects\ElecDraw_Harmony\entry\build\default\intermediates\res\default\module.json' has been changed.
[2026-09-14T12:49:17.421] [DEBUG] debug-file - Incremental task entry:default@GeneratePkgModuleJson pre-execution cost: 1 ms .
[2026-09-14T12:49:17.423] [DEBUG] debug-file - entry : default@GeneratePkgModuleJson cost memory 0.2073822021484375
[2026-09-14T12:49:17.423] [DEBUG] debug-file - runTaskFromQueue task cost before running: 23 s 60 ms 
[2026-09-14T12:49:17.423] [INFO] debug-file - Finished :entry:default@GeneratePkgModuleJson... after 5 ms 
[2026-09-14T12:49:17.424] [DEBUG] debug-file - Executing task :entry:default@ProcessCompiledResources
[2026-09-14T12:49:17.424] [DEBUG] debug-file - File: 'C:\Projects\ElecDraw_Harmony\entry\build\default\intermediates\preload\default\preload.json' from 'preloadSoJsonPath' is not exists, just ignore.
[2026-09-14T12:49:17.425] [DEBUG] debug-file - Task 'entry:default@ProcessCompiledResources' cost while wrapping incremental declarations: 1 ms 
[2026-09-14T12:49:17.425] [DEBUG] debug-file - entry : default@ProcessCompiledResources cost memory -0.816802978515625
[2026-09-14T12:49:17.425] [DEBUG] debug-file - runTaskFromQueue task cost before running: 23 s 62 ms 
[2026-09-14T12:49:17.425] [INFO] debug-file - Finished :entry:default@ProcessCompiledResources... after 2 ms 
[2026-09-14T12:49:17.427] [DEBUG] debug-file - Executing task :entry:default@PackageHap
[2026-09-14T12:49:17.429] [DEBUG] debug-file - entry:default@PackageHap is not up-to-date, since the input file 'C:\Projects\ElecDraw_Harmony\entry\build\default\intermediates\res\default\module.json' has been changed.
[2026-09-14T12:49:17.430] [DEBUG] debug-file - Incremental task entry:default@PackageHap pre-execution cost: 2 ms .
[2026-09-14T12:49:17.430] [DEBUG] debug-file - Use tool [C:\Program Files\Huawei\DevEco Studio\sdk\default\openharmony\toolchains\lib\app_packing_tool.jar]
 [
  'java',
  '-Dfile.encoding=GBK',
  '-jar',
  'C:\\Program Files\\Huawei\\DevEco Studio\\sdk\\default\\openharmony\\toolchains\\lib\\app_packing_tool.jar',
  '--mode',
  'hap',
  '--force',
  'true',
  '--lib-path',
  'C:\\Projects\\ElecDraw_Harmony\\entry\\build\\default\\intermediates\\stripped_native_libs\\default',
  '--json-path',
  'C:\\Projects\\ElecDraw_Harmony\\entry\\build\\default\\intermediates\\package\\default\\module.json',
  '--resources-path',
  'C:\\Projects\\ElecDraw_Harmony\\entry\\build\\default\\intermediates\\res\\default\\resources',
  '--index-path',
  'C:\\Projects\\ElecDraw_Harmony\\entry\\build\\default\\intermediates\\res\\default\\resources.index',
  '--pack-info-path',
  'C:\\Projects\\ElecDraw_Harmony\\entry\\build\\default\\outputs\\default\\pack.info',
  '--out-path',
  'C:\\Projects\\ElecDraw_Harmony\\entry\\build\\default\\outputs\\default\\entry-default-unsigned.hap',
  '--ets-path',
  'C:\\Projects\\ElecDraw_Harmony\\entry\\build\\default\\intermediates\\loader_out\\default\\ets',
  '--pkg-sdk-info-path',
  'C:\\Projects\\ElecDraw_Harmony\\entry\\build\\default\\intermediates\\loader\\default\\pkgSdkInfo.json'
]
[2026-09-14T12:49:17.430] [DEBUG] debug-file - default@PackageHap work[24] is submitted.
[2026-09-14T12:49:17.431] [DEBUG] debug-file - default@PackageHap work[24] is pushed to ready queue.
[2026-09-14T12:49:17.431] [DEBUG] debug-file - A work dispatched to worker[15] failed because unable to get work from ready queue.
[2026-09-14T12:49:17.431] [DEBUG] debug-file - default@PackageHap work[24] has been dispatched to worker[14].
[2026-09-14T12:49:17.431] [DEBUG] debug-file - default@PackageHap work[24] is dispatched.
[2026-09-14T12:49:17.437] [DEBUG] debug-file - entry : default@PackageHap cost memory 0.41890716552734375
[2026-09-14T12:49:17.675] [DEBUG] debug-file - current process  memoryUsage: {
  rss: 1078452224,
  heapTotal: 52461568,
  heapUsed: 48012904,
  external: 2298140,
  arrayBuffers: 57578
} os memoryUsage :14.169445037841797
[2026-09-14T12:49:18.247] [DEBUG] debug-file - worker[14] has one work done.
[2026-09-14T12:49:18.247] [DEBUG] debug-file - default@PackageHap work[24] done.
[2026-09-14T12:49:18.247] [DEBUG] debug-file - A work dispatched to worker[14] failed because unable to get work from ready queue.
[2026-09-14T12:49:18.248] [INFO] debug-file - Finished :entry:default@PackageHap... after 585 ms 
[2026-09-14T12:49:18.250] [DEBUG] debug-file - Executing task :entry:default@PackingCheck
[2026-09-14T12:49:18.264] [DEBUG] debug-file - entry : default@PackingCheck cost memory 0.78692626953125
[2026-09-14T12:49:18.264] [DEBUG] debug-file - runTaskFromQueue task cost before running: 23 s 901 ms 
[2026-09-14T12:49:18.264] [INFO] debug-file - Finished :entry:default@PackingCheck... after 15 ms 
[2026-09-14T12:49:18.266] [DEBUG] debug-file - Executing task :entry:default@SignHap
[2026-09-14T12:49:18.268] [DEBUG] debug-file - entry:default@SignHap is not up-to-date, since the input file 'C:\Projects\ElecDraw_Harmony\entry\build\default\outputs\default\entry-default-unsigned.hap' has been changed.
[2026-09-14T12:49:18.268] [DEBUG] debug-file - Incremental task entry:default@SignHap pre-execution cost: 1 ms .
[2026-09-14T12:49:18.437] [DEBUG] debug-file - java daemon socket received message:{"code":0,"message":"verify profile success"}
[2026-09-14T12:49:18.442] [DEBUG] debug-file - java daemon socket close code:1000 reason:close by user
[2026-09-14T12:49:18.753] [DEBUG] debug-file - java daemon socket received message:{"code":0,"message":"sign app success"}
[2026-09-14T12:49:18.754] [DEBUG] debug-file - entry : default@SignHap cost memory 0.22110748291015625
[2026-09-14T12:49:18.754] [DEBUG] debug-file - runTaskFromQueue task cost before running: 24 s 390 ms 
[2026-09-14T12:49:18.754] [INFO] debug-file - Finished :entry:default@SignHap... after 489 ms 
[2026-09-14T12:49:18.756] [DEBUG] debug-file - Executing task :entry:default@CollectDebugSymbol
[2026-09-14T12:49:18.758] [DEBUG] debug-file - entry : default@CollectDebugSymbol cost memory 0.08095550537109375
[2026-09-14T12:49:18.758] [DEBUG] debug-file - runTaskFromQueue task cost before running: 24 s 395 ms 
[2026-09-14T12:49:18.758] [INFO] debug-file - Finished :entry:default@CollectDebugSymbol... after 2 ms 
[2026-09-14T12:49:18.759] [DEBUG] debug-file - Executing task :entry:assembleHap
[2026-09-14T12:49:18.759] [DEBUG] debug-file - entry : assembleHap cost memory 0.01169586181640625
[2026-09-14T12:49:18.759] [DEBUG] debug-file - runTaskFromQueue task cost before running: 24 s 396 ms 
[2026-09-14T12:49:18.759] [INFO] debug-file - Finished :entry:assembleHap... after 1 ms 
[2026-09-14T12:49:18.772] [INFO] debug-file - BUILD SUCCESSFUL in 24 s 409 ms 
[2026-09-14T12:49:18.772] [DEBUG] debug-file - There is no need to refresh cache, since the incremental task entry:default@PreBuild is up-to-date.
[2026-09-14T12:49:18.772] [DEBUG] debug-file - There is no need to refresh cache, since the incremental task common:default@PreBuild is up-to-date.
[2026-09-14T12:49:18.772] [DEBUG] debug-file - There is no need to refresh cache, since the incremental task schematic_editor:default@PreBuild is up-to-date.
[2026-09-14T12:49:18.772] [DEBUG] debug-file - There is no need to refresh cache, since the incremental task component_library:default@PreBuild is up-to-date.
[2026-09-14T12:49:18.772] [DEBUG] debug-file - There is no need to refresh cache, since the incremental task simulation_kernel:default@PreBuild is up-to-date.
[2026-09-14T12:49:18.772] [DEBUG] debug-file - There is no need to refresh cache, since the incremental task hex_debugger:default@PreBuild is up-to-date.
[2026-09-14T12:49:18.773] [DEBUG] debug-file - There is no need to refresh cache, since the incremental task ai_api_manager:default@PreBuild is up-to-date.
[2026-09-14T12:49:18.773] [DEBUG] debug-file - There is no need to refresh cache, since the incremental task ai_engine:default@PreBuild is up-to-date.
[2026-09-14T12:49:18.773] [DEBUG] debug-file - There is no need to refresh cache, since the incremental task file_persistence:default@PreBuild is up-to-date.
[2026-09-14T12:49:18.773] [DEBUG] debug-file - There is no need to refresh cache, since the incremental task instruments:default@PreBuild is up-to-date.
[2026-09-14T12:49:18.773] [DEBUG] debug-file - There is no need to refresh cache, since the incremental task plugin_system:default@PreBuild is up-to-date.
[2026-09-14T12:49:18.773] [DEBUG] debug-file - There is no need to refresh cache, since the incremental task pcb_editor:default@PreBuild is up-to-date.
[2026-09-14T12:49:18.773] [DEBUG] debug-file - There is no need to refresh cache, since the incremental task agent_bridge:default@PreBuild is up-to-date.
[2026-09-14T12:49:18.773] [DEBUG] debug-file - Update task entry:default@CreateModuleInfo output file:C:\Projects\ElecDraw_Harmony\entry\build\default\generated\profile\default\ModuleInfo.ts cache.
[2026-09-14T12:49:18.773] [DEBUG] debug-file - Incremental task entry:default@CreateModuleInfo post-execution cost:1 ms .
[2026-09-14T12:49:18.773] [DEBUG] debug-file - There is no need to refresh cache, since the incremental task entry:default@GenerateMetadata is up-to-date.
[2026-09-14T12:49:18.773] [DEBUG] debug-file - Update task entry:default@GeneratePkgContextInfo output file:C:\Projects\ElecDraw_Harmony\entry\build\default\intermediates\loader\default\pkgContextInfo.json cache.
[2026-09-14T12:49:18.773] [DEBUG] debug-file - Incremental task entry:default@GeneratePkgContextInfo post-execution cost:1 ms .
[2026-09-14T12:49:18.773] [DEBUG] debug-file - There is no need to refresh cache, since the incremental task entry:default@GeneratePkgSdkInfo is up-to-date.
[2026-09-14T12:49:18.774] [DEBUG] debug-file - Update task entry:default@ProcessIntegratedHsp output file:C:\Projects\ElecDraw_Harmony\build\cache\default\integrated_hsp\integratedHspCache.json cache.
[2026-09-14T12:49:18.774] [DEBUG] debug-file - Incremental task entry:default@ProcessIntegratedHsp post-execution cost:1 ms .
[2026-09-14T12:49:18.774] [DEBUG] debug-file - There is no need to refresh cache, since the incremental task common:default@CreateHarBuildProfile is up-to-date.
[2026-09-14T12:49:18.774] [DEBUG] debug-file - There is no need to refresh cache, since the incremental task common:default@MergeProfile is up-to-date.
[2026-09-14T12:49:18.774] [DEBUG] debug-file - Update task entry:default@SyscapTransform input file:C:\Program Files\Huawei\DevEco Studio\sdk\default\openharmony\toolchains\syscap_tool.exe cache by regenerate.
[2026-09-14T12:49:18.774] [DEBUG] debug-file - Update task entry:default@SyscapTransform input file:C:\Program Files\Huawei\DevEco Studio\sdk\default\openharmony\ets\api\device-define cache by regenerate.
[2026-09-14T12:49:18.775] [DEBUG] debug-file - Update task entry:default@SyscapTransform output file:C:\Projects\ElecDraw_Harmony\entry\build\default\intermediates\syscap\default\rpcid.sc cache.
[2026-09-14T12:49:18.775] [DEBUG] debug-file - Incremental task entry:default@SyscapTransform post-execution cost:2 ms .
[2026-09-14T12:49:18.775] [DEBUG] debug-file - There is no need to refresh cache, since the incremental task entry:default@ProcessRouterMap is up-to-date.
[2026-09-14T12:49:18.775] [DEBUG] debug-file - There is no need to refresh cache, since the incremental task entry:default@ProcessShareConfig is up-to-date.
[2026-09-14T12:49:18.776] [DEBUG] debug-file - Update task entry:default@ProcessStartupConfig output file:C:\Projects\ElecDraw_Harmony\entry\build\default\intermediates\startup\default\startup_config.json cache.
[2026-09-14T12:49:18.776] [DEBUG] debug-file - Incremental task entry:default@ProcessStartupConfig post-execution cost:1 ms .
[2026-09-14T12:49:18.776] [DEBUG] debug-file - There is no need to refresh cache, since the incremental task schematic_editor:default@CreateHarBuildProfile is up-to-date.
[2026-09-14T12:49:18.776] [DEBUG] debug-file - There is no need to refresh cache, since the incremental task component_library:default@CreateHarBuildProfile is up-to-date.
[2026-09-14T12:49:18.776] [DEBUG] debug-file - There is no need to refresh cache, since the incremental task simulation_kernel:default@CreateHarBuildProfile is up-to-date.
[2026-09-14T12:49:18.776] [DEBUG] debug-file - There is no need to refresh cache, since the incremental task hex_debugger:default@CreateHarBuildProfile is up-to-date.
[2026-09-14T12:49:18.776] [DEBUG] debug-file - There is no need to refresh cache, since the incremental task ai_api_manager:default@CreateHarBuildProfile is up-to-date.
[2026-09-14T12:49:18.776] [DEBUG] debug-file - There is no need to refresh cache, since the incremental task file_persistence:default@CreateHarBuildProfile is up-to-date.
[2026-09-14T12:49:18.776] [DEBUG] debug-file - There is no need to refresh cache, since the incremental task instruments:default@CreateHarBuildProfile is up-to-date.
[2026-09-14T12:49:18.776] [DEBUG] debug-file - There is no need to refresh cache, since the incremental task plugin_system:default@CreateHarBuildProfile is up-to-date.
[2026-09-14T12:49:18.776] [DEBUG] debug-file - There is no need to refresh cache, since the incremental task pcb_editor:default@CreateHarBuildProfile is up-to-date.
[2026-09-14T12:49:18.776] [DEBUG] debug-file - There is no need to refresh cache, since the incremental task schematic_editor:default@MergeProfile is up-to-date.
[2026-09-14T12:49:18.776] [DEBUG] debug-file - There is no need to refresh cache, since the incremental task component_library:default@MergeProfile is up-to-date.
[2026-09-14T12:49:18.776] [DEBUG] debug-file - There is no need to refresh cache, since the incremental task simulation_kernel:default@MergeProfile is up-to-date.
[2026-09-14T12:49:18.776] [DEBUG] debug-file - There is no need to refresh cache, since the incremental task hex_debugger:default@MergeProfile is up-to-date.
[2026-09-14T12:49:18.777] [DEBUG] debug-file - There is no need to refresh cache, since the incremental task ai_api_manager:default@MergeProfile is up-to-date.
[2026-09-14T12:49:18.777] [DEBUG] debug-file - There is no need to refresh cache, since the incremental task file_persistence:default@MergeProfile is up-to-date.
[2026-09-14T12:49:18.777] [DEBUG] debug-file - There is no need to refresh cache, since the incremental task instruments:default@MergeProfile is up-to-date.
[2026-09-14T12:49:18.777] [DEBUG] debug-file - There is no need to refresh cache, since the incremental task plugin_system:default@MergeProfile is up-to-date.
[2026-09-14T12:49:18.777] [DEBUG] debug-file - There is no need to refresh cache, since the incremental task pcb_editor:default@MergeProfile is up-to-date.
[2026-09-14T12:49:18.777] [DEBUG] debug-file - There is no need to refresh cache, since the incremental task entry:default@GenerateLoaderJson is up-to-date.
[2026-09-14T12:49:18.777] [DEBUG] debug-file - There is no need to refresh cache, since the incremental task ai_engine:default@CreateHarBuildProfile is up-to-date.
[2026-09-14T12:49:18.777] [DEBUG] debug-file - There is no need to refresh cache, since the incremental task agent_bridge:default@CreateHarBuildProfile is up-to-date.
[2026-09-14T12:49:18.777] [DEBUG] debug-file - There is no need to refresh cache, since the incremental task ai_engine:default@MergeProfile is up-to-date.
[2026-09-14T12:49:18.777] [DEBUG] debug-file - There is no need to refresh cache, since the incremental task agent_bridge:default@MergeProfile is up-to-date.
[2026-09-14T12:49:18.777] [DEBUG] debug-file - There is no need to refresh cache, since the incremental task entry:default@CreateBuildProfile is up-to-date.
[2026-09-14T12:49:18.777] [DEBUG] debug-file - There is no need to refresh cache, since the incremental task common:default@ProcessLibs is up-to-date.
[2026-09-14T12:49:18.777] [DEBUG] debug-file - There is no need to refresh cache, since the incremental task entry:default@MergeProfile is up-to-date.
[2026-09-14T12:49:18.777] [DEBUG] debug-file - There is no need to refresh cache, since the incremental task common:default@DoNativeStrip is up-to-date.
[2026-09-14T12:49:18.777] [DEBUG] debug-file - There is no need to refresh cache, since the incremental task entry:default@MakePackInfo is up-to-date.
[2026-09-14T12:49:18.777] [DEBUG] debug-file - There is no need to refresh cache, since the incremental task entry:default@ProcessProfile is up-to-date.
[2026-09-14T12:49:18.777] [DEBUG] debug-file - There is no need to refresh cache, since the incremental task entry:default@ProcessResource is up-to-date.
[2026-09-14T12:49:18.777] [DEBUG] debug-file - There is no need to refresh cache, since the incremental task schematic_editor:default@ProcessLibs is up-to-date.
[2026-09-14T12:49:18.777] [DEBUG] debug-file - There is no need to refresh cache, since the incremental task component_library:default@ProcessLibs is up-to-date.
[2026-09-14T12:49:18.777] [DEBUG] debug-file - There is no need to refresh cache, since the incremental task simulation_kernel:default@ProcessLibs is up-to-date.
[2026-09-14T12:49:18.777] [DEBUG] debug-file - There is no need to refresh cache, since the incremental task hex_debugger:default@ProcessLibs is up-to-date.
[2026-09-14T12:49:18.777] [DEBUG] debug-file - There is no need to refresh cache, since the incremental task ai_api_manager:default@ProcessLibs is up-to-date.
[2026-09-14T12:49:18.777] [DEBUG] debug-file - There is no need to refresh cache, since the incremental task file_persistence:default@ProcessLibs is up-to-date.
[2026-09-14T12:49:18.777] [DEBUG] debug-file - There is no need to refresh cache, since the incremental task instruments:default@ProcessLibs is up-to-date.
[2026-09-14T12:49:18.777] [DEBUG] debug-file - There is no need to refresh cache, since the incremental task plugin_system:default@ProcessLibs is up-to-date.
[2026-09-14T12:49:18.777] [DEBUG] debug-file - There is no need to refresh cache, since the incremental task pcb_editor:default@ProcessLibs is up-to-date.
[2026-09-14T12:49:18.778] [DEBUG] debug-file - There is no need to refresh cache, since the incremental task entry:default@CompileResource is up-to-date.
[2026-09-14T12:49:18.778] [DEBUG] debug-file - There is no need to refresh cache, since the incremental task schematic_editor:default@DoNativeStrip is up-to-date.
[2026-09-14T12:49:18.778] [DEBUG] debug-file - There is no need to refresh cache, since the incremental task component_library:default@DoNativeStrip is up-to-date.
[2026-09-14T12:49:18.778] [DEBUG] debug-file - There is no need to refresh cache, since the incremental task simulation_kernel:default@DoNativeStrip is up-to-date.
[2026-09-14T12:49:18.778] [DEBUG] debug-file - There is no need to refresh cache, since the incremental task hex_debugger:default@DoNativeStrip is up-to-date.
[2026-09-14T12:49:18.778] [DEBUG] debug-file - There is no need to refresh cache, since the incremental task ai_api_manager:default@DoNativeStrip is up-to-date.
[2026-09-14T12:49:18.778] [DEBUG] debug-file - There is no need to refresh cache, since the incremental task file_persistence:default@DoNativeStrip is up-to-date.
[2026-09-14T12:49:18.778] [DEBUG] debug-file - There is no need to refresh cache, since the incremental task instruments:default@DoNativeStrip is up-to-date.
[2026-09-14T12:49:18.778] [DEBUG] debug-file - There is no need to refresh cache, since the incremental task plugin_system:default@DoNativeStrip is up-to-date.
[2026-09-14T12:49:18.778] [DEBUG] debug-file - There is no need to refresh cache, since the incremental task pcb_editor:default@DoNativeStrip is up-to-date.
[2026-09-14T12:49:18.783] [DEBUG] debug-file - Update task entry:default@CompileArkTS input file:C:\Projects\ElecDraw_Harmony\entry\build\default\intermediates\loader\default cache by regenerate.
[2026-09-14T12:49:18.784] [DEBUG] debug-file - Update task entry:default@CompileArkTS input file:C:\Projects\ElecDraw_Harmony\common\Index.ets cache by regenerate.
[2026-09-14T12:49:18.784] [DEBUG] debug-file - Update task entry:default@CompileArkTS input file:C:\Projects\ElecDraw_Harmony\features\schematic_editor\Index.ets cache by regenerate.
[2026-09-14T12:49:18.784] [DEBUG] debug-file - Update task entry:default@CompileArkTS input file:C:\Projects\ElecDraw_Harmony\features\component_library\Index.ets cache by regenerate.
[2026-09-14T12:49:18.784] [DEBUG] debug-file - Update task entry:default@CompileArkTS input file:C:\Projects\ElecDraw_Harmony\features\simulation_kernel\Index.ets cache by regenerate.
[2026-09-14T12:49:18.784] [DEBUG] debug-file - Update task entry:default@CompileArkTS input file:C:\Projects\ElecDraw_Harmony\features\hex_debugger\Index.ets cache by regenerate.
[2026-09-14T12:49:18.785] [DEBUG] debug-file - Update task entry:default@CompileArkTS input file:C:\Projects\ElecDraw_Harmony\features\ai_api_manager\Index.ets cache by regenerate.
[2026-09-14T12:49:18.785] [DEBUG] debug-file - Update task entry:default@CompileArkTS input file:C:\Projects\ElecDraw_Harmony\features\ai_engine\Index.ets cache by regenerate.
[2026-09-14T12:49:18.786] [DEBUG] debug-file - Update task entry:default@CompileArkTS input file:C:\Projects\ElecDraw_Harmony\features\file_persistence\Index.ets cache by regenerate.
[2026-09-14T12:49:18.786] [DEBUG] debug-file - Update task entry:default@CompileArkTS input file:C:\Projects\ElecDraw_Harmony\features\instruments\Index.ets cache by regenerate.
[2026-09-14T12:49:18.786] [DEBUG] debug-file - Update task entry:default@CompileArkTS input file:C:\Projects\ElecDraw_Harmony\features\plugin_system\Index.ets cache by regenerate.
[2026-09-14T12:49:18.786] [DEBUG] debug-file - Update task entry:default@CompileArkTS input file:C:\Projects\ElecDraw_Harmony\features\pcb_editor\Index.ets cache by regenerate.
[2026-09-14T12:49:18.787] [DEBUG] debug-file - Update task entry:default@CompileArkTS input file:C:\Projects\ElecDraw_Harmony\features\agent_bridge\Index.ets cache by regenerate.
[2026-09-14T12:49:18.787] [DEBUG] debug-file - Update task entry:default@CompileArkTS input file:C:\Projects\ElecDraw_Harmony\common\src\main\ets cache by regenerate.
[2026-09-14T12:49:18.801] [DEBUG] debug-file - Update task entry:default@CompileArkTS input file:C:\Projects\ElecDraw_Harmony\features\schematic_editor\src\main\ets cache by regenerate.
[2026-09-14T12:49:18.803] [DEBUG] debug-file - Update task entry:default@CompileArkTS input file:C:\Projects\ElecDraw_Harmony\features\component_library\src\main\ets cache by regenerate.
[2026-09-14T12:49:18.806] [DEBUG] debug-file - Update task entry:default@CompileArkTS input file:C:\Projects\ElecDraw_Harmony\features\simulation_kernel\src\main\ets cache by regenerate.
[2026-09-14T12:49:18.808] [DEBUG] debug-file - Update task entry:default@CompileArkTS input file:C:\Projects\ElecDraw_Harmony\features\hex_debugger\src\main\ets cache by regenerate.
[2026-09-14T12:49:18.810] [DEBUG] debug-file - Update task entry:default@CompileArkTS input file:C:\Projects\ElecDraw_Harmony\features\ai_api_manager\src\main\ets cache by regenerate.
[2026-09-14T12:49:18.812] [DEBUG] debug-file - Update task entry:default@CompileArkTS input file:C:\Projects\ElecDraw_Harmony\features\ai_engine\src\main\ets cache by regenerate.
[2026-09-14T12:49:18.821] [DEBUG] debug-file - Update task entry:default@CompileArkTS input file:C:\Projects\ElecDraw_Harmony\features\file_persistence\src\main\ets cache by regenerate.
[2026-09-14T12:49:18.825] [DEBUG] debug-file - Update task entry:default@CompileArkTS input file:C:\Projects\ElecDraw_Harmony\features\instruments\src\main\ets cache by regenerate.
[2026-09-14T12:49:18.826] [DEBUG] debug-file - Update task entry:default@CompileArkTS input file:C:\Projects\ElecDraw_Harmony\features\plugin_system\src\main\ets cache by regenerate.
[2026-09-14T12:49:18.827] [DEBUG] debug-file - Update task entry:default@CompileArkTS input file:C:\Projects\ElecDraw_Harmony\features\pcb_editor\src\main\ets cache by regenerate.
[2026-09-14T12:49:18.828] [DEBUG] debug-file - Update task entry:default@CompileArkTS input file:C:\Projects\ElecDraw_Harmony\features\agent_bridge\src\main\ets cache by regenerate.
[2026-09-14T12:49:18.829] [DEBUG] debug-file - Update task entry:default@CompileArkTS input file:C:\Projects\ElecDraw_Harmony\entry\build\default\intermediates\res\default\resources\rawfile cache by regenerate.
[2026-09-14T12:49:18.855] [DEBUG] debug-file - Update task entry:default@CompileArkTS input file:C:\Projects\ElecDraw_Harmony\entry\build\default\intermediates\res\default\ResourceTable.txt cache by regenerate.
[2026-09-14T12:49:18.855] [DEBUG] debug-file - Update task entry:default@CompileArkTS input file:C:\Projects\ElecDraw_Harmony\entry\build\default\intermediates\res\default\ark_module.json cache by regenerate.
[2026-09-14T12:49:18.856] [DEBUG] debug-file - Update task entry:default@CompileArkTS input file:C:\Projects\ElecDraw_Harmony\entry\build\default\intermediates\res\default\resources\base\profile cache by regenerate.
[2026-09-14T12:49:18.856] [DEBUG] debug-file - Update task entry:default@CompileArkTS input file:C:\Projects\ElecDraw_Harmony\entry\src\main\ets cache by regenerate.
[2026-09-14T12:49:18.862] [DEBUG] debug-file - Update task entry:default@CompileArkTS input file:C:\Projects\ElecDraw_Harmony\entry\build\default\generated\profile\default\BuildProfile.ets cache by regenerate.
[2026-09-14T12:49:18.862] [DEBUG] debug-file - Update task entry:default@CompileArkTS input file:C:\Projects\ElecDraw_Harmony\common\BuildProfile.ets cache by regenerate.
[2026-09-14T12:49:18.862] [DEBUG] debug-file - Update task entry:default@CompileArkTS input file:C:\Projects\ElecDraw_Harmony\features\schematic_editor\BuildProfile.ets cache by regenerate.
[2026-09-14T12:49:18.862] [DEBUG] debug-file - Update task entry:default@CompileArkTS input file:C:\Projects\ElecDraw_Harmony\features\component_library\BuildProfile.ets cache by regenerate.
[2026-09-14T12:49:18.862] [DEBUG] debug-file - Update task entry:default@CompileArkTS input file:C:\Projects\ElecDraw_Harmony\features\simulation_kernel\BuildProfile.ets cache by regenerate.
[2026-09-14T12:49:18.863] [DEBUG] debug-file - Update task entry:default@CompileArkTS input file:C:\Projects\ElecDraw_Harmony\features\hex_debugger\BuildProfile.ets cache by regenerate.
[2026-09-14T12:49:18.863] [DEBUG] debug-file - Update task entry:default@CompileArkTS input file:C:\Projects\ElecDraw_Harmony\features\ai_api_manager\BuildProfile.ets cache by regenerate.
[2026-09-14T12:49:18.863] [DEBUG] debug-file - Update task entry:default@CompileArkTS input file:C:\Projects\ElecDraw_Harmony\features\ai_engine\BuildProfile.ets cache by regenerate.
[2026-09-14T12:49:18.863] [DEBUG] debug-file - Update task entry:default@CompileArkTS input file:C:\Projects\ElecDraw_Harmony\features\file_persistence\BuildProfile.ets cache by regenerate.
[2026-09-14T12:49:18.863] [DEBUG] debug-file - Update task entry:default@CompileArkTS input file:C:\Projects\ElecDraw_Harmony\features\instruments\BuildProfile.ets cache by regenerate.
[2026-09-14T12:49:18.863] [DEBUG] debug-file - Update task entry:default@CompileArkTS input file:C:\Projects\ElecDraw_Harmony\features\plugin_system\BuildProfile.ets cache by regenerate.
[2026-09-14T12:49:18.863] [DEBUG] debug-file - Update task entry:default@CompileArkTS input file:C:\Projects\ElecDraw_Harmony\features\pcb_editor\BuildProfile.ets cache by regenerate.
[2026-09-14T12:49:18.863] [DEBUG] debug-file - Update task entry:default@CompileArkTS input file:C:\Projects\ElecDraw_Harmony\features\agent_bridge\BuildProfile.ets cache by regenerate.
[2026-09-14T12:49:18.864] [DEBUG] debug-file - Update task entry:default@CompileArkTS output file:C:\Projects\ElecDraw_Harmony\entry\build\default\intermediates\loader_out\default\ets cache.
[2026-09-14T12:49:18.864] [DEBUG] debug-file - Incremental task entry:default@CompileArkTS post-execution cost:86 ms .
[2026-09-14T12:49:18.865] [DEBUG] debug-file - Update task entry:default@BuildJS input file:C:\Projects\ElecDraw_Harmony\entry\build\default\intermediates\loader\default cache by regenerate.
[2026-09-14T12:49:18.866] [DEBUG] debug-file - Update task entry:default@BuildJS input file:C:\Projects\ElecDraw_Harmony\common\Index.ets cache by regenerate.
[2026-09-14T12:49:18.866] [DEBUG] debug-file - Update task entry:default@BuildJS input file:C:\Projects\ElecDraw_Harmony\features\schematic_editor\Index.ets cache by regenerate.
[2026-09-14T12:49:18.866] [DEBUG] debug-file - Update task entry:default@BuildJS input file:C:\Projects\ElecDraw_Harmony\features\component_library\Index.ets cache by regenerate.
[2026-09-14T12:49:18.866] [DEBUG] debug-file - Update task entry:default@BuildJS input file:C:\Projects\ElecDraw_Harmony\features\simulation_kernel\Index.ets cache by regenerate.
[2026-09-14T12:49:18.866] [DEBUG] debug-file - Update task entry:default@BuildJS input file:C:\Projects\ElecDraw_Harmony\features\hex_debugger\Index.ets cache by regenerate.
[2026-09-14T12:49:18.866] [DEBUG] debug-file - Update task entry:default@BuildJS input file:C:\Projects\ElecDraw_Harmony\features\ai_api_manager\Index.ets cache by regenerate.
[2026-09-14T12:49:18.866] [DEBUG] debug-file - Update task entry:default@BuildJS input file:C:\Projects\ElecDraw_Harmony\features\ai_engine\Index.ets cache by regenerate.
[2026-09-14T12:49:18.867] [DEBUG] debug-file - Update task entry:default@BuildJS input file:C:\Projects\ElecDraw_Harmony\features\file_persistence\Index.ets cache by regenerate.
[2026-09-14T12:49:18.867] [DEBUG] debug-file - Update task entry:default@BuildJS input file:C:\Projects\ElecDraw_Harmony\features\instruments\Index.ets cache by regenerate.
[2026-09-14T12:49:18.867] [DEBUG] debug-file - Update task entry:default@BuildJS input file:C:\Projects\ElecDraw_Harmony\features\plugin_system\Index.ets cache by regenerate.
[2026-09-14T12:49:18.867] [DEBUG] debug-file - Update task entry:default@BuildJS input file:C:\Projects\ElecDraw_Harmony\features\pcb_editor\Index.ets cache by regenerate.
[2026-09-14T12:49:18.867] [DEBUG] debug-file - Update task entry:default@BuildJS input file:C:\Projects\ElecDraw_Harmony\features\agent_bridge\Index.ets cache by regenerate.
[2026-09-14T12:49:18.867] [DEBUG] debug-file - Update task entry:default@BuildJS input file:C:\Projects\ElecDraw_Harmony\entry\build\default\intermediates\res\default\resources\rawfile cache by regenerate.
[2026-09-14T12:49:18.893] [DEBUG] debug-file - Update task entry:default@BuildJS input file:C:\Projects\ElecDraw_Harmony\entry\build\default\intermediates\res\default\ResourceTable.txt cache by regenerate.
[2026-09-14T12:49:18.894] [DEBUG] debug-file - Update task entry:default@BuildJS input file:C:\Projects\ElecDraw_Harmony\entry\build\default\intermediates\res\default\ark_module.json cache by regenerate.
[2026-09-14T12:49:18.894] [DEBUG] debug-file - Update task entry:default@BuildJS input file:C:\Projects\ElecDraw_Harmony\entry\build\default\intermediates\res\default\resources\base\profile cache by regenerate.
[2026-09-14T12:49:18.894] [DEBUG] debug-file - Update task entry:default@BuildJS output file:C:\Projects\ElecDraw_Harmony\entry\build\default\intermediates\loader_out\default\js cache.
[2026-09-14T12:49:18.895] [DEBUG] debug-file - Incremental task entry:default@BuildJS post-execution cost:31 ms .
[2026-09-14T12:49:18.895] [DEBUG] debug-file - There is no need to refresh cache, since the incremental task ai_engine:default@ProcessLibs is up-to-date.
[2026-09-14T12:49:18.895] [DEBUG] debug-file - There is no need to refresh cache, since the incremental task agent_bridge:default@ProcessLibs is up-to-date.
[2026-09-14T12:49:18.895] [DEBUG] debug-file - There is no need to refresh cache, since the incremental task ai_engine:default@DoNativeStrip is up-to-date.
[2026-09-14T12:49:18.895] [DEBUG] debug-file - There is no need to refresh cache, since the incremental task agent_bridge:default@DoNativeStrip is up-to-date.
[2026-09-14T12:49:18.895] [DEBUG] debug-file - There is no need to refresh cache, since the incremental task entry:default@ProcessLibs is up-to-date.
[2026-09-14T12:49:18.895] [DEBUG] debug-file - There is no need to refresh cache, since the incremental task entry:default@DoNativeStrip is up-to-date.
[2026-09-14T12:49:18.895] [DEBUG] debug-file - There is no need to refresh cache, since the incremental task entry:default@CacheNativeLibs is up-to-date.
[2026-09-14T12:49:18.895] [DEBUG] debug-file - Update task entry:default@GeneratePkgModuleJson input file:C:\Projects\ElecDraw_Harmony\entry\build\default\intermediates\res\default\module.json cache from map.
[2026-09-14T12:49:18.895] [DEBUG] debug-file - Update task entry:default@GeneratePkgModuleJson output file:C:\Projects\ElecDraw_Harmony\entry\build\default\intermediates\package\default\module.json cache.
[2026-09-14T12:49:18.895] [DEBUG] debug-file - Incremental task entry:default@GeneratePkgModuleJson post-execution cost:1 ms .
[2026-09-14T12:49:18.895] [DEBUG] debug-file - Incremental task entry:default@ProcessCompiledResources post-execution cost:1 ms .
[2026-09-14T12:49:18.895] [DEBUG] debug-file - Update task entry:default@PackageHap input file:C:\Projects\ElecDraw_Harmony\entry\build\default\intermediates\stripped_native_libs\default cache by regenerate.
[2026-09-14T12:49:18.896] [DEBUG] debug-file - Update task entry:default@PackageHap input file:C:\Projects\ElecDraw_Harmony\entry\build\default\intermediates\res\default\module.json cache from map.
[2026-09-14T12:49:18.896] [DEBUG] debug-file - Update task entry:default@PackageHap input file:C:\Projects\ElecDraw_Harmony\entry\build\default\intermediates\res\default\resources cache by regenerate.
[2026-09-14T12:49:18.920] [DEBUG] debug-file - Update task entry:default@PackageHap input file:C:\Projects\ElecDraw_Harmony\entry\build\default\intermediates\res\default\resources.index cache by regenerate.
[2026-09-14T12:49:18.920] [DEBUG] debug-file - Update task entry:default@PackageHap input file:C:\Projects\ElecDraw_Harmony\entry\build\default\outputs\default\pack.info cache by regenerate.
[2026-09-14T12:49:18.921] [DEBUG] debug-file - Update task entry:default@PackageHap input file:C:\Projects\ElecDraw_Harmony\entry\build\default\intermediates\loader_out\default\ets cache by regenerate.
[2026-09-14T12:49:18.921] [DEBUG] debug-file - Update task entry:default@PackageHap input file:C:\Projects\ElecDraw_Harmony\entry\build\default\intermediates\loader\default\pkgSdkInfo.json cache by regenerate.
[2026-09-14T12:49:18.921] [DEBUG] debug-file - Update task entry:default@PackageHap input file:C:\Projects\ElecDraw_Harmony\entry\build\default\intermediates\loader_out\default\ets\sourceMaps.map cache by regenerate.
[2026-09-14T12:49:18.921] [DEBUG] debug-file - Update task entry:default@PackageHap input file:C:\Projects\ElecDraw_Harmony\entry\build\default\generated\profile\default\BuildProfile.ets cache by regenerate.
[2026-09-14T12:49:18.921] [DEBUG] debug-file - Update task entry:default@PackageHap output file:C:\Projects\ElecDraw_Harmony\entry\build\default\outputs\default\entry-default-unsigned.hap cache.
[2026-09-14T12:49:18.921] [DEBUG] debug-file - Update task entry:default@PackageHap output file:C:\Projects\ElecDraw_Harmony\entry\build\default\intermediates\source_map\default\sourceMaps.map cache.
[2026-09-14T12:49:18.922] [DEBUG] debug-file - Update task entry:default@PackageHap output file:C:\Projects\ElecDraw_Harmony\entry\build\default\outputs\default\mapping\sourceMaps.map cache.
[2026-09-14T12:49:18.922] [DEBUG] debug-file - Incremental task entry:default@PackageHap post-execution cost:27 ms .
[2026-09-14T12:49:18.922] [DEBUG] debug-file - Update task entry:default@SignHap input file:C:\Users\AHS\.ohos\config\release_ElecDraw_Harmony_ytJKn8Vpx3qi_tpSVXtEq5iJLiFrNXXhW2xLQUMSwJE=.cer cache by regenerate.
[2026-09-14T12:49:18.922] [DEBUG] debug-file - Update task entry:default@SignHap input file:C:\Users\AHS\.ohos\config\release_ElecDraw_Harmony_ytJKn8Vpx3qi_tpSVXtEq5iJLiFrNXXhW2xLQUMSwJE=.p7b cache by regenerate.
[2026-09-14T12:49:18.922] [DEBUG] debug-file - Update task entry:default@SignHap input file:C:\Users\AHS\.ohos\config\release_ElecDraw_Harmony_ytJKn8Vpx3qi_tpSVXtEq5iJLiFrNXXhW2xLQUMSwJE=.p12 cache by regenerate.
[2026-09-14T12:49:18.922] [DEBUG] debug-file - Update task entry:default@SignHap input file:C:\Projects\ElecDraw_Harmony\entry\build\default\outputs\default\entry-default-unsigned.hap cache from map.
[2026-09-14T12:49:18.922] [DEBUG] debug-file - Update task entry:default@SignHap output file:C:\Projects\ElecDraw_Harmony\entry\build\default\outputs\default\entry-default-signed.hap cache.
[2026-09-14T12:49:18.922] [DEBUG] debug-file - Incremental task entry:default@SignHap post-execution cost:1 ms .
[2026-09-14T12:49:18.923] [DEBUG] debug-file - Update task entry:default@CollectDebugSymbol input file:C:\Projects\ElecDraw_Harmony\entry\build\default\intermediates\loader_out\default\ets\sourceMaps.map cache by regenerate.
[2026-09-14T12:49:18.923] [DEBUG] debug-file - Update task entry:default@CollectDebugSymbol input file:C:\Projects\ElecDraw_Harmony\entry\build\default\intermediates\libs\default cache by regenerate.
[2026-09-14T12:49:18.923] [DEBUG] debug-file - Update task entry:default@CollectDebugSymbol output file:C:\Projects\ElecDraw_Harmony\entry\build\default\outputs\default\symbol cache.
[2026-09-14T12:49:18.924] [DEBUG] debug-file - Incremental task entry:default@CollectDebugSymbol post-execution cost:2 ms .
[2026-09-14T12:49:18.962] [DEBUG] debug-file - Cleanup worker 14.
[2026-09-14T12:49:18.963] [DEBUG] debug-file - Worker 14 has been cleaned up.
[2026-09-14T12:49:18.963] [DEBUG] debug-file - Current idle worker size: 1.
[2026-09-14T12:49:18.963] [DEBUG] debug-file - Current resident worker size: 2.
[2026-09-14T12:49:18.964] [DEBUG] debug-file - hvigor build process will be closed.
[2026-09-14T12:49:18.964] [DEBUG] debug-file - java daemon socket close code:1000 reason:close by user
[2026-09-14T12:49:18.970] [DEBUG] debug-file - session manager: send message to worker process.
[2026-09-14T12:49:18.971] [DEBUG] debug-file - session manager: send message to worker process.
[2026-09-14T12:49:18.970] [DEBUG] debug-file - watch worker: worker id should be larger than 0. Nothing will be sent to any worker thread.
[2026-09-14T12:49:18.970] [DEBUG] debug-file - watch worker: worker id should be larger than 0. Nothing will be sent to any worker thread.
[2026-09-14T12:49:18.972] [DEBUG] debug-file - worker[14] exits with exit code 1.
[2026-09-14T13:01:14.807] [DEBUG] debug-file - session manager: set active socket. socketId=Y-pSUY1AHvt3YtWtAAAX
[2026-09-14T13:01:14.842] [DEBUG] debug-file - watch worker: worker id should be larger than 0. Nothing will be sent to any worker thread.
[2026-09-14T13:01:14.883] [DEBUG] debug-file - Workers' log level updated to INFO
[2026-09-14T13:01:14.903] [DEBUG] debug-file - Hvigor init with startParameters:{
  hvigorfileTypeCheck: false,
  parallelExecution: true,
  incrementalExecution: true,
  printStackTrace: false,
  daemon: true,
  analyze: 0,
  logLevel: Level { level: 20000, levelStr: 'INFO', colour: 'green' },
  optimizationStrategy: 'memory',
  hotCompile: undefined,
  hotReloadBuild: undefined,
  customizedParam: undefined
}
[2026-09-14T13:01:14.948] [DEBUG] debug-file - Cache service initialization finished in 45 ms 
[2026-09-14T13:01:14.953] [DEBUG] debug-file - hvigorfile, resolving C:\Projects\ElecDraw_Harmony\hvigorfile.ts
[2026-09-14T13:01:14.991] [DEBUG] debug-file - hvigorfile, require result:  { default: { plugins: [] } }
[2026-09-14T13:01:14.991] [DEBUG] debug-file - hvigorfile, binding system plugins null
[2026-09-14T13:01:14.993] [DEBUG] debug-file - Starting plugin build process
[2026-09-14T13:01:14.993] [DEBUG] debug-file - App plugin prepare start...
[2026-09-14T13:01:14.994] [DEBUG] debug-file - App plugin prepare end...
[2026-09-14T13:01:14.995] [DEBUG] debug-file - App plugin creating...
[2026-09-14T13:01:15.047] [DEBUG] debug-file - App plugin register hook start...
[2026-09-14T13:01:15.048] [DEBUG] debug-file - App plugin register hook end...
[2026-09-14T13:01:15.048] [DEBUG] debug-file - Plugin build process completed
[2026-09-14T13:01:15.052] [DEBUG] debug-file - Start initialize project's product build option map with build mode debug.
[2026-09-14T13:01:15.053] [DEBUG] debug-file - Picking option from product 'default' with build mode 'debug'.
[2026-09-14T13:01:15.054] [DEBUG] debug-file - Product 'default' build option initialized
[2026-09-14T13:01:15.056] [DEBUG] debug-file - End initialize project's product build option map with build mode 'debug'.
[2026-09-14T13:01:15.058] [DEBUG] debug-file - Obtain build option for product 'default'in this build.
[2026-09-14T13:01:15.073] [DEBUG] debug-file - C:\Projects\ElecDraw_Harmony\build\cache\default\remote_hsp\remoteHspCache.json not exists.
[2026-09-14T13:01:15.089] [DEBUG] debug-file - Start recording SDK configuration permission data.
[2026-09-14T13:01:15.149] [DEBUG] debug-file - Sdk init in 72 ms 
[2026-09-14T13:01:15.172] [DEBUG] debug-file - Project task initialization takes 20 ms 
[2026-09-14T13:01:15.172] [DEBUG] debug-file - hvigorfile, begin to bind custom plugins...
[2026-09-14T13:01:15.172] [DEBUG] debug-file - hvigorfile, no custom plugins were found in C:\Projects\ElecDraw_Harmony\hvigorfile.ts
[2026-09-14T13:01:15.173] [DEBUG] debug-file - hvigorfile, resolve finished C:\Projects\ElecDraw_Harmony\hvigorfile.ts
[2026-09-14T13:01:15.174] [DEBUG] debug-file - hvigorfile, resolving C:\Projects\ElecDraw_Harmony\entry\hvigorfile.ts
[2026-09-14T13:01:15.184] [DEBUG] debug-file - hvigorfile, require result:  { default: { plugins: [] } }
[2026-09-14T13:01:15.184] [DEBUG] debug-file - hvigorfile, binding system plugins null
[2026-09-14T13:01:15.184] [DEBUG] debug-file - Starting plugin build process
[2026-09-14T13:01:15.185] [DEBUG] debug-file - Hap plugin creating...
[2026-09-14T13:01:15.188] [DEBUG] debug-file - failed to load cangjie to dynamically generate schemas: Error: Cannot find module '@ohos/cangjie-build-support/index'
Require stack:
- C:\Program Files\Huawei\DevEco Studio\tools\hvigor\hvigor-ohos-plugin\src\plugin\hooks\cangjie-register.js
- C:\Program Files\Huawei\DevEco Studio\tools\hvigor\hvigor-ohos-plugin\src\plugin\strategy\stage-init-strategy.js
- C:\Program Files\Huawei\DevEco Studio\tools\hvigor\hvigor-ohos-plugin\src\plugin\builder\abstract-plugin-builder.js
- C:\Program Files\Huawei\DevEco Studio\tools\hvigor\hvigor-ohos-plugin\src\plugin\builder\app-plugin-builder.js
- C:\Program Files\Huawei\DevEco Studio\tools\hvigor\hvigor-ohos-plugin\src\plugin\factory\plugin-factory.js
- C:\Program Files\Huawei\DevEco Studio\tools\hvigor\hvigor-ohos-plugin\index.js
- C:\Projects\ElecDraw_Harmony\hvigorfile.ts
- C:\Program Files\Huawei\DevEco Studio\tools\hvigor\hvigor\src\base\internal\lifecycle\configuration.js
- C:\Program Files\Huawei\DevEco Studio\tools\hvigor\hvigor\src\base\boot\index.js
- C:\Program Files\Huawei\DevEco Studio\tools\hvigor\hvigor\src\base\daemon\cluster\worker-process-lifecycle.js
- C:\Program Files\Huawei\DevEco Studio\tools\hvigor\hvigor\src\base\daemon\process\daemon-process-boot-script.js
[2026-09-14T13:01:15.215] [DEBUG] debug-file - Start initialize module-target build option map, moduleName=entry, buildMode=debug
[2026-09-14T13:01:15.216] [DEBUG] debug-file - Target 'default' config initialized
[2026-09-14T13:01:15.216] [DEBUG] debug-file - Module 'entry' target 'default' build option initialized
[2026-09-14T13:01:15.217] [DEBUG] debug-file - End initialize module-target build option map, moduleName=entry
[2026-09-14T13:01:15.217] [DEBUG] debug-file - Start initialize module-target build option map, moduleName=entry, buildMode=release
[2026-09-14T13:01:15.217] [DEBUG] debug-file - Target 'default' config initialized
[2026-09-14T13:01:15.217] [DEBUG] debug-file - Module 'entry' target 'default' build option initialized
[2026-09-14T13:01:15.217] [DEBUG] debug-file - End initialize module-target build option map, moduleName=entry
[2026-09-14T13:01:15.217] [DEBUG] debug-file - Start initialize module-target build option map, moduleName=entry, buildMode=debug
[2026-09-14T13:01:15.217] [DEBUG] debug-file - Target 'default' config initialized
[2026-09-14T13:01:15.218] [DEBUG] debug-file - Module 'entry' target 'default' build option initialized
[2026-09-14T13:01:15.218] [DEBUG] debug-file - End initialize module-target build option map, moduleName=entry
[2026-09-14T13:01:15.218] [DEBUG] debug-file - Obtain build option for module 'entry' target 'default'in this build.
[2026-09-14T13:01:15.237] [DEBUG] debug-file - Module entry task initialization takes 14 ms 
[2026-09-14T13:01:15.238] [DEBUG] debug-file - Hap plugin register hook start...
[2026-09-14T13:01:15.238] [DEBUG] debug-file - Hap plugin register hook end...
[2026-09-14T13:01:15.238] [DEBUG] debug-file - Plugin build process completed
[2026-09-14T13:01:15.238] [DEBUG] debug-file - hvigorfile, begin to bind custom plugins...
[2026-09-14T13:01:15.238] [DEBUG] debug-file - hvigorfile, no custom plugins were found in C:\Projects\ElecDraw_Harmony\entry\hvigorfile.ts
[2026-09-14T13:01:15.238] [DEBUG] debug-file - hvigorfile, resolve finished C:\Projects\ElecDraw_Harmony\entry\hvigorfile.ts
[2026-09-14T13:01:15.241] [DEBUG] debug-file - hvigorfile, resolving C:\Projects\ElecDraw_Harmony\common\hvigorfile.ts
[2026-09-14T13:01:15.248] [DEBUG] debug-file - hvigorfile, require result:  { default: { plugins: [] } }
[2026-09-14T13:01:15.249] [DEBUG] debug-file - hvigorfile, binding system plugins null
[2026-09-14T13:01:15.249] [DEBUG] debug-file - Starting plugin build process
[2026-09-14T13:01:15.249] [DEBUG] debug-file - Har plugin creating...
[2026-09-14T13:01:15.251] [DEBUG] debug-file - failed to load cangjie to dynamically generate schemas: Error: Cannot find module '@ohos/cangjie-build-support/index'
Require stack:
- C:\Program Files\Huawei\DevEco Studio\tools\hvigor\hvigor-ohos-plugin\src\plugin\hooks\cangjie-register.js
- C:\Program Files\Huawei\DevEco Studio\tools\hvigor\hvigor-ohos-plugin\src\plugin\strategy\stage-init-strategy.js
- C:\Program Files\Huawei\DevEco Studio\tools\hvigor\hvigor-ohos-plugin\src\plugin\builder\abstract-plugin-builder.js
- C:\Program Files\Huawei\DevEco Studio\tools\hvigor\hvigor-ohos-plugin\src\plugin\builder\app-plugin-builder.js
- C:\Program Files\Huawei\DevEco Studio\tools\hvigor\hvigor-ohos-plugin\src\plugin\factory\plugin-factory.js
- C:\Program Files\Huawei\DevEco Studio\tools\hvigor\hvigor-ohos-plugin\index.js
- C:\Projects\ElecDraw_Harmony\hvigorfile.ts
- C:\Program Files\Huawei\DevEco Studio\tools\hvigor\hvigor\src\base\internal\lifecycle\configuration.js
- C:\Program Files\Huawei\DevEco Studio\tools\hvigor\hvigor\src\base\boot\index.js
- C:\Program Files\Huawei\DevEco Studio\tools\hvigor\hvigor\src\base\daemon\cluster\worker-process-lifecycle.js
- C:\Program Files\Huawei\DevEco Studio\tools\hvigor\hvigor\src\base\daemon\process\daemon-process-boot-script.js
[2026-09-14T13:01:15.256] [DEBUG] debug-file - Start initialize module-target build option map, moduleName=common, buildMode=debug
[2026-09-14T13:01:15.256] [DEBUG] debug-file - Target 'default' config initialized
[2026-09-14T13:01:15.257] [DEBUG] debug-file - Module 'common' target 'default' build option initialized
[2026-09-14T13:01:15.258] [DEBUG] debug-file - End initialize module-target build option map, moduleName=common
[2026-09-14T13:01:15.259] [DEBUG] debug-file - Start initialize module-target build option map, moduleName=common, buildMode=release
[2026-09-14T13:01:15.259] [DEBUG] debug-file - Target 'default' config initialized
[2026-09-14T13:01:15.259] [DEBUG] debug-file - Module 'common' target 'default' build option initialized
[2026-09-14T13:01:15.259] [DEBUG] debug-file - End initialize module-target build option map, moduleName=common
[2026-09-14T13:01:15.259] [DEBUG] debug-file - Start initialize module-target build option map, moduleName=common, buildMode=debug
[2026-09-14T13:01:15.259] [DEBUG] debug-file - Target 'default' config initialized
[2026-09-14T13:01:15.259] [DEBUG] debug-file - Module 'common' target 'default' build option initialized
[2026-09-14T13:01:15.259] [DEBUG] debug-file - End initialize module-target build option map, moduleName=common
[2026-09-14T13:01:15.259] [DEBUG] debug-file - Obtain build option for module 'common' target 'default'in this build.
[2026-09-14T13:01:15.262] [DEBUG] debug-file - Module common task initialization takes 2 ms 
[2026-09-14T13:01:15.262] [DEBUG] debug-file - Har plugin register hook start...
[2026-09-14T13:01:15.262] [DEBUG] debug-file - Har plugin register hook end...
[2026-09-14T13:01:15.262] [DEBUG] debug-file - Plugin build process completed
[2026-09-14T13:01:15.263] [DEBUG] debug-file - hvigorfile, begin to bind custom plugins...
[2026-09-14T13:01:15.263] [DEBUG] debug-file - hvigorfile, no custom plugins were found in C:\Projects\ElecDraw_Harmony\common\hvigorfile.ts
[2026-09-14T13:01:15.263] [DEBUG] debug-file - hvigorfile, resolve finished C:\Projects\ElecDraw_Harmony\common\hvigorfile.ts
[2026-09-14T13:01:15.263] [DEBUG] debug-file - hvigorfile, resolving C:\Projects\ElecDraw_Harmony\features\schematic_editor\hvigorfile.ts
[2026-09-14T13:01:15.270] [DEBUG] debug-file - hvigorfile, require result:  { default: { plugins: [] } }
[2026-09-14T13:01:15.271] [DEBUG] debug-file - hvigorfile, binding system plugins null
[2026-09-14T13:01:15.271] [DEBUG] debug-file - Starting plugin build process
[2026-09-14T13:01:15.271] [DEBUG] debug-file - Har plugin creating...
[2026-09-14T13:01:15.272] [DEBUG] debug-file - failed to load cangjie to dynamically generate schemas: Error: Cannot find module '@ohos/cangjie-build-support/index'
Require stack:
- C:\Program Files\Huawei\DevEco Studio\tools\hvigor\hvigor-ohos-plugin\src\plugin\hooks\cangjie-register.js
- C:\Program Files\Huawei\DevEco Studio\tools\hvigor\hvigor-ohos-plugin\src\plugin\strategy\stage-init-strategy.js
- C:\Program Files\Huawei\DevEco Studio\tools\hvigor\hvigor-ohos-plugin\src\plugin\builder\abstract-plugin-builder.js
- C:\Program Files\Huawei\DevEco Studio\tools\hvigor\hvigor-ohos-plugin\src\plugin\builder\app-plugin-builder.js
- C:\Program Files\Huawei\DevEco Studio\tools\hvigor\hvigor-ohos-plugin\src\plugin\factory\plugin-factory.js
- C:\Program Files\Huawei\DevEco Studio\tools\hvigor\hvigor-ohos-plugin\index.js
- C:\Projects\ElecDraw_Harmony\hvigorfile.ts
- C:\Program Files\Huawei\DevEco Studio\tools\hvigor\hvigor\src\base\internal\lifecycle\configuration.js
- C:\Program Files\Huawei\DevEco Studio\tools\hvigor\hvigor\src\base\boot\index.js
- C:\Program Files\Huawei\DevEco Studio\tools\hvigor\hvigor\src\base\daemon\cluster\worker-process-lifecycle.js
- C:\Program Files\Huawei\DevEco Studio\tools\hvigor\hvigor\src\base\daemon\process\daemon-process-boot-script.js
[2026-09-14T13:01:15.275] [DEBUG] debug-file - Start initialize module-target build option map, moduleName=schematic_editor, buildMode=debug
[2026-09-14T13:01:15.275] [DEBUG] debug-file - Target 'default' config initialized
[2026-09-14T13:01:15.275] [DEBUG] debug-file - Module 'schematic_editor' target 'default' build option initialized
[2026-09-14T13:01:15.275] [DEBUG] debug-file - End initialize module-target build option map, moduleName=schematic_editor
[2026-09-14T13:01:15.275] [DEBUG] debug-file - Start initialize module-target build option map, moduleName=schematic_editor, buildMode=release
[2026-09-14T13:01:15.275] [DEBUG] debug-file - Target 'default' config initialized
[2026-09-14T13:01:15.275] [DEBUG] debug-file - Module 'schematic_editor' target 'default' build option initialized
[2026-09-14T13:01:15.275] [DEBUG] debug-file - End initialize module-target build option map, moduleName=schematic_editor
[2026-09-14T13:01:15.276] [DEBUG] debug-file - Start initialize module-target build option map, moduleName=schematic_editor, buildMode=debug
[2026-09-14T13:01:15.276] [DEBUG] debug-file - Target 'default' config initialized
[2026-09-14T13:01:15.276] [DEBUG] debug-file - Module 'schematic_editor' target 'default' build option initialized
[2026-09-14T13:01:15.276] [DEBUG] debug-file - End initialize module-target build option map, moduleName=schematic_editor
[2026-09-14T13:01:15.276] [DEBUG] debug-file - Obtain build option for module 'schematic_editor' target 'default'in this build.
[2026-09-14T13:01:15.277] [DEBUG] debug-file - Module schematic_editor task initialization takes 1 ms 
[2026-09-14T13:01:15.277] [DEBUG] debug-file - Har plugin register hook start...
[2026-09-14T13:01:15.277] [DEBUG] debug-file - Har plugin register hook end...
[2026-09-14T13:01:15.277] [DEBUG] debug-file - Plugin build process completed
[2026-09-14T13:01:15.277] [DEBUG] debug-file - hvigorfile, begin to bind custom plugins...
[2026-09-14T13:01:15.277] [DEBUG] debug-file - hvigorfile, no custom plugins were found in C:\Projects\ElecDraw_Harmony\features\schematic_editor\hvigorfile.ts
[2026-09-14T13:01:15.277] [DEBUG] debug-file - hvigorfile, resolve finished C:\Projects\ElecDraw_Harmony\features\schematic_editor\hvigorfile.ts
[2026-09-14T13:01:15.278] [DEBUG] debug-file - hvigorfile, resolving C:\Projects\ElecDraw_Harmony\features\component_library\hvigorfile.ts
[2026-09-14T13:01:15.283] [DEBUG] debug-file - hvigorfile, require result:  { default: { plugins: [] } }
[2026-09-14T13:01:15.283] [DEBUG] debug-file - hvigorfile, binding system plugins null
[2026-09-14T13:01:15.283] [DEBUG] debug-file - Starting plugin build process
[2026-09-14T13:01:15.283] [DEBUG] debug-file - Har plugin creating...
[2026-09-14T13:01:15.284] [DEBUG] debug-file - failed to load cangjie to dynamically generate schemas: Error: Cannot find module '@ohos/cangjie-build-support/index'
Require stack:
- C:\Program Files\Huawei\DevEco Studio\tools\hvigor\hvigor-ohos-plugin\src\plugin\hooks\cangjie-register.js
- C:\Program Files\Huawei\DevEco Studio\tools\hvigor\hvigor-ohos-plugin\src\plugin\strategy\stage-init-strategy.js
- C:\Program Files\Huawei\DevEco Studio\tools\hvigor\hvigor-ohos-plugin\src\plugin\builder\abstract-plugin-builder.js
- C:\Program Files\Huawei\DevEco Studio\tools\hvigor\hvigor-ohos-plugin\src\plugin\builder\app-plugin-builder.js
- C:\Program Files\Huawei\DevEco Studio\tools\hvigor\hvigor-ohos-plugin\src\plugin\factory\plugin-factory.js
- C:\Program Files\Huawei\DevEco Studio\tools\hvigor\hvigor-ohos-plugin\index.js
- C:\Projects\ElecDraw_Harmony\hvigorfile.ts
- C:\Program Files\Huawei\DevEco Studio\tools\hvigor\hvigor\src\base\internal\lifecycle\configuration.js
- C:\Program Files\Huawei\DevEco Studio\tools\hvigor\hvigor\src\base\boot\index.js
- C:\Program Files\Huawei\DevEco Studio\tools\hvigor\hvigor\src\base\daemon\cluster\worker-process-lifecycle.js
- C:\Program Files\Huawei\DevEco Studio\tools\hvigor\hvigor\src\base\daemon\process\daemon-process-boot-script.js
[2026-09-14T13:01:15.286] [DEBUG] debug-file - Start initialize module-target build option map, moduleName=component_library, buildMode=debug
[2026-09-14T13:01:15.286] [DEBUG] debug-file - Target 'default' config initialized
[2026-09-14T13:01:15.286] [DEBUG] debug-file - Module 'component_library' target 'default' build option initialized
[2026-09-14T13:01:15.287] [DEBUG] debug-file - End initialize module-target build option map, moduleName=component_library
[2026-09-14T13:01:15.287] [DEBUG] debug-file - Start initialize module-target build option map, moduleName=component_library, buildMode=release
[2026-09-14T13:01:15.287] [DEBUG] debug-file - Target 'default' config initialized
[2026-09-14T13:01:15.287] [DEBUG] debug-file - Module 'component_library' target 'default' build option initialized
[2026-09-14T13:01:15.287] [DEBUG] debug-file - End initialize module-target build option map, moduleName=component_library
[2026-09-14T13:01:15.287] [DEBUG] debug-file - Start initialize module-target build option map, moduleName=component_library, buildMode=debug
[2026-09-14T13:01:15.287] [DEBUG] debug-file - Target 'default' config initialized
[2026-09-14T13:01:15.287] [DEBUG] debug-file - Module 'component_library' target 'default' build option initialized
[2026-09-14T13:01:15.288] [DEBUG] debug-file - End initialize module-target build option map, moduleName=component_library
[2026-09-14T13:01:15.288] [DEBUG] debug-file - Obtain build option for module 'component_library' target 'default'in this build.
[2026-09-14T13:01:15.289] [DEBUG] debug-file - Module component_library task initialization takes 1 ms 
[2026-09-14T13:01:15.289] [DEBUG] debug-file - Har plugin register hook start...
[2026-09-14T13:01:15.290] [DEBUG] debug-file - Har plugin register hook end...
[2026-09-14T13:01:15.290] [DEBUG] debug-file - Plugin build process completed
[2026-09-14T13:01:15.290] [DEBUG] debug-file - hvigorfile, begin to bind custom plugins...
[2026-09-14T13:01:15.290] [DEBUG] debug-file - hvigorfile, no custom plugins were found in C:\Projects\ElecDraw_Harmony\features\component_library\hvigorfile.ts
[2026-09-14T13:01:15.290] [DEBUG] debug-file - hvigorfile, resolve finished C:\Projects\ElecDraw_Harmony\features\component_library\hvigorfile.ts
[2026-09-14T13:01:15.291] [DEBUG] debug-file - hvigorfile, resolving C:\Projects\ElecDraw_Harmony\features\simulation_kernel\hvigorfile.ts
[2026-09-14T13:01:15.295] [DEBUG] debug-file - hvigorfile, require result:  { default: { plugins: [] } }
[2026-09-14T13:01:15.295] [DEBUG] debug-file - hvigorfile, binding system plugins null
[2026-09-14T13:01:15.295] [DEBUG] debug-file - Starting plugin build process
[2026-09-14T13:01:15.295] [DEBUG] debug-file - Har plugin creating...
[2026-09-14T13:01:15.296] [DEBUG] debug-file - failed to load cangjie to dynamically generate schemas: Error: Cannot find module '@ohos/cangjie-build-support/index'
Require stack:
- C:\Program Files\Huawei\DevEco Studio\tools\hvigor\hvigor-ohos-plugin\src\plugin\hooks\cangjie-register.js
- C:\Program Files\Huawei\DevEco Studio\tools\hvigor\hvigor-ohos-plugin\src\plugin\strategy\stage-init-strategy.js
- C:\Program Files\Huawei\DevEco Studio\tools\hvigor\hvigor-ohos-plugin\src\plugin\builder\abstract-plugin-builder.js
- C:\Program Files\Huawei\DevEco Studio\tools\hvigor\hvigor-ohos-plugin\src\plugin\builder\app-plugin-builder.js
- C:\Program Files\Huawei\DevEco Studio\tools\hvigor\hvigor-ohos-plugin\src\plugin\factory\plugin-factory.js
- C:\Program Files\Huawei\DevEco Studio\tools\hvigor\hvigor-ohos-plugin\index.js
- C:\Projects\ElecDraw_Harmony\hvigorfile.ts
- C:\Program Files\Huawei\DevEco Studio\tools\hvigor\hvigor\src\base\internal\lifecycle\configuration.js
- C:\Program Files\Huawei\DevEco Studio\tools\hvigor\hvigor\src\base\boot\index.js
- C:\Program Files\Huawei\DevEco Studio\tools\hvigor\hvigor\src\base\daemon\cluster\worker-process-lifecycle.js
- C:\Program Files\Huawei\DevEco Studio\tools\hvigor\hvigor\src\base\daemon\process\daemon-process-boot-script.js
[2026-09-14T13:01:15.298] [DEBUG] debug-file - Start initialize module-target build option map, moduleName=simulation_kernel, buildMode=debug
[2026-09-14T13:01:15.298] [DEBUG] debug-file - Target 'default' config initialized
[2026-09-14T13:01:15.299] [DEBUG] debug-file - Module 'simulation_kernel' target 'default' build option initialized
[2026-09-14T13:01:15.299] [DEBUG] debug-file - End initialize module-target build option map, moduleName=simulation_kernel
[2026-09-14T13:01:15.299] [DEBUG] debug-file - Start initialize module-target build option map, moduleName=simulation_kernel, buildMode=release
[2026-09-14T13:01:15.299] [DEBUG] debug-file - Target 'default' config initialized
[2026-09-14T13:01:15.299] [DEBUG] debug-file - Module 'simulation_kernel' target 'default' build option initialized
[2026-09-14T13:01:15.299] [DEBUG] debug-file - End initialize module-target build option map, moduleName=simulation_kernel
[2026-09-14T13:01:15.299] [DEBUG] debug-file - Start initialize module-target build option map, moduleName=simulation_kernel, buildMode=debug
[2026-09-14T13:01:15.299] [DEBUG] debug-file - Target 'default' config initialized
[2026-09-14T13:01:15.299] [DEBUG] debug-file - Module 'simulation_kernel' target 'default' build option initialized
[2026-09-14T13:01:15.299] [DEBUG] debug-file - End initialize module-target build option map, moduleName=simulation_kernel
[2026-09-14T13:01:15.299] [DEBUG] debug-file - Obtain build option for module 'simulation_kernel' target 'default'in this build.
[2026-09-14T13:01:15.301] [DEBUG] debug-file - Module simulation_kernel task initialization takes 1 ms 
[2026-09-14T13:01:15.301] [DEBUG] debug-file - Har plugin register hook start...
[2026-09-14T13:01:15.301] [DEBUG] debug-file - Har plugin register hook end...
[2026-09-14T13:01:15.301] [DEBUG] debug-file - Plugin build process completed
[2026-09-14T13:01:15.301] [DEBUG] debug-file - hvigorfile, begin to bind custom plugins...
[2026-09-14T13:01:15.301] [DEBUG] debug-file - hvigorfile, no custom plugins were found in C:\Projects\ElecDraw_Harmony\features\simulation_kernel\hvigorfile.ts
[2026-09-14T13:01:15.301] [DEBUG] debug-file - hvigorfile, resolve finished C:\Projects\ElecDraw_Harmony\features\simulation_kernel\hvigorfile.ts
[2026-09-14T13:01:15.302] [DEBUG] debug-file - hvigorfile, resolving C:\Projects\ElecDraw_Harmony\features\hex_debugger\hvigorfile.ts
[2026-09-14T13:01:15.307] [DEBUG] debug-file - hvigorfile, require result:  { default: { plugins: [] } }
[2026-09-14T13:01:15.307] [DEBUG] debug-file - hvigorfile, binding system plugins null
[2026-09-14T13:01:15.307] [DEBUG] debug-file - Starting plugin build process
[2026-09-14T13:01:15.307] [DEBUG] debug-file - Har plugin creating...
[2026-09-14T13:01:15.308] [DEBUG] debug-file - failed to load cangjie to dynamically generate schemas: Error: Cannot find module '@ohos/cangjie-build-support/index'
Require stack:
- C:\Program Files\Huawei\DevEco Studio\tools\hvigor\hvigor-ohos-plugin\src\plugin\hooks\cangjie-register.js
- C:\Program Files\Huawei\DevEco Studio\tools\hvigor\hvigor-ohos-plugin\src\plugin\strategy\stage-init-strategy.js
- C:\Program Files\Huawei\DevEco Studio\tools\hvigor\hvigor-ohos-plugin\src\plugin\builder\abstract-plugin-builder.js
- C:\Program Files\Huawei\DevEco Studio\tools\hvigor\hvigor-ohos-plugin\src\plugin\builder\app-plugin-builder.js
- C:\Program Files\Huawei\DevEco Studio\tools\hvigor\hvigor-ohos-plugin\src\plugin\factory\plugin-factory.js
- C:\Program Files\Huawei\DevEco Studio\tools\hvigor\hvigor-ohos-plugin\index.js
- C:\Projects\ElecDraw_Harmony\hvigorfile.ts
- C:\Program Files\Huawei\DevEco Studio\tools\hvigor\hvigor\src\base\internal\lifecycle\configuration.js
- C:\Program Files\Huawei\DevEco Studio\tools\hvigor\hvigor\src\base\boot\index.js
- C:\Program Files\Huawei\DevEco Studio\tools\hvigor\hvigor\src\base\daemon\cluster\worker-process-lifecycle.js
- C:\Program Files\Huawei\DevEco Studio\tools\hvigor\hvigor\src\base\daemon\process\daemon-process-boot-script.js
[2026-09-14T13:01:15.309] [DEBUG] debug-file - Start initialize module-target build option map, moduleName=hex_debugger, buildMode=debug
[2026-09-14T13:01:15.309] [DEBUG] debug-file - Target 'default' config initialized
[2026-09-14T13:01:15.310] [DEBUG] debug-file - Module 'hex_debugger' target 'default' build option initialized
[2026-09-14T13:01:15.310] [DEBUG] debug-file - End initialize module-target build option map, moduleName=hex_debugger
[2026-09-14T13:01:15.310] [DEBUG] debug-file - Start initialize module-target build option map, moduleName=hex_debugger, buildMode=release
[2026-09-14T13:01:15.310] [DEBUG] debug-file - Target 'default' config initialized
[2026-09-14T13:01:15.310] [DEBUG] debug-file - Module 'hex_debugger' target 'default' build option initialized
[2026-09-14T13:01:15.310] [DEBUG] debug-file - End initialize module-target build option map, moduleName=hex_debugger
[2026-09-14T13:01:15.310] [DEBUG] debug-file - Start initialize module-target build option map, moduleName=hex_debugger, buildMode=debug
[2026-09-14T13:01:15.310] [DEBUG] debug-file - Target 'default' config initialized
[2026-09-14T13:01:15.310] [DEBUG] debug-file - Module 'hex_debugger' target 'default' build option initialized
[2026-09-14T13:01:15.310] [DEBUG] debug-file - End initialize module-target build option map, moduleName=hex_debugger
[2026-09-14T13:01:15.310] [DEBUG] debug-file - Obtain build option for module 'hex_debugger' target 'default'in this build.
[2026-09-14T13:01:15.311] [DEBUG] debug-file - Module hex_debugger task initialization takes 1 ms 
[2026-09-14T13:01:15.311] [DEBUG] debug-file - Har plugin register hook start...
[2026-09-14T13:01:15.311] [DEBUG] debug-file - Har plugin register hook end...
[2026-09-14T13:01:15.311] [DEBUG] debug-file - Plugin build process completed
[2026-09-14T13:01:15.311] [DEBUG] debug-file - hvigorfile, begin to bind custom plugins...
[2026-09-14T13:01:15.311] [DEBUG] debug-file - hvigorfile, no custom plugins were found in C:\Projects\ElecDraw_Harmony\features\hex_debugger\hvigorfile.ts
[2026-09-14T13:01:15.311] [DEBUG] debug-file - hvigorfile, resolve finished C:\Projects\ElecDraw_Harmony\features\hex_debugger\hvigorfile.ts
[2026-09-14T13:01:15.312] [DEBUG] debug-file - hvigorfile, resolving C:\Projects\ElecDraw_Harmony\features\ai_engine\hvigorfile.ts
[2026-09-14T13:01:15.316] [DEBUG] debug-file - hvigorfile, require result:  { default: { plugins: [] } }
[2026-09-14T13:01:15.316] [DEBUG] debug-file - hvigorfile, binding system plugins null
[2026-09-14T13:01:15.316] [DEBUG] debug-file - Starting plugin build process
[2026-09-14T13:01:15.316] [DEBUG] debug-file - Har plugin creating...
[2026-09-14T13:01:15.317] [DEBUG] debug-file - failed to load cangjie to dynamically generate schemas: Error: Cannot find module '@ohos/cangjie-build-support/index'
Require stack:
- C:\Program Files\Huawei\DevEco Studio\tools\hvigor\hvigor-ohos-plugin\src\plugin\hooks\cangjie-register.js
- C:\Program Files\Huawei\DevEco Studio\tools\hvigor\hvigor-ohos-plugin\src\plugin\strategy\stage-init-strategy.js
- C:\Program Files\Huawei\DevEco Studio\tools\hvigor\hvigor-ohos-plugin\src\plugin\builder\abstract-plugin-builder.js
- C:\Program Files\Huawei\DevEco Studio\tools\hvigor\hvigor-ohos-plugin\src\plugin\builder\app-plugin-builder.js
- C:\Program Files\Huawei\DevEco Studio\tools\hvigor\hvigor-ohos-plugin\src\plugin\factory\plugin-factory.js
- C:\Program Files\Huawei\DevEco Studio\tools\hvigor\hvigor-ohos-plugin\index.js
- C:\Projects\ElecDraw_Harmony\hvigorfile.ts
- C:\Program Files\Huawei\DevEco Studio\tools\hvigor\hvigor\src\base\internal\lifecycle\configuration.js
- C:\Program Files\Huawei\DevEco Studio\tools\hvigor\hvigor\src\base\boot\index.js
- C:\Program Files\Huawei\DevEco Studio\tools\hvigor\hvigor\src\base\daemon\cluster\worker-process-lifecycle.js
- C:\Program Files\Huawei\DevEco Studio\tools\hvigor\hvigor\src\base\daemon\process\daemon-process-boot-script.js
[2026-09-14T13:01:15.318] [DEBUG] debug-file - Start initialize module-target build option map, moduleName=ai_engine, buildMode=debug
[2026-09-14T13:01:15.318] [DEBUG] debug-file - Target 'default' config initialized
[2026-09-14T13:01:15.318] [DEBUG] debug-file - Module 'ai_engine' target 'default' build option initialized
[2026-09-14T13:01:15.319] [DEBUG] debug-file - End initialize module-target build option map, moduleName=ai_engine
[2026-09-14T13:01:15.319] [DEBUG] debug-file - Start initialize module-target build option map, moduleName=ai_engine, buildMode=release
[2026-09-14T13:01:15.319] [DEBUG] debug-file - Target 'default' config initialized
[2026-09-14T13:01:15.319] [DEBUG] debug-file - Module 'ai_engine' target 'default' build option initialized
[2026-09-14T13:01:15.319] [DEBUG] debug-file - End initialize module-target build option map, moduleName=ai_engine
[2026-09-14T13:01:15.319] [DEBUG] debug-file - Start initialize module-target build option map, moduleName=ai_engine, buildMode=debug
[2026-09-14T13:01:15.319] [DEBUG] debug-file - Target 'default' config initialized
[2026-09-14T13:01:15.319] [DEBUG] debug-file - Module 'ai_engine' target 'default' build option initialized
[2026-09-14T13:01:15.319] [DEBUG] debug-file - End initialize module-target build option map, moduleName=ai_engine
[2026-09-14T13:01:15.319] [DEBUG] debug-file - Obtain build option for module 'ai_engine' target 'default'in this build.
[2026-09-14T13:01:15.320] [DEBUG] debug-file - Module ai_engine task initialization takes 1 ms 
[2026-09-14T13:01:15.320] [DEBUG] debug-file - Har plugin register hook start...
[2026-09-14T13:01:15.321] [DEBUG] debug-file - Har plugin register hook end...
[2026-09-14T13:01:15.321] [DEBUG] debug-file - Plugin build process completed
[2026-09-14T13:01:15.321] [DEBUG] debug-file - hvigorfile, begin to bind custom plugins...
[2026-09-14T13:01:15.321] [DEBUG] debug-file - hvigorfile, no custom plugins were found in C:\Projects\ElecDraw_Harmony\features\ai_engine\hvigorfile.ts
[2026-09-14T13:01:15.321] [DEBUG] debug-file - hvigorfile, resolve finished C:\Projects\ElecDraw_Harmony\features\ai_engine\hvigorfile.ts
[2026-09-14T13:01:15.321] [DEBUG] debug-file - hvigorfile, resolving C:\Projects\ElecDraw_Harmony\features\ai_api_manager\hvigorfile.ts
[2026-09-14T13:01:15.325] [DEBUG] debug-file - hvigorfile, require result:  { default: { plugins: [] } }
[2026-09-14T13:01:15.325] [DEBUG] debug-file - hvigorfile, binding system plugins null
[2026-09-14T13:01:15.325] [DEBUG] debug-file - Starting plugin build process
[2026-09-14T13:01:15.326] [DEBUG] debug-file - Har plugin creating...
[2026-09-14T13:01:15.326] [DEBUG] debug-file - failed to load cangjie to dynamically generate schemas: Error: Cannot find module '@ohos/cangjie-build-support/index'
Require stack:
- C:\Program Files\Huawei\DevEco Studio\tools\hvigor\hvigor-ohos-plugin\src\plugin\hooks\cangjie-register.js
- C:\Program Files\Huawei\DevEco Studio\tools\hvigor\hvigor-ohos-plugin\src\plugin\strategy\stage-init-strategy.js
- C:\Program Files\Huawei\DevEco Studio\tools\hvigor\hvigor-ohos-plugin\src\plugin\builder\abstract-plugin-builder.js
- C:\Program Files\Huawei\DevEco Studio\tools\hvigor\hvigor-ohos-plugin\src\plugin\builder\app-plugin-builder.js
- C:\Program Files\Huawei\DevEco Studio\tools\hvigor\hvigor-ohos-plugin\src\plugin\factory\plugin-factory.js
- C:\Program Files\Huawei\DevEco Studio\tools\hvigor\hvigor-ohos-plugin\index.js
- C:\Projects\ElecDraw_Harmony\hvigorfile.ts
- C:\Program Files\Huawei\DevEco Studio\tools\hvigor\hvigor\src\base\internal\lifecycle\configuration.js
- C:\Program Files\Huawei\DevEco Studio\tools\hvigor\hvigor\src\base\boot\index.js
- C:\Program Files\Huawei\DevEco Studio\tools\hvigor\hvigor\src\base\daemon\cluster\worker-process-lifecycle.js
- C:\Program Files\Huawei\DevEco Studio\tools\hvigor\hvigor\src\base\daemon\process\daemon-process-boot-script.js
[2026-09-14T13:01:15.329] [DEBUG] debug-file - Start initialize module-target build option map, moduleName=ai_api_manager, buildMode=debug
[2026-09-14T13:01:15.330] [DEBUG] debug-file - Target 'default' config initialized
[2026-09-14T13:01:15.330] [DEBUG] debug-file - Module 'ai_api_manager' target 'default' build option initialized
[2026-09-14T13:01:15.330] [DEBUG] debug-file - End initialize module-target build option map, moduleName=ai_api_manager
[2026-09-14T13:01:15.330] [DEBUG] debug-file - Start initialize module-target build option map, moduleName=ai_api_manager, buildMode=release
[2026-09-14T13:01:15.330] [DEBUG] debug-file - Target 'default' config initialized
[2026-09-14T13:01:15.330] [DEBUG] debug-file - Module 'ai_api_manager' target 'default' build option initialized
[2026-09-14T13:01:15.330] [DEBUG] debug-file - End initialize module-target build option map, moduleName=ai_api_manager
[2026-09-14T13:01:15.330] [DEBUG] debug-file - Start initialize module-target build option map, moduleName=ai_api_manager, buildMode=debug
[2026-09-14T13:01:15.331] [DEBUG] debug-file - Target 'default' config initialized
[2026-09-14T13:01:15.331] [DEBUG] debug-file - Module 'ai_api_manager' target 'default' build option initialized
[2026-09-14T13:01:15.331] [DEBUG] debug-file - End initialize module-target build option map, moduleName=ai_api_manager
[2026-09-14T13:01:15.331] [DEBUG] debug-file - Obtain build option for module 'ai_api_manager' target 'default'in this build.
[2026-09-14T13:01:15.332] [DEBUG] debug-file - Module ai_api_manager task initialization takes 1 ms 
[2026-09-14T13:01:15.332] [DEBUG] debug-file - Har plugin register hook start...
[2026-09-14T13:01:15.332] [DEBUG] debug-file - Har plugin register hook end...
[2026-09-14T13:01:15.332] [DEBUG] debug-file - Plugin build process completed
[2026-09-14T13:01:15.332] [DEBUG] debug-file - hvigorfile, begin to bind custom plugins...
[2026-09-14T13:01:15.332] [DEBUG] debug-file - hvigorfile, no custom plugins were found in C:\Projects\ElecDraw_Harmony\features\ai_api_manager\hvigorfile.ts
[2026-09-14T13:01:15.332] [DEBUG] debug-file - hvigorfile, resolve finished C:\Projects\ElecDraw_Harmony\features\ai_api_manager\hvigorfile.ts
[2026-09-14T13:01:15.333] [DEBUG] debug-file - hvigorfile, resolving C:\Projects\ElecDraw_Harmony\features\file_persistence\hvigorfile.ts
[2026-09-14T13:01:15.339] [DEBUG] debug-file - hvigorfile, require result:  { default: { plugins: [] } }
[2026-09-14T13:01:15.340] [DEBUG] debug-file - hvigorfile, binding system plugins null
[2026-09-14T13:01:15.340] [DEBUG] debug-file - Starting plugin build process
[2026-09-14T13:01:15.340] [DEBUG] debug-file - Har plugin creating...
[2026-09-14T13:01:15.341] [DEBUG] debug-file - failed to load cangjie to dynamically generate schemas: Error: Cannot find module '@ohos/cangjie-build-support/index'
Require stack:
- C:\Program Files\Huawei\DevEco Studio\tools\hvigor\hvigor-ohos-plugin\src\plugin\hooks\cangjie-register.js
- C:\Program Files\Huawei\DevEco Studio\tools\hvigor\hvigor-ohos-plugin\src\plugin\strategy\stage-init-strategy.js
- C:\Program Files\Huawei\DevEco Studio\tools\hvigor\hvigor-ohos-plugin\src\plugin\builder\abstract-plugin-builder.js
- C:\Program Files\Huawei\DevEco Studio\tools\hvigor\hvigor-ohos-plugin\src\plugin\builder\app-plugin-builder.js
- C:\Program Files\Huawei\DevEco Studio\tools\hvigor\hvigor-ohos-plugin\src\plugin\factory\plugin-factory.js
- C:\Program Files\Huawei\DevEco Studio\tools\hvigor\hvigor-ohos-plugin\index.js
- C:\Projects\ElecDraw_Harmony\hvigorfile.ts
- C:\Program Files\Huawei\DevEco Studio\tools\hvigor\hvigor\src\base\internal\lifecycle\configuration.js
- C:\Program Files\Huawei\DevEco Studio\tools\hvigor\hvigor\src\base\boot\index.js
- C:\Program Files\Huawei\DevEco Studio\tools\hvigor\hvigor\src\base\daemon\cluster\worker-process-lifecycle.js
- C:\Program Files\Huawei\DevEco Studio\tools\hvigor\hvigor\src\base\daemon\process\daemon-process-boot-script.js
[2026-09-14T13:01:15.342] [DEBUG] debug-file - Start initialize module-target build option map, moduleName=file_persistence, buildMode=debug
[2026-09-14T13:01:15.342] [DEBUG] debug-file - Target 'default' config initialized
[2026-09-14T13:01:15.343] [DEBUG] debug-file - Module 'file_persistence' target 'default' build option initialized
[2026-09-14T13:01:15.343] [DEBUG] debug-file - End initialize module-target build option map, moduleName=file_persistence
[2026-09-14T13:01:15.343] [DEBUG] debug-file - Start initialize module-target build option map, moduleName=file_persistence, buildMode=release
[2026-09-14T13:01:15.343] [DEBUG] debug-file - Target 'default' config initialized
[2026-09-14T13:01:15.343] [DEBUG] debug-file - Module 'file_persistence' target 'default' build option initialized
[2026-09-14T13:01:15.343] [DEBUG] debug-file - End initialize module-target build option map, moduleName=file_persistence
[2026-09-14T13:01:15.344] [DEBUG] debug-file - Start initialize module-target build option map, moduleName=file_persistence, buildMode=debug
[2026-09-14T13:01:15.344] [DEBUG] debug-file - Target 'default' config initialized
[2026-09-14T13:01:15.344] [DEBUG] debug-file - Module 'file_persistence' target 'default' build option initialized
[2026-09-14T13:01:15.344] [DEBUG] debug-file - End initialize module-target build option map, moduleName=file_persistence
[2026-09-14T13:01:15.344] [DEBUG] debug-file - Obtain build option for module 'file_persistence' target 'default'in this build.
[2026-09-14T13:01:15.346] [DEBUG] debug-file - Module file_persistence task initialization takes 1 ms 
[2026-09-14T13:01:15.348] [DEBUG] debug-file - Har plugin register hook start...
[2026-09-14T13:01:15.348] [DEBUG] debug-file - Har plugin register hook end...
[2026-09-14T13:01:15.348] [DEBUG] debug-file - Plugin build process completed
[2026-09-14T13:01:15.348] [DEBUG] debug-file - hvigorfile, begin to bind custom plugins...
[2026-09-14T13:01:15.348] [DEBUG] debug-file - hvigorfile, no custom plugins were found in C:\Projects\ElecDraw_Harmony\features\file_persistence\hvigorfile.ts
[2026-09-14T13:01:15.348] [DEBUG] debug-file - hvigorfile, resolve finished C:\Projects\ElecDraw_Harmony\features\file_persistence\hvigorfile.ts
[2026-09-14T13:01:15.348] [DEBUG] debug-file - hvigorfile, resolving C:\Projects\ElecDraw_Harmony\features\instruments\hvigorfile.ts
[2026-09-14T13:01:15.353] [DEBUG] debug-file - hvigorfile, require result:  { default: { plugins: [] } }
[2026-09-14T13:01:15.353] [DEBUG] debug-file - hvigorfile, binding system plugins null
[2026-09-14T13:01:15.354] [DEBUG] debug-file - Starting plugin build process
[2026-09-14T13:01:15.354] [DEBUG] debug-file - Har plugin creating...
[2026-09-14T13:01:15.355] [DEBUG] debug-file - failed to load cangjie to dynamically generate schemas: Error: Cannot find module '@ohos/cangjie-build-support/index'
Require stack:
- C:\Program Files\Huawei\DevEco Studio\tools\hvigor\hvigor-ohos-plugin\src\plugin\hooks\cangjie-register.js
- C:\Program Files\Huawei\DevEco Studio\tools\hvigor\hvigor-ohos-plugin\src\plugin\strategy\stage-init-strategy.js
- C:\Program Files\Huawei\DevEco Studio\tools\hvigor\hvigor-ohos-plugin\src\plugin\builder\abstract-plugin-builder.js
- C:\Program Files\Huawei\DevEco Studio\tools\hvigor\hvigor-ohos-plugin\src\plugin\builder\app-plugin-builder.js
- C:\Program Files\Huawei\DevEco Studio\tools\hvigor\hvigor-ohos-plugin\src\plugin\factory\plugin-factory.js
- C:\Program Files\Huawei\DevEco Studio\tools\hvigor\hvigor-ohos-plugin\index.js
- C:\Projects\ElecDraw_Harmony\hvigorfile.ts
- C:\Program Files\Huawei\DevEco Studio\tools\hvigor\hvigor\src\base\internal\lifecycle\configuration.js
- C:\Program Files\Huawei\DevEco Studio\tools\hvigor\hvigor\src\base\boot\index.js
- C:\Program Files\Huawei\DevEco Studio\tools\hvigor\hvigor\src\base\daemon\cluster\worker-process-lifecycle.js
- C:\Program Files\Huawei\DevEco Studio\tools\hvigor\hvigor\src\base\daemon\process\daemon-process-boot-script.js
[2026-09-14T13:01:15.358] [DEBUG] debug-file - Start initialize module-target build option map, moduleName=instruments, buildMode=debug
[2026-09-14T13:01:15.358] [DEBUG] debug-file - Target 'default' config initialized
[2026-09-14T13:01:15.359] [DEBUG] debug-file - Module 'instruments' target 'default' build option initialized
[2026-09-14T13:01:15.359] [DEBUG] debug-file - End initialize module-target build option map, moduleName=instruments
[2026-09-14T13:01:15.359] [DEBUG] debug-file - Start initialize module-target build option map, moduleName=instruments, buildMode=release
[2026-09-14T13:01:15.359] [DEBUG] debug-file - Target 'default' config initialized
[2026-09-14T13:01:15.359] [DEBUG] debug-file - Module 'instruments' target 'default' build option initialized
[2026-09-14T13:01:15.360] [DEBUG] debug-file - End initialize module-target build option map, moduleName=instruments
[2026-09-14T13:01:15.360] [DEBUG] debug-file - Start initialize module-target build option map, moduleName=instruments, buildMode=debug
[2026-09-14T13:01:15.360] [DEBUG] debug-file - Target 'default' config initialized
[2026-09-14T13:01:15.360] [DEBUG] debug-file - Module 'instruments' target 'default' build option initialized
[2026-09-14T13:01:15.360] [DEBUG] debug-file - End initialize module-target build option map, moduleName=instruments
[2026-09-14T13:01:15.360] [DEBUG] debug-file - Obtain build option for module 'instruments' target 'default'in this build.
[2026-09-14T13:01:15.361] [DEBUG] debug-file - Module instruments task initialization takes 1 ms 
[2026-09-14T13:01:15.361] [DEBUG] debug-file - Har plugin register hook start...
[2026-09-14T13:01:15.361] [DEBUG] debug-file - Har plugin register hook end...
[2026-09-14T13:01:15.361] [DEBUG] debug-file - Plugin build process completed
[2026-09-14T13:01:15.361] [DEBUG] debug-file - hvigorfile, begin to bind custom plugins...
[2026-09-14T13:01:15.362] [DEBUG] debug-file - hvigorfile, no custom plugins were found in C:\Projects\ElecDraw_Harmony\features\instruments\hvigorfile.ts
[2026-09-14T13:01:15.362] [DEBUG] debug-file - hvigorfile, resolve finished C:\Projects\ElecDraw_Harmony\features\instruments\hvigorfile.ts
[2026-09-14T13:01:15.362] [DEBUG] debug-file - hvigorfile, resolving C:\Projects\ElecDraw_Harmony\features\plugin_system\hvigorfile.ts
[2026-09-14T13:01:15.367] [DEBUG] debug-file - hvigorfile, require result:  { default: { plugins: [] } }
[2026-09-14T13:01:15.367] [DEBUG] debug-file - hvigorfile, binding system plugins null
[2026-09-14T13:01:15.367] [DEBUG] debug-file - Starting plugin build process
[2026-09-14T13:01:15.367] [DEBUG] debug-file - Har plugin creating...
[2026-09-14T13:01:15.368] [DEBUG] debug-file - failed to load cangjie to dynamically generate schemas: Error: Cannot find module '@ohos/cangjie-build-support/index'
Require stack:
- C:\Program Files\Huawei\DevEco Studio\tools\hvigor\hvigor-ohos-plugin\src\plugin\hooks\cangjie-register.js
- C:\Program Files\Huawei\DevEco Studio\tools\hvigor\hvigor-ohos-plugin\src\plugin\strategy\stage-init-strategy.js
- C:\Program Files\Huawei\DevEco Studio\tools\hvigor\hvigor-ohos-plugin\src\plugin\builder\abstract-plugin-builder.js
- C:\Program Files\Huawei\DevEco Studio\tools\hvigor\hvigor-ohos-plugin\src\plugin\builder\app-plugin-builder.js
- C:\Program Files\Huawei\DevEco Studio\tools\hvigor\hvigor-ohos-plugin\src\plugin\factory\plugin-factory.js
- C:\Program Files\Huawei\DevEco Studio\tools\hvigor\hvigor-ohos-plugin\index.js
- C:\Projects\ElecDraw_Harmony\hvigorfile.ts
- C:\Program Files\Huawei\DevEco Studio\tools\hvigor\hvigor\src\base\internal\lifecycle\configuration.js
- C:\Program Files\Huawei\DevEco Studio\tools\hvigor\hvigor\src\base\boot\index.js
- C:\Program Files\Huawei\DevEco Studio\tools\hvigor\hvigor\src\base\daemon\cluster\worker-process-lifecycle.js
- C:\Program Files\Huawei\DevEco Studio\tools\hvigor\hvigor\src\base\daemon\process\daemon-process-boot-script.js
[2026-09-14T13:01:15.370] [DEBUG] debug-file - Start initialize module-target build option map, moduleName=plugin_system, buildMode=debug
[2026-09-14T13:01:15.370] [DEBUG] debug-file - Target 'default' config initialized
[2026-09-14T13:01:15.371] [DEBUG] debug-file - Module 'plugin_system' target 'default' build option initialized
[2026-09-14T13:01:15.371] [DEBUG] debug-file - End initialize module-target build option map, moduleName=plugin_system
[2026-09-14T13:01:15.371] [DEBUG] debug-file - Start initialize module-target build option map, moduleName=plugin_system, buildMode=release
[2026-09-14T13:01:15.371] [DEBUG] debug-file - Target 'default' config initialized
[2026-09-14T13:01:15.371] [DEBUG] debug-file - Module 'plugin_system' target 'default' build option initialized
[2026-09-14T13:01:15.371] [DEBUG] debug-file - End initialize module-target build option map, moduleName=plugin_system
[2026-09-14T13:01:15.371] [DEBUG] debug-file - Start initialize module-target build option map, moduleName=plugin_system, buildMode=debug
[2026-09-14T13:01:15.371] [DEBUG] debug-file - Target 'default' config initialized
[2026-09-14T13:01:15.372] [DEBUG] debug-file - Module 'plugin_system' target 'default' build option initialized
[2026-09-14T13:01:15.372] [DEBUG] debug-file - End initialize module-target build option map, moduleName=plugin_system
[2026-09-14T13:01:15.372] [DEBUG] debug-file - Obtain build option for module 'plugin_system' target 'default'in this build.
[2026-09-14T13:01:15.373] [DEBUG] debug-file - Module plugin_system task initialization takes 1 ms 
[2026-09-14T13:01:15.373] [DEBUG] debug-file - Har plugin register hook start...
[2026-09-14T13:01:15.373] [DEBUG] debug-file - Har plugin register hook end...
[2026-09-14T13:01:15.373] [DEBUG] debug-file - Plugin build process completed
[2026-09-14T13:01:15.373] [DEBUG] debug-file - hvigorfile, begin to bind custom plugins...
[2026-09-14T13:01:15.374] [DEBUG] debug-file - hvigorfile, no custom plugins were found in C:\Projects\ElecDraw_Harmony\features\plugin_system\hvigorfile.ts
[2026-09-14T13:01:15.374] [DEBUG] debug-file - hvigorfile, resolve finished C:\Projects\ElecDraw_Harmony\features\plugin_system\hvigorfile.ts
[2026-09-14T13:01:15.374] [DEBUG] debug-file - hvigorfile, resolving C:\Projects\ElecDraw_Harmony\features\pcb_editor\hvigorfile.ts
[2026-09-14T13:01:15.378] [DEBUG] debug-file - hvigorfile, require result:  { default: { plugins: [] } }
[2026-09-14T13:01:15.379] [DEBUG] debug-file - hvigorfile, binding system plugins null
[2026-09-14T13:01:15.379] [DEBUG] debug-file - Starting plugin build process
[2026-09-14T13:01:15.379] [DEBUG] debug-file - Har plugin creating...
[2026-09-14T13:01:15.380] [DEBUG] debug-file - failed to load cangjie to dynamically generate schemas: Error: Cannot find module '@ohos/cangjie-build-support/index'
Require stack:
- C:\Program Files\Huawei\DevEco Studio\tools\hvigor\hvigor-ohos-plugin\src\plugin\hooks\cangjie-register.js
- C:\Program Files\Huawei\DevEco Studio\tools\hvigor\hvigor-ohos-plugin\src\plugin\strategy\stage-init-strategy.js
- C:\Program Files\Huawei\DevEco Studio\tools\hvigor\hvigor-ohos-plugin\src\plugin\builder\abstract-plugin-builder.js
- C:\Program Files\Huawei\DevEco Studio\tools\hvigor\hvigor-ohos-plugin\src\plugin\builder\app-plugin-builder.js
- C:\Program Files\Huawei\DevEco Studio\tools\hvigor\hvigor-ohos-plugin\src\plugin\factory\plugin-factory.js
- C:\Program Files\Huawei\DevEco Studio\tools\hvigor\hvigor-ohos-plugin\index.js
- C:\Projects\ElecDraw_Harmony\hvigorfile.ts
- C:\Program Files\Huawei\DevEco Studio\tools\hvigor\hvigor\src\base\internal\lifecycle\configuration.js
- C:\Program Files\Huawei\DevEco Studio\tools\hvigor\hvigor\src\base\boot\index.js
- C:\Program Files\Huawei\DevEco Studio\tools\hvigor\hvigor\src\base\daemon\cluster\worker-process-lifecycle.js
- C:\Program Files\Huawei\DevEco Studio\tools\hvigor\hvigor\src\base\daemon\process\daemon-process-boot-script.js
[2026-09-14T13:01:15.382] [DEBUG] debug-file - Start initialize module-target build option map, moduleName=pcb_editor, buildMode=debug
[2026-09-14T13:01:15.382] [DEBUG] debug-file - Target 'default' config initialized
[2026-09-14T13:01:15.383] [DEBUG] debug-file - Module 'pcb_editor' target 'default' build option initialized
[2026-09-14T13:01:15.384] [DEBUG] debug-file - End initialize module-target build option map, moduleName=pcb_editor
[2026-09-14T13:01:15.384] [DEBUG] debug-file - Start initialize module-target build option map, moduleName=pcb_editor, buildMode=release
[2026-09-14T13:01:15.384] [DEBUG] debug-file - Target 'default' config initialized
[2026-09-14T13:01:15.384] [DEBUG] debug-file - Module 'pcb_editor' target 'default' build option initialized
[2026-09-14T13:01:15.384] [DEBUG] debug-file - End initialize module-target build option map, moduleName=pcb_editor
[2026-09-14T13:01:15.384] [DEBUG] debug-file - Start initialize module-target build option map, moduleName=pcb_editor, buildMode=debug
[2026-09-14T13:01:15.384] [DEBUG] debug-file - Target 'default' config initialized
[2026-09-14T13:01:15.384] [DEBUG] debug-file - Module 'pcb_editor' target 'default' build option initialized
[2026-09-14T13:01:15.384] [DEBUG] debug-file - End initialize module-target build option map, moduleName=pcb_editor
[2026-09-14T13:01:15.384] [DEBUG] debug-file - Obtain build option for module 'pcb_editor' target 'default'in this build.
[2026-09-14T13:01:15.389] [DEBUG] debug-file - Module pcb_editor task initialization takes 4 ms 
[2026-09-14T13:01:15.389] [DEBUG] debug-file - Har plugin register hook start...
[2026-09-14T13:01:15.389] [DEBUG] debug-file - Har plugin register hook end...
[2026-09-14T13:01:15.389] [DEBUG] debug-file - Plugin build process completed
[2026-09-14T13:01:15.389] [DEBUG] debug-file - hvigorfile, begin to bind custom plugins...
[2026-09-14T13:01:15.389] [DEBUG] debug-file - hvigorfile, no custom plugins were found in C:\Projects\ElecDraw_Harmony\features\pcb_editor\hvigorfile.ts
[2026-09-14T13:01:15.389] [DEBUG] debug-file - hvigorfile, resolve finished C:\Projects\ElecDraw_Harmony\features\pcb_editor\hvigorfile.ts
[2026-09-14T13:01:15.389] [DEBUG] debug-file - hvigorfile, resolving C:\Projects\ElecDraw_Harmony\features\agent_bridge\hvigorfile.ts
[2026-09-14T13:01:15.393] [DEBUG] debug-file - hvigorfile, require result:  { default: { plugins: [] } }
[2026-09-14T13:01:15.393] [DEBUG] debug-file - hvigorfile, binding system plugins null
[2026-09-14T13:01:15.393] [DEBUG] debug-file - Starting plugin build process
[2026-09-14T13:01:15.393] [DEBUG] debug-file - Har plugin creating...
[2026-09-14T13:01:15.394] [DEBUG] debug-file - failed to load cangjie to dynamically generate schemas: Error: Cannot find module '@ohos/cangjie-build-support/index'
Require stack:
- C:\Program Files\Huawei\DevEco Studio\tools\hvigor\hvigor-ohos-plugin\src\plugin\hooks\cangjie-register.js
- C:\Program Files\Huawei\DevEco Studio\tools\hvigor\hvigor-ohos-plugin\src\plugin\strategy\stage-init-strategy.js
- C:\Program Files\Huawei\DevEco Studio\tools\hvigor\hvigor-ohos-plugin\src\plugin\builder\abstract-plugin-builder.js
- C:\Program Files\Huawei\DevEco Studio\tools\hvigor\hvigor-ohos-plugin\src\plugin\builder\app-plugin-builder.js
- C:\Program Files\Huawei\DevEco Studio\tools\hvigor\hvigor-ohos-plugin\src\plugin\factory\plugin-factory.js
- C:\Program Files\Huawei\DevEco Studio\tools\hvigor\hvigor-ohos-plugin\index.js
- C:\Projects\ElecDraw_Harmony\hvigorfile.ts
- C:\Program Files\Huawei\DevEco Studio\tools\hvigor\hvigor\src\base\internal\lifecycle\configuration.js
- C:\Program Files\Huawei\DevEco Studio\tools\hvigor\hvigor\src\base\boot\index.js
- C:\Program Files\Huawei\DevEco Studio\tools\hvigor\hvigor\src\base\daemon\cluster\worker-process-lifecycle.js
- C:\Program Files\Huawei\DevEco Studio\tools\hvigor\hvigor\src\base\daemon\process\daemon-process-boot-script.js
[2026-09-14T13:01:15.396] [DEBUG] debug-file - Start initialize module-target build option map, moduleName=agent_bridge, buildMode=debug
[2026-09-14T13:01:15.396] [DEBUG] debug-file - Target 'default' config initialized
[2026-09-14T13:01:15.396] [DEBUG] debug-file - Module 'agent_bridge' target 'default' build option initialized
[2026-09-14T13:01:15.396] [DEBUG] debug-file - End initialize module-target build option map, moduleName=agent_bridge
[2026-09-14T13:01:15.396] [DEBUG] debug-file - Start initialize module-target build option map, moduleName=agent_bridge, buildMode=release
[2026-09-14T13:01:15.396] [DEBUG] debug-file - Target 'default' config initialized
[2026-09-14T13:01:15.397] [DEBUG] debug-file - Module 'agent_bridge' target 'default' build option initialized
[2026-09-14T13:01:15.397] [DEBUG] debug-file - End initialize module-target build option map, moduleName=agent_bridge
[2026-09-14T13:01:15.397] [DEBUG] debug-file - Start initialize module-target build option map, moduleName=agent_bridge, buildMode=debug
[2026-09-14T13:01:15.397] [DEBUG] debug-file - Target 'default' config initialized
[2026-09-14T13:01:15.397] [DEBUG] debug-file - Module 'agent_bridge' target 'default' build option initialized
[2026-09-14T13:01:15.397] [DEBUG] debug-file - End initialize module-target build option map, moduleName=agent_bridge
[2026-09-14T13:01:15.397] [DEBUG] debug-file - Obtain build option for module 'agent_bridge' target 'default'in this build.
[2026-09-14T13:01:15.398] [DEBUG] debug-file - Module agent_bridge task initialization takes 1 ms 
[2026-09-14T13:01:15.398] [DEBUG] debug-file - Har plugin register hook start...
[2026-09-14T13:01:15.398] [DEBUG] debug-file - Har plugin register hook end...
[2026-09-14T13:01:15.398] [DEBUG] debug-file - Plugin build process completed
[2026-09-14T13:01:15.399] [DEBUG] debug-file - hvigorfile, begin to bind custom plugins...
[2026-09-14T13:01:15.399] [DEBUG] debug-file - hvigorfile, no custom plugins were found in C:\Projects\ElecDraw_Harmony\features\agent_bridge\hvigorfile.ts
[2026-09-14T13:01:15.399] [DEBUG] debug-file - hvigorfile, resolve finished C:\Projects\ElecDraw_Harmony\features\agent_bridge\hvigorfile.ts
[2026-09-14T13:01:15.694] [DEBUG] debug-file - hvigorfile, resolve hvigorfile dependencies in 295 ms 
[2026-09-14T13:01:15.694] [DEBUG] debug-file - project has submodules:entry,common,schematic_editor,component_library,simulation_kernel,hex_debugger,ai_engine,ai_api_manager,file_persistence,instruments,plugin_system,pcb_editor,agent_bridge
[2026-09-14T13:01:15.695] [DEBUG] debug-file - module:common no need to execute packageHap
[2026-09-14T13:01:15.695] [DEBUG] debug-file - module:schematic_editor no need to execute packageHap
[2026-09-14T13:01:15.695] [DEBUG] debug-file - module:component_library no need to execute packageHap
[2026-09-14T13:01:15.695] [DEBUG] debug-file - module:simulation_kernel no need to execute packageHap
[2026-09-14T13:01:15.695] [DEBUG] debug-file - module:hex_debugger no need to execute packageHap
[2026-09-14T13:01:15.695] [DEBUG] debug-file - module:ai_engine no need to execute packageHap
[2026-09-14T13:01:15.695] [DEBUG] debug-file - module:ai_api_manager no need to execute packageHap
[2026-09-14T13:01:15.695] [DEBUG] debug-file - module:file_persistence no need to execute packageHap
[2026-09-14T13:01:15.695] [DEBUG] debug-file - module:instruments no need to execute packageHap
[2026-09-14T13:01:15.695] [DEBUG] debug-file - module:plugin_system no need to execute packageHap
[2026-09-14T13:01:15.695] [DEBUG] debug-file - module:pcb_editor no need to execute packageHap
[2026-09-14T13:01:15.695] [DEBUG] debug-file - module:agent_bridge no need to execute packageHap
[2026-09-14T13:01:15.697] [DEBUG] debug-file - start to load updatedOhPackageInfo to the disk
[2026-09-14T13:01:15.716] [DEBUG] debug-file - load to the disk finished
[2026-09-14T13:01:15.720] [DEBUG] debug-file - Start to initialize dependency information.
[2026-09-14T13:01:15.724] [DEBUG] debug-file - Module ElecDraw_Harmony Collected Dependency: 
[2026-09-14T13:01:15.724] [DEBUG] debug-file - Module ElecDraw_Harmony's total dependency: 0
[2026-09-14T13:01:15.725] [DEBUG] debug-file - Start to initialize dependency information.
[2026-09-14T13:01:15.775] [DEBUG] debug-file - Module entry Collected Dependency: C:\Projects\ElecDraw_Harmony\common,C:\Projects\ElecDraw_Harmony\features\schematic_editor,C:\Projects\ElecDraw_Harmony\features\component_library,C:\Projects\ElecDraw_Harmony\features\simulation_kernel,C:\Projects\ElecDraw_Harmony\features\hex_debugger,C:\Projects\ElecDraw_Harmony\features\ai_api_manager,C:\Projects\ElecDraw_Harmony\features\ai_engine,C:\Projects\ElecDraw_Harmony\features\file_persistence,C:\Projects\ElecDraw_Harmony\features\instruments,C:\Projects\ElecDraw_Harmony\features\plugin_system,C:\Projects\ElecDraw_Harmony\features\pcb_editor,C:\Projects\ElecDraw_Harmony\features\agent_bridge
[2026-09-14T13:01:15.775] [DEBUG] debug-file - Module entry's total dependency: 12
[2026-09-14T13:01:15.778] [DEBUG] debug-file - Start to initialize dependency information.
[2026-09-14T13:01:15.781] [DEBUG] debug-file - Module common Collected Dependency: 
[2026-09-14T13:01:15.781] [DEBUG] debug-file - Module common's total dependency: 0
[2026-09-14T13:01:15.783] [DEBUG] debug-file - Start to initialize dependency information.
[2026-09-14T13:01:15.787] [DEBUG] debug-file - Module schematic_editor Collected Dependency: C:\Projects\ElecDraw_Harmony\common
[2026-09-14T13:01:15.787] [DEBUG] debug-file - Module schematic_editor's total dependency: 1
[2026-09-14T13:01:15.789] [DEBUG] debug-file - Start to initialize dependency information.
[2026-09-14T13:01:15.793] [DEBUG] debug-file - Module component_library Collected Dependency: C:\Projects\ElecDraw_Harmony\common
[2026-09-14T13:01:15.793] [DEBUG] debug-file - Module component_library's total dependency: 1
[2026-09-14T13:01:15.795] [DEBUG] debug-file - Start to initialize dependency information.
[2026-09-14T13:01:15.798] [DEBUG] debug-file - Module simulation_kernel Collected Dependency: C:\Projects\ElecDraw_Harmony\common
[2026-09-14T13:01:15.798] [DEBUG] debug-file - Module simulation_kernel's total dependency: 1
[2026-09-14T13:01:15.799] [DEBUG] debug-file - Start to initialize dependency information.
[2026-09-14T13:01:15.802] [DEBUG] debug-file - Module hex_debugger Collected Dependency: C:\Projects\ElecDraw_Harmony\common
[2026-09-14T13:01:15.802] [DEBUG] debug-file - Module hex_debugger's total dependency: 1
[2026-09-14T13:01:15.804] [DEBUG] debug-file - Start to initialize dependency information.
[2026-09-14T13:01:15.808] [DEBUG] debug-file - Module ai_engine Collected Dependency: C:\Projects\ElecDraw_Harmony\common,C:\Projects\ElecDraw_Harmony\features\ai_api_manager,C:\Projects\ElecDraw_Harmony\features\component_library
[2026-09-14T13:01:15.808] [DEBUG] debug-file - Module ai_engine's total dependency: 3
[2026-09-14T13:01:15.810] [DEBUG] debug-file - Start to initialize dependency information.
[2026-09-14T13:01:15.814] [DEBUG] debug-file - Module ai_api_manager Collected Dependency: C:\Projects\ElecDraw_Harmony\common
[2026-09-14T13:01:15.814] [DEBUG] debug-file - Module ai_api_manager's total dependency: 1
[2026-09-14T13:01:15.817] [DEBUG] debug-file - Start to initialize dependency information.
[2026-09-14T13:01:15.820] [DEBUG] debug-file - Module file_persistence Collected Dependency: C:\Projects\ElecDraw_Harmony\common
[2026-09-14T13:01:15.820] [DEBUG] debug-file - Module file_persistence's total dependency: 1
[2026-09-14T13:01:15.823] [DEBUG] debug-file - Start to initialize dependency information.
[2026-09-14T13:01:15.826] [DEBUG] debug-file - Module instruments Collected Dependency: C:\Projects\ElecDraw_Harmony\common
[2026-09-14T13:01:15.826] [DEBUG] debug-file - Module instruments's total dependency: 1
[2026-09-14T13:01:15.828] [DEBUG] debug-file - Start to initialize dependency information.
[2026-09-14T13:01:15.830] [DEBUG] debug-file - Module plugin_system Collected Dependency: C:\Projects\ElecDraw_Harmony\common
[2026-09-14T13:01:15.830] [DEBUG] debug-file - Module plugin_system's total dependency: 1
[2026-09-14T13:01:15.833] [DEBUG] debug-file - Start to initialize dependency information.
[2026-09-14T13:01:15.837] [DEBUG] debug-file - Module pcb_editor Collected Dependency: C:\Projects\ElecDraw_Harmony\common
[2026-09-14T13:01:15.838] [DEBUG] debug-file - Module pcb_editor's total dependency: 1
[2026-09-14T13:01:15.840] [DEBUG] debug-file - Start to initialize dependency information.
[2026-09-14T13:01:15.844] [DEBUG] debug-file - Module agent_bridge Collected Dependency: C:\Projects\ElecDraw_Harmony\common,C:\Projects\ElecDraw_Harmony\features\schematic_editor,C:\Projects\ElecDraw_Harmony\features\component_library,C:\Projects\ElecDraw_Harmony\features\pcb_editor
[2026-09-14T13:01:15.844] [DEBUG] debug-file - Module agent_bridge's total dependency: 4
[2026-09-14T13:01:15.846] [DEBUG] debug-file - Configuration phase cost:898 ms 
[2026-09-14T13:01:15.860] [DEBUG] debug-file - Configuration task cost before running: 975 ms 
[2026-09-14T13:01:15.870] [DEBUG] debug-file - Executing task :entry:default@PreBuild
[2026-09-14T13:01:15.918] [DEBUG] debug-file - Task 'entry:default@PreBuild' cost while wrapping incremental declarations: 1 ms 
[2026-09-14T13:01:15.924] [DEBUG] debug-file - entry:default@PreBuild is not up-to-date, since the input file 'C:\Projects\ElecDraw_Harmony\build-profile.json5' has been changed.
[2026-09-14T13:01:15.925] [DEBUG] debug-file - Incremental task entry:default@PreBuild pre-execution cost: 4 ms .
[2026-09-14T13:01:15.974] [DEBUG] debug-file - current product is not Atomic service.
[2026-09-14T13:01:15.974] [DEBUG] debug-file - Use tool [win32: JAVA_HOME, CLASSPATH]
 [
  { JAVA_HOME: 'C:\\Program Files\\Huawei\\DevEco Studio\\jbr' },
  { CLASSPATH: undefined }
]
[2026-09-14T13:01:15.974] [DEBUG] debug-file - Use tool [win32: NODE_HOME]
 [
  {
    NODE_HOME: 'C:\\Program Files\\Huawei\\DevEco Studio\\tools\\node'
  }
]
[2026-09-14T13:01:15.975] [DEBUG] debug-file - entry : default@PreBuild cost memory 2.6646347045898438
[2026-09-14T13:01:15.975] [DEBUG] debug-file - runTaskFromQueue task cost before running: 1 s 90 ms 
[2026-09-14T13:01:15.977] [INFO] debug-file - Finished :entry:default@PreBuild... after 106 ms 
[2026-09-14T13:01:15.978] [DEBUG] debug-file - Executing task :common:default@PreBuild
[2026-09-14T13:01:15.980] [DEBUG] debug-file - Task 'common:default@PreBuild' cost while wrapping incremental declarations: 1 ms 
[2026-09-14T13:01:15.986] [DEBUG] debug-file - common:default@PreBuild is not up-to-date, since the input file 'C:\Projects\ElecDraw_Harmony\build-profile.json5' has been changed.
[2026-09-14T13:01:15.986] [DEBUG] debug-file - Incremental task common:default@PreBuild pre-execution cost: 3 ms .
[2026-09-14T13:01:15.992] [DEBUG] debug-file - current product is not Atomic service.
[2026-09-14T13:01:15.992] [DEBUG] debug-file - Use tool [win32: JAVA_HOME, CLASSPATH]
 [
  { JAVA_HOME: 'C:\\Program Files\\Huawei\\DevEco Studio\\jbr' },
  { CLASSPATH: undefined }
]
[2026-09-14T13:01:15.992] [DEBUG] debug-file - Use tool [win32: NODE_HOME]
 [
  {
    NODE_HOME: 'C:\\Program Files\\Huawei\\DevEco Studio\\tools\\node'
  }
]
[2026-09-14T13:01:16.030] [DEBUG] debug-file - common : default@PreBuild cost memory -10.199516296386719
[2026-09-14T13:01:16.030] [DEBUG] debug-file - runTaskFromQueue task cost before running: 1 s 145 ms 
[2026-09-14T13:01:16.031] [INFO] debug-file - Finished :common:default@PreBuild... after 52 ms 
[2026-09-14T13:01:16.032] [DEBUG] debug-file - Executing task :schematic_editor:default@PreBuild
[2026-09-14T13:01:16.034] [DEBUG] debug-file - Task 'schematic_editor:default@PreBuild' cost while wrapping incremental declarations: 1 ms 
[2026-09-14T13:01:16.036] [DEBUG] debug-file - schematic_editor:default@PreBuild is not up-to-date, since the input file 'C:\Projects\ElecDraw_Harmony\build-profile.json5' has been changed.
[2026-09-14T13:01:16.037] [DEBUG] debug-file - Incremental task schematic_editor:default@PreBuild pre-execution cost: 2 ms .
[2026-09-14T13:01:16.039] [DEBUG] debug-file - current product is not Atomic service.
[2026-09-14T13:01:16.039] [DEBUG] debug-file - Use tool [win32: JAVA_HOME, CLASSPATH]
 [
  { JAVA_HOME: 'C:\\Program Files\\Huawei\\DevEco Studio\\jbr' },
  { CLASSPATH: undefined }
]
[2026-09-14T13:01:16.039] [DEBUG] debug-file - Use tool [win32: NODE_HOME]
 [
  {
    NODE_HOME: 'C:\\Program Files\\Huawei\\DevEco Studio\\tools\\node'
  }
]
[2026-09-14T13:01:16.039] [DEBUG] debug-file - schematic_editor : default@PreBuild cost memory 0.619781494140625
[2026-09-14T13:01:16.039] [DEBUG] debug-file - runTaskFromQueue task cost before running: 1 s 154 ms 
[2026-09-14T13:01:16.041] [INFO] debug-file - Finished :schematic_editor:default@PreBuild... after 8 ms 
[2026-09-14T13:01:16.042] [DEBUG] debug-file - Executing task :component_library:default@PreBuild
[2026-09-14T13:01:16.044] [DEBUG] debug-file - Task 'component_library:default@PreBuild' cost while wrapping incremental declarations: 1 ms 
[2026-09-14T13:01:16.046] [DEBUG] debug-file - component_library:default@PreBuild is not up-to-date, since the input file 'C:\Projects\ElecDraw_Harmony\build-profile.json5' has been changed.
[2026-09-14T13:01:16.046] [DEBUG] debug-file - Incremental task component_library:default@PreBuild pre-execution cost: 2 ms .
[2026-09-14T13:01:16.049] [DEBUG] debug-file - current product is not Atomic service.
[2026-09-14T13:01:16.049] [DEBUG] debug-file - Use tool [win32: JAVA_HOME, CLASSPATH]
 [
  { JAVA_HOME: 'C:\\Program Files\\Huawei\\DevEco Studio\\jbr' },
  { CLASSPATH: undefined }
]
[2026-09-14T13:01:16.049] [DEBUG] debug-file - Use tool [win32: NODE_HOME]
 [
  {
    NODE_HOME: 'C:\\Program Files\\Huawei\\DevEco Studio\\tools\\node'
  }
]
[2026-09-14T13:01:16.050] [DEBUG] debug-file - component_library : default@PreBuild cost memory 0.6051177978515625
[2026-09-14T13:01:16.050] [DEBUG] debug-file - runTaskFromQueue task cost before running: 1 s 164 ms 
[2026-09-14T13:01:16.051] [INFO] debug-file - Finished :component_library:default@PreBuild... after 8 ms 
[2026-09-14T13:01:16.052] [DEBUG] debug-file - Executing task :simulation_kernel:default@PreBuild
[2026-09-14T13:01:16.053] [DEBUG] debug-file - Task 'simulation_kernel:default@PreBuild' cost while wrapping incremental declarations: 1 ms 
[2026-09-14T13:01:16.056] [DEBUG] debug-file - simulation_kernel:default@PreBuild is not up-to-date, since the input file 'C:\Projects\ElecDraw_Harmony\build-profile.json5' has been changed.
[2026-09-14T13:01:16.056] [DEBUG] debug-file - Incremental task simulation_kernel:default@PreBuild pre-execution cost: 2 ms .
[2026-09-14T13:01:16.058] [DEBUG] debug-file - current product is not Atomic service.
[2026-09-14T13:01:16.058] [DEBUG] debug-file - Use tool [win32: JAVA_HOME, CLASSPATH]
 [
  { JAVA_HOME: 'C:\\Program Files\\Huawei\\DevEco Studio\\jbr' },
  { CLASSPATH: undefined }
]
[2026-09-14T13:01:16.058] [DEBUG] debug-file - Use tool [win32: NODE_HOME]
 [
  {
    NODE_HOME: 'C:\\Program Files\\Huawei\\DevEco Studio\\tools\\node'
  }
]
[2026-09-14T13:01:16.059] [DEBUG] debug-file - simulation_kernel : default@PreBuild cost memory 0.6164779663085938
[2026-09-14T13:01:16.059] [DEBUG] debug-file - runTaskFromQueue task cost before running: 1 s 174 ms 
[2026-09-14T13:01:16.060] [INFO] debug-file - Finished :simulation_kernel:default@PreBuild... after 7 ms 
[2026-09-14T13:01:16.061] [DEBUG] debug-file - Executing task :hex_debugger:default@PreBuild
[2026-09-14T13:01:16.063] [DEBUG] debug-file - Task 'hex_debugger:default@PreBuild' cost while wrapping incremental declarations: 1 ms 
[2026-09-14T13:01:16.065] [DEBUG] debug-file - hex_debugger:default@PreBuild is not up-to-date, since the input file 'C:\Projects\ElecDraw_Harmony\build-profile.json5' has been changed.
[2026-09-14T13:01:16.065] [DEBUG] debug-file - Incremental task hex_debugger:default@PreBuild pre-execution cost: 2 ms .
[2026-09-14T13:01:16.067] [DEBUG] debug-file - current product is not Atomic service.
[2026-09-14T13:01:16.067] [DEBUG] debug-file - Use tool [win32: JAVA_HOME, CLASSPATH]
 [
  { JAVA_HOME: 'C:\\Program Files\\Huawei\\DevEco Studio\\jbr' },
  { CLASSPATH: undefined }
]
[2026-09-14T13:01:16.067] [DEBUG] debug-file - Use tool [win32: NODE_HOME]
 [
  {
    NODE_HOME: 'C:\\Program Files\\Huawei\\DevEco Studio\\tools\\node'
  }
]
[2026-09-14T13:01:16.068] [DEBUG] debug-file - hex_debugger : default@PreBuild cost memory 0.6078033447265625
[2026-09-14T13:01:16.068] [DEBUG] debug-file - runTaskFromQueue task cost before running: 1 s 183 ms 
[2026-09-14T13:01:16.069] [INFO] debug-file - Finished :hex_debugger:default@PreBuild... after 7 ms 
[2026-09-14T13:01:16.070] [DEBUG] debug-file - Executing task :ai_api_manager:default@PreBuild
[2026-09-14T13:01:16.072] [DEBUG] debug-file - Task 'ai_api_manager:default@PreBuild' cost while wrapping incremental declarations: 1 ms 
[2026-09-14T13:01:16.075] [DEBUG] debug-file - ai_api_manager:default@PreBuild is not up-to-date, since the input file 'C:\Projects\ElecDraw_Harmony\build-profile.json5' has been changed.
[2026-09-14T13:01:16.075] [DEBUG] debug-file - Incremental task ai_api_manager:default@PreBuild pre-execution cost: 3 ms .
[2026-09-14T13:01:16.077] [DEBUG] debug-file - current product is not Atomic service.
[2026-09-14T13:01:16.077] [DEBUG] debug-file - Use tool [win32: JAVA_HOME, CLASSPATH]
 [
  { JAVA_HOME: 'C:\\Program Files\\Huawei\\DevEco Studio\\jbr' },
  { CLASSPATH: undefined }
]
[2026-09-14T13:01:16.077] [DEBUG] debug-file - Use tool [win32: NODE_HOME]
 [
  {
    NODE_HOME: 'C:\\Program Files\\Huawei\\DevEco Studio\\tools\\node'
  }
]
[2026-09-14T13:01:16.078] [DEBUG] debug-file - ai_api_manager : default@PreBuild cost memory 0.6118316650390625
[2026-09-14T13:01:16.078] [DEBUG] debug-file - runTaskFromQueue task cost before running: 1 s 193 ms 
[2026-09-14T13:01:16.079] [INFO] debug-file - Finished :ai_api_manager:default@PreBuild... after 8 ms 
[2026-09-14T13:01:16.080] [DEBUG] debug-file - Executing task :ai_engine:default@PreBuild
[2026-09-14T13:01:16.082] [DEBUG] debug-file - Task 'ai_engine:default@PreBuild' cost while wrapping incremental declarations: 1 ms 
[2026-09-14T13:01:16.087] [DEBUG] debug-file - ai_engine:default@PreBuild is not up-to-date, since the input file 'C:\Projects\ElecDraw_Harmony\build-profile.json5' has been changed.
[2026-09-14T13:01:16.087] [DEBUG] debug-file - Incremental task ai_engine:default@PreBuild pre-execution cost: 3 ms .
[2026-09-14T13:01:16.091] [DEBUG] debug-file - current product is not Atomic service.
[2026-09-14T13:01:16.091] [DEBUG] debug-file - Use tool [win32: JAVA_HOME, CLASSPATH]
 [
  { JAVA_HOME: 'C:\\Program Files\\Huawei\\DevEco Studio\\jbr' },
  { CLASSPATH: undefined }
]
[2026-09-14T13:01:16.091] [DEBUG] debug-file - Use tool [win32: NODE_HOME]
 [
  {
    NODE_HOME: 'C:\\Program Files\\Huawei\\DevEco Studio\\tools\\node'
  }
]
[2026-09-14T13:01:16.092] [DEBUG] debug-file - ai_engine : default@PreBuild cost memory 0.6220245361328125
[2026-09-14T13:01:16.092] [DEBUG] debug-file - runTaskFromQueue task cost before running: 1 s 207 ms 
[2026-09-14T13:01:16.093] [INFO] debug-file - Finished :ai_engine:default@PreBuild... after 12 ms 
[2026-09-14T13:01:16.094] [DEBUG] debug-file - Executing task :file_persistence:default@PreBuild
[2026-09-14T13:01:16.096] [DEBUG] debug-file - Task 'file_persistence:default@PreBuild' cost while wrapping incremental declarations: 1 ms 
[2026-09-14T13:01:16.098] [DEBUG] debug-file - file_persistence:default@PreBuild is not up-to-date, since the input file 'C:\Projects\ElecDraw_Harmony\build-profile.json5' has been changed.
[2026-09-14T13:01:16.098] [DEBUG] debug-file - Incremental task file_persistence:default@PreBuild pre-execution cost: 2 ms .
[2026-09-14T13:01:16.101] [DEBUG] debug-file - current product is not Atomic service.
[2026-09-14T13:01:16.101] [DEBUG] debug-file - Use tool [win32: JAVA_HOME, CLASSPATH]
 [
  { JAVA_HOME: 'C:\\Program Files\\Huawei\\DevEco Studio\\jbr' },
  { CLASSPATH: undefined }
]
[2026-09-14T13:01:16.101] [DEBUG] debug-file - Use tool [win32: NODE_HOME]
 [
  {
    NODE_HOME: 'C:\\Program Files\\Huawei\\DevEco Studio\\tools\\node'
  }
]
[2026-09-14T13:01:16.101] [DEBUG] debug-file - file_persistence : default@PreBuild cost memory 0.6191558837890625
[2026-09-14T13:01:16.101] [DEBUG] debug-file - runTaskFromQueue task cost before running: 1 s 216 ms 
[2026-09-14T13:01:16.103] [INFO] debug-file - Finished :file_persistence:default@PreBuild... after 8 ms 
[2026-09-14T13:01:16.104] [DEBUG] debug-file - Executing task :instruments:default@PreBuild
[2026-09-14T13:01:16.106] [DEBUG] debug-file - Task 'instruments:default@PreBuild' cost while wrapping incremental declarations: 1 ms 
[2026-09-14T13:01:16.108] [DEBUG] debug-file - instruments:default@PreBuild is not up-to-date, since the input file 'C:\Projects\ElecDraw_Harmony\build-profile.json5' has been changed.
[2026-09-14T13:01:16.108] [DEBUG] debug-file - Incremental task instruments:default@PreBuild pre-execution cost: 2 ms .
[2026-09-14T13:01:16.111] [DEBUG] debug-file - current product is not Atomic service.
[2026-09-14T13:01:16.111] [DEBUG] debug-file - Use tool [win32: JAVA_HOME, CLASSPATH]
 [
  { JAVA_HOME: 'C:\\Program Files\\Huawei\\DevEco Studio\\jbr' },
  { CLASSPATH: undefined }
]
[2026-09-14T13:01:16.111] [DEBUG] debug-file - Use tool [win32: NODE_HOME]
 [
  {
    NODE_HOME: 'C:\\Program Files\\Huawei\\DevEco Studio\\tools\\node'
  }
]
[2026-09-14T13:01:16.111] [DEBUG] debug-file - instruments : default@PreBuild cost memory 0.6119613647460938
[2026-09-14T13:01:16.111] [DEBUG] debug-file - runTaskFromQueue task cost before running: 1 s 226 ms 
[2026-09-14T13:01:16.113] [INFO] debug-file - Finished :instruments:default@PreBuild... after 8 ms 
[2026-09-14T13:01:16.114] [DEBUG] debug-file - Executing task :plugin_system:default@PreBuild
[2026-09-14T13:01:16.116] [DEBUG] debug-file - Task 'plugin_system:default@PreBuild' cost while wrapping incremental declarations: 1 ms 
[2026-09-14T13:01:16.119] [DEBUG] debug-file - plugin_system:default@PreBuild is not up-to-date, since the input file 'C:\Projects\ElecDraw_Harmony\build-profile.json5' has been changed.
[2026-09-14T13:01:16.119] [DEBUG] debug-file - Incremental task plugin_system:default@PreBuild pre-execution cost: 2 ms .
[2026-09-14T13:01:16.122] [DEBUG] debug-file - current product is not Atomic service.
[2026-09-14T13:01:16.122] [DEBUG] debug-file - Use tool [win32: JAVA_HOME, CLASSPATH]
 [
  { JAVA_HOME: 'C:\\Program Files\\Huawei\\DevEco Studio\\jbr' },
  { CLASSPATH: undefined }
]
[2026-09-14T13:01:16.122] [DEBUG] debug-file - Use tool [win32: NODE_HOME]
 [
  {
    NODE_HOME: 'C:\\Program Files\\Huawei\\DevEco Studio\\tools\\node'
  }
]
[2026-09-14T13:01:16.123] [DEBUG] debug-file - plugin_system : default@PreBuild cost memory 0.6028366088867188
[2026-09-14T13:01:16.123] [DEBUG] debug-file - runTaskFromQueue task cost before running: 1 s 238 ms 
[2026-09-14T13:01:16.124] [INFO] debug-file - Finished :plugin_system:default@PreBuild... after 9 ms 
[2026-09-14T13:01:16.125] [DEBUG] debug-file - Executing task :pcb_editor:default@PreBuild
[2026-09-14T13:01:16.128] [DEBUG] debug-file - Task 'pcb_editor:default@PreBuild' cost while wrapping incremental declarations: 1 ms 
[2026-09-14T13:01:16.131] [DEBUG] debug-file - pcb_editor:default@PreBuild is not up-to-date, since the input file 'C:\Projects\ElecDraw_Harmony\build-profile.json5' has been changed.
[2026-09-14T13:01:16.131] [DEBUG] debug-file - Incremental task pcb_editor:default@PreBuild pre-execution cost: 3 ms .
[2026-09-14T13:01:16.136] [DEBUG] debug-file - current product is not Atomic service.
[2026-09-14T13:01:16.136] [DEBUG] debug-file - Use tool [win32: JAVA_HOME, CLASSPATH]
 [
  { JAVA_HOME: 'C:\\Program Files\\Huawei\\DevEco Studio\\jbr' },
  { CLASSPATH: undefined }
]
[2026-09-14T13:01:16.136] [DEBUG] debug-file - Use tool [win32: NODE_HOME]
 [
  {
    NODE_HOME: 'C:\\Program Files\\Huawei\\DevEco Studio\\tools\\node'
  }
]
[2026-09-14T13:01:16.137] [DEBUG] debug-file - pcb_editor : default@PreBuild cost memory 0.621612548828125
[2026-09-14T13:01:16.137] [DEBUG] debug-file - runTaskFromQueue task cost before running: 1 s 252 ms 
[2026-09-14T13:01:16.138] [INFO] debug-file - Finished :pcb_editor:default@PreBuild... after 12 ms 
[2026-09-14T13:01:16.140] [DEBUG] debug-file - Executing task :agent_bridge:default@PreBuild
[2026-09-14T13:01:16.141] [DEBUG] debug-file - Task 'agent_bridge:default@PreBuild' cost while wrapping incremental declarations: 1 ms 
[2026-09-14T13:01:16.144] [DEBUG] debug-file - agent_bridge:default@PreBuild is not up-to-date, since the input file 'C:\Projects\ElecDraw_Harmony\build-profile.json5' has been changed.
[2026-09-14T13:01:16.145] [DEBUG] debug-file - Incremental task agent_bridge:default@PreBuild pre-execution cost: 2 ms .
[2026-09-14T13:01:16.147] [DEBUG] debug-file - current product is not Atomic service.
[2026-09-14T13:01:16.147] [DEBUG] debug-file - Use tool [win32: JAVA_HOME, CLASSPATH]
 [
  { JAVA_HOME: 'C:\\Program Files\\Huawei\\DevEco Studio\\jbr' },
  { CLASSPATH: undefined }
]
[2026-09-14T13:01:16.147] [DEBUG] debug-file - Use tool [win32: NODE_HOME]
 [
  {
    NODE_HOME: 'C:\\Program Files\\Huawei\\DevEco Studio\\tools\\node'
  }
]
[2026-09-14T13:01:16.148] [DEBUG] debug-file - agent_bridge : default@PreBuild cost memory 0.6245956420898438
[2026-09-14T13:01:16.148] [DEBUG] debug-file - runTaskFromQueue task cost before running: 1 s 263 ms 
[2026-09-14T13:01:16.149] [INFO] debug-file - Finished :agent_bridge:default@PreBuild... after 8 ms 
[2026-09-14T13:01:16.150] [DEBUG] debug-file - Executing task :entry:default@CreateModuleInfo
[2026-09-14T13:01:16.150] [DEBUG] debug-file - Task 'entry:default@CreateModuleInfo' cost while wrapping incremental declarations: 1 ms 
[2026-09-14T13:01:16.151] [DEBUG] debug-file - entry : default@CreateModuleInfo cost memory 0.0387115478515625
[2026-09-14T13:01:16.151] [DEBUG] debug-file - runTaskFromQueue task cost before running: 1 s 266 ms 
[2026-09-14T13:01:16.151] [INFO] debug-file - Finished :entry:default@CreateModuleInfo... after 1 ms 
[2026-09-14T13:01:16.157] [DEBUG] debug-file - Executing task :entry:default@GenerateMetadata
[2026-09-14T13:01:16.157] [DEBUG] debug-file - Task 'entry:default@GenerateMetadata' cost while wrapping incremental declarations: 1 ms 
[2026-09-14T13:01:16.158] [DEBUG] debug-file - Incremental task entry:default@GenerateMetadata pre-execution cost: 1 ms .
[2026-09-14T13:01:16.158] [DEBUG] debug-file - entry : default@GenerateMetadata cost memory 0.0818939208984375
[2026-09-14T13:01:16.159] [INFO] debug-file - UP-TO-DATE :entry:default@GenerateMetadata...  
[2026-09-14T13:01:16.159] [DEBUG] debug-file - Executing task :entry:default@PreCheckSyscap
[2026-09-14T13:01:16.160] [DEBUG] debug-file - entry : default@PreCheckSyscap cost memory 0.013641357421875
[2026-09-14T13:01:16.160] [DEBUG] debug-file - runTaskFromQueue task cost before running: 1 s 274 ms 
[2026-09-14T13:01:16.160] [INFO] debug-file - Finished :entry:default@PreCheckSyscap... after 1 ms 
[2026-09-14T13:01:16.161] [DEBUG] debug-file - Executing task :entry:default@GeneratePkgContextInfo
[2026-09-14T13:01:16.170] [DEBUG] debug-file - Task 'entry:default@GeneratePkgContextInfo' cost while wrapping incremental declarations: 1 ms 
[2026-09-14T13:01:16.170] [DEBUG] debug-file - entry : default@GeneratePkgContextInfo cost memory 1.0374832153320312
[2026-09-14T13:01:16.170] [DEBUG] debug-file - runTaskFromQueue task cost before running: 1 s 285 ms 
[2026-09-14T13:01:16.171] [INFO] debug-file - Finished :entry:default@GeneratePkgContextInfo... after 10 ms 
[2026-09-14T13:01:16.171] [DEBUG] debug-file - Executing task :entry:default@GeneratePkgSdkInfo
[2026-09-14T13:01:16.175] [DEBUG] debug-file - Task 'entry:default@GeneratePkgSdkInfo' cost while wrapping incremental declarations: 1 ms 
[2026-09-14T13:01:16.176] [DEBUG] debug-file - Incremental task entry:default@GeneratePkgSdkInfo pre-execution cost: 1 ms .
[2026-09-14T13:01:16.176] [DEBUG] debug-file - entry : default@GeneratePkgSdkInfo cost memory 0.31375885009765625
[2026-09-14T13:01:16.177] [INFO] debug-file - UP-TO-DATE :entry:default@GeneratePkgSdkInfo...  
[2026-09-14T13:01:16.182] [DEBUG] debug-file - Executing task :entry:default@ProcessIntegratedHsp
[2026-09-14T13:01:16.182] [DEBUG] debug-file - entry:default@ProcessIntegratedHsp is not up-to-date, since the output file 'C:\Projects\ElecDraw_Harmony\build\cache\default\integrated_hsp\integratedHspCache.json' does not exist.
[2026-09-14T13:01:16.182] [DEBUG] debug-file - Incremental task entry:default@ProcessIntegratedHsp pre-execution cost: 1 ms .
[2026-09-14T13:01:16.182] [DEBUG] debug-file - entry : default@ProcessIntegratedHsp cost memory 0.0523681640625
[2026-09-14T13:01:16.182] [DEBUG] debug-file - runTaskFromQueue task cost before running: 1 s 297 ms 
[2026-09-14T13:01:16.183] [INFO] debug-file - Finished :entry:default@ProcessIntegratedHsp... after 1 ms 
[2026-09-14T13:01:16.184] [DEBUG] debug-file - Executing task :common:default@CreateHarBuildProfile
[2026-09-14T13:01:16.184] [DEBUG] debug-file - Task 'common:default@CreateHarBuildProfile' cost while wrapping incremental declarations: 1 ms 
[2026-09-14T13:01:16.185] [DEBUG] debug-file - common:default@CreateHarBuildProfile is not up-to-date, since the input file 'C:\Projects\ElecDraw_Harmony\build-profile.json5' has been changed.
[2026-09-14T13:01:16.185] [DEBUG] debug-file - Incremental task common:default@CreateHarBuildProfile pre-execution cost: 1 ms .
[2026-09-14T13:01:16.185] [DEBUG] debug-file - common : default@CreateHarBuildProfile cost memory 0.07592010498046875
[2026-09-14T13:01:16.186] [DEBUG] debug-file - runTaskFromQueue task cost before running: 1 s 300 ms 
[2026-09-14T13:01:16.186] [INFO] debug-file - Finished :common:default@CreateHarBuildProfile... after 2 ms 
[2026-09-14T13:01:16.187] [DEBUG] debug-file - Executing task :common:default@ConfigureCmake
[2026-09-14T13:01:16.187] [DEBUG] debug-file - common : default@ConfigureCmake cost memory 0.0160064697265625
[2026-09-14T13:01:16.187] [DEBUG] debug-file - runTaskFromQueue task cost before running: 1 s 302 ms 
[2026-09-14T13:01:16.187] [INFO] debug-file - Finished :common:default@ConfigureCmake... after 1 ms 
[2026-09-14T13:01:16.189] [DEBUG] debug-file - Executing task :common:default@MergeProfile
[2026-09-14T13:01:16.189] [DEBUG] debug-file - Task 'common:default@MergeProfile' cost while wrapping incremental declarations: 1 ms 
[2026-09-14T13:01:16.189] [DEBUG] debug-file - common:default@MergeProfile is not up-to-date, since the input file 'C:\Projects\ElecDraw_Harmony\build-profile.json5' has been changed.
[2026-09-14T13:01:16.189] [DEBUG] debug-file - Incremental task common:default@MergeProfile pre-execution cost: 1 ms .
[2026-09-14T13:01:16.190] [DEBUG] debug-file - Change app api release type with 'Release'
[2026-09-14T13:01:16.190] [DEBUG] debug-file - Change app compile API version with '6.1.1.125'
[2026-09-14T13:01:16.190] [DEBUG] debug-file - Change app target API version with '60101024'
[2026-09-14T13:01:16.190] [DEBUG] debug-file - Change app minimum API version with '60101024'
[2026-09-14T13:01:16.190] [DEBUG] debug-file - Use cli appEnvironment
[2026-09-14T13:01:16.193] [DEBUG] debug-file - common : default@MergeProfile cost memory 0.19316864013671875
[2026-09-14T13:01:16.193] [DEBUG] debug-file - runTaskFromQueue task cost before running: 1 s 308 ms 
[2026-09-14T13:01:16.193] [INFO] debug-file - Finished :common:default@MergeProfile... after 5 ms 
[2026-09-14T13:01:16.194] [DEBUG] debug-file - Executing task :entry:default@SyscapTransform
[2026-09-14T13:01:16.195] [DEBUG] debug-file - File: 'C:\Projects\ElecDraw_Harmony\entry\src\main\syscap.json' from 'sysCapJsonPath' is not exists, just ignore.
[2026-09-14T13:01:16.196] [DEBUG] debug-file - Task 'entry:default@SyscapTransform' cost while wrapping incremental declarations: 2 ms 
[2026-09-14T13:01:16.201] [DEBUG] debug-file - entry:default@SyscapTransform is not up-to-date, since the output file 'C:\Projects\ElecDraw_Harmony\entry\build\default\intermediates\syscap\default\rpcid.sc' does not exist.
[2026-09-14T13:01:16.201] [DEBUG] debug-file - Incremental task entry:default@SyscapTransform pre-execution cost: 5 ms .
[2026-09-14T13:01:16.201] [DEBUG] debug-file - entry : default@SyscapTransform cost memory 0.15103912353515625
[2026-09-14T13:01:16.201] [DEBUG] debug-file - runTaskFromQueue task cost before running: 1 s 316 ms 
[2026-09-14T13:01:16.201] [INFO] debug-file - Finished :entry:default@SyscapTransform... after 7 ms 
[2026-09-14T13:01:16.203] [DEBUG] debug-file - Executing task :entry:default@ProcessRouterMap
[2026-09-14T13:01:16.206] [DEBUG] debug-file - Incremental task entry:default@ProcessRouterMap pre-execution cost: 3 ms .
[2026-09-14T13:01:16.207] [DEBUG] debug-file - entry : default@ProcessRouterMap cost memory 0.2003326416015625
[2026-09-14T13:01:16.207] [INFO] debug-file - UP-TO-DATE :entry:default@ProcessRouterMap...  
[2026-09-14T13:01:16.208] [DEBUG] debug-file - Executing task :entry:default@ProcessShareConfig
[2026-09-14T13:01:16.210] [DEBUG] debug-file - Incremental task entry:default@ProcessShareConfig pre-execution cost: 2 ms .
[2026-09-14T13:01:16.210] [DEBUG] debug-file - entry : default@ProcessShareConfig cost memory 0.14900970458984375
[2026-09-14T13:01:16.210] [INFO] debug-file - UP-TO-DATE :entry:default@ProcessShareConfig...  
[2026-09-14T13:01:16.211] [DEBUG] debug-file - Executing task :entry:default@ProcessStartupConfig
[2026-09-14T13:01:16.212] [DEBUG] debug-file - Task 'entry:default@ProcessStartupConfig' cost while wrapping incremental declarations: 1 ms 
[2026-09-14T13:01:16.212] [DEBUG] debug-file - entry:default@ProcessStartupConfig is not up-to-date, since the output file 'C:\Projects\ElecDraw_Harmony\entry\build\default\intermediates\startup\default\startup_config.json' does not exist.
[2026-09-14T13:01:16.213] [DEBUG] debug-file - Incremental task entry:default@ProcessStartupConfig pre-execution cost: 1 ms .
[2026-09-14T13:01:16.213] [DEBUG] debug-file - entry : default@ProcessStartupConfig cost memory 0.1324615478515625
[2026-09-14T13:01:16.213] [DEBUG] debug-file - runTaskFromQueue task cost before running: 1 s 328 ms 
[2026-09-14T13:01:16.213] [INFO] debug-file - Finished :entry:default@ProcessStartupConfig... after 2 ms 
[2026-09-14T13:01:16.215] [DEBUG] debug-file - Executing task :schematic_editor:default@CreateHarBuildProfile
[2026-09-14T13:01:16.215] [DEBUG] debug-file - Task 'schematic_editor:default@CreateHarBuildProfile' cost while wrapping incremental declarations: 1 ms 
[2026-09-14T13:01:16.216] [DEBUG] debug-file - schematic_editor:default@CreateHarBuildProfile is not up-to-date, since the input file 'C:\Projects\ElecDraw_Harmony\build-profile.json5' has been changed.
[2026-09-14T13:01:16.216] [DEBUG] debug-file - Incremental task schematic_editor:default@CreateHarBuildProfile pre-execution cost: 1 ms .
[2026-09-14T13:01:16.217] [DEBUG] debug-file - schematic_editor : default@CreateHarBuildProfile cost memory 0.0726165771484375
[2026-09-14T13:01:16.217] [DEBUG] debug-file - runTaskFromQueue task cost before running: 1 s 332 ms 
[2026-09-14T13:01:16.218] [INFO] debug-file - Finished :schematic_editor:default@CreateHarBuildProfile... after 3 ms 
[2026-09-14T13:01:16.218] [DEBUG] debug-file - Executing task :component_library:default@CreateHarBuildProfile
[2026-09-14T13:01:16.219] [DEBUG] debug-file - Task 'component_library:default@CreateHarBuildProfile' cost while wrapping incremental declarations: 1 ms 
[2026-09-14T13:01:16.219] [DEBUG] debug-file - component_library:default@CreateHarBuildProfile is not up-to-date, since the input file 'C:\Projects\ElecDraw_Harmony\build-profile.json5' has been changed.
[2026-09-14T13:01:16.220] [DEBUG] debug-file - Incremental task component_library:default@CreateHarBuildProfile pre-execution cost: 1 ms .
[2026-09-14T13:01:16.221] [DEBUG] debug-file - component_library : default@CreateHarBuildProfile cost memory 0.0753326416015625
[2026-09-14T13:01:16.221] [DEBUG] debug-file - runTaskFromQueue task cost before running: 1 s 335 ms 
[2026-09-14T13:01:16.221] [INFO] debug-file - Finished :component_library:default@CreateHarBuildProfile... after 3 ms 
[2026-09-14T13:01:16.222] [DEBUG] debug-file - Executing task :simulation_kernel:default@CreateHarBuildProfile
[2026-09-14T13:01:16.222] [DEBUG] debug-file - Task 'simulation_kernel:default@CreateHarBuildProfile' cost while wrapping incremental declarations: 1 ms 
[2026-09-14T13:01:16.223] [DEBUG] debug-file - simulation_kernel:default@CreateHarBuildProfile is not up-to-date, since the input file 'C:\Projects\ElecDraw_Harmony\build-profile.json5' has been changed.
[2026-09-14T13:01:16.223] [DEBUG] debug-file - Incremental task simulation_kernel:default@CreateHarBuildProfile pre-execution cost: 1 ms .
[2026-09-14T13:01:16.224] [DEBUG] debug-file - simulation_kernel : default@CreateHarBuildProfile cost memory 0.2237091064453125
[2026-09-14T13:01:16.224] [DEBUG] debug-file - runTaskFromQueue task cost before running: 1 s 339 ms 
[2026-09-14T13:01:16.224] [INFO] debug-file - Finished :simulation_kernel:default@CreateHarBuildProfile... after 3 ms 
[2026-09-14T13:01:16.225] [DEBUG] debug-file - Executing task :hex_debugger:default@CreateHarBuildProfile
[2026-09-14T13:01:16.225] [DEBUG] debug-file - Task 'hex_debugger:default@CreateHarBuildProfile' cost while wrapping incremental declarations: 1 ms 
[2026-09-14T13:01:16.226] [DEBUG] debug-file - hex_debugger:default@CreateHarBuildProfile is not up-to-date, since the input file 'C:\Projects\ElecDraw_Harmony\build-profile.json5' has been changed.
[2026-09-14T13:01:16.226] [DEBUG] debug-file - Incremental task hex_debugger:default@CreateHarBuildProfile pre-execution cost: 1 ms .
[2026-09-14T13:01:16.227] [DEBUG] debug-file - hex_debugger : default@CreateHarBuildProfile cost memory 0.072601318359375
[2026-09-14T13:01:16.227] [DEBUG] debug-file - runTaskFromQueue task cost before running: 1 s 342 ms 
[2026-09-14T13:01:16.227] [INFO] debug-file - Finished :hex_debugger:default@CreateHarBuildProfile... after 2 ms 
[2026-09-14T13:01:16.228] [DEBUG] debug-file - Executing task :ai_api_manager:default@CreateHarBuildProfile
[2026-09-14T13:01:16.228] [DEBUG] debug-file - Task 'ai_api_manager:default@CreateHarBuildProfile' cost while wrapping incremental declarations: 1 ms 
[2026-09-14T13:01:16.229] [DEBUG] debug-file - ai_api_manager:default@CreateHarBuildProfile is not up-to-date, since the input file 'C:\Projects\ElecDraw_Harmony\build-profile.json5' has been changed.
[2026-09-14T13:01:16.229] [DEBUG] debug-file - Incremental task ai_api_manager:default@CreateHarBuildProfile pre-execution cost: 1 ms .
[2026-09-14T13:01:16.230] [DEBUG] debug-file - ai_api_manager : default@CreateHarBuildProfile cost memory 0.07221221923828125
[2026-09-14T13:01:16.230] [DEBUG] debug-file - runTaskFromQueue task cost before running: 1 s 345 ms 
[2026-09-14T13:01:16.231] [INFO] debug-file - Finished :ai_api_manager:default@CreateHarBuildProfile... after 3 ms 
[2026-09-14T13:01:16.232] [DEBUG] debug-file - Executing task :file_persistence:default@CreateHarBuildProfile
[2026-09-14T13:01:16.232] [DEBUG] debug-file - Task 'file_persistence:default@CreateHarBuildProfile' cost while wrapping incremental declarations: 1 ms 
[2026-09-14T13:01:16.234] [DEBUG] debug-file - file_persistence:default@CreateHarBuildProfile is not up-to-date, since the input file 'C:\Projects\ElecDraw_Harmony\build-profile.json5' has been changed.
[2026-09-14T13:01:16.234] [DEBUG] debug-file - Incremental task file_persistence:default@CreateHarBuildProfile pre-execution cost: 2 ms .
[2026-09-14T13:01:16.235] [DEBUG] debug-file - file_persistence : default@CreateHarBuildProfile cost memory 0.0755615234375
[2026-09-14T13:01:16.235] [DEBUG] debug-file - runTaskFromQueue task cost before running: 1 s 350 ms 
[2026-09-14T13:01:16.235] [INFO] debug-file - Finished :file_persistence:default@CreateHarBuildProfile... after 4 ms 
[2026-09-14T13:01:16.236] [DEBUG] debug-file - Executing task :instruments:default@CreateHarBuildProfile
[2026-09-14T13:01:16.236] [DEBUG] debug-file - Task 'instruments:default@CreateHarBuildProfile' cost while wrapping incremental declarations: 1 ms 
[2026-09-14T13:01:16.237] [DEBUG] debug-file - instruments:default@CreateHarBuildProfile is not up-to-date, since the input file 'C:\Projects\ElecDraw_Harmony\build-profile.json5' has been changed.
[2026-09-14T13:01:16.237] [DEBUG] debug-file - Incremental task instruments:default@CreateHarBuildProfile pre-execution cost: 1 ms .
[2026-09-14T13:01:16.238] [DEBUG] debug-file - instruments : default@CreateHarBuildProfile cost memory 0.07213592529296875
[2026-09-14T13:01:16.238] [DEBUG] debug-file - runTaskFromQueue task cost before running: 1 s 353 ms 
[2026-09-14T13:01:16.238] [INFO] debug-file - Finished :instruments:default@CreateHarBuildProfile... after 3 ms 
[2026-09-14T13:01:16.241] [DEBUG] debug-file - Executing task :plugin_system:default@CreateHarBuildProfile
[2026-09-14T13:01:16.242] [DEBUG] debug-file - Task 'plugin_system:default@CreateHarBuildProfile' cost while wrapping incremental declarations: 1 ms 
[2026-09-14T13:01:16.242] [DEBUG] debug-file - plugin_system:default@CreateHarBuildProfile is not up-to-date, since the input file 'C:\Projects\ElecDraw_Harmony\build-profile.json5' has been changed.
[2026-09-14T13:01:16.242] [DEBUG] debug-file - Incremental task plugin_system:default@CreateHarBuildProfile pre-execution cost: 1 ms .
[2026-09-14T13:01:16.243] [DEBUG] debug-file - plugin_system : default@CreateHarBuildProfile cost memory 0.0721893310546875
[2026-09-14T13:01:16.243] [DEBUG] debug-file - runTaskFromQueue task cost before running: 1 s 358 ms 
[2026-09-14T13:01:16.243] [INFO] debug-file - Finished :plugin_system:default@CreateHarBuildProfile... after 3 ms 
[2026-09-14T13:01:16.244] [DEBUG] debug-file - Executing task :pcb_editor:default@CreateHarBuildProfile
[2026-09-14T13:01:16.245] [DEBUG] debug-file - Task 'pcb_editor:default@CreateHarBuildProfile' cost while wrapping incremental declarations: 1 ms 
[2026-09-14T13:01:16.246] [DEBUG] debug-file - pcb_editor:default@CreateHarBuildProfile is not up-to-date, since the input file 'C:\Projects\ElecDraw_Harmony\build-profile.json5' has been changed.
[2026-09-14T13:01:16.246] [DEBUG] debug-file - Incremental task pcb_editor:default@CreateHarBuildProfile pre-execution cost: 1 ms .
[2026-09-14T13:01:16.247] [DEBUG] debug-file - pcb_editor : default@CreateHarBuildProfile cost memory 0.082855224609375
[2026-09-14T13:01:16.247] [DEBUG] debug-file - runTaskFromQueue task cost before running: 1 s 361 ms 
[2026-09-14T13:01:16.247] [INFO] debug-file - Finished :pcb_editor:default@CreateHarBuildProfile... after 3 ms 
[2026-09-14T13:01:16.248] [DEBUG] debug-file - Executing task :common:default@BuildNativeWithCmake
[2026-09-14T13:01:16.248] [DEBUG] debug-file - common : default@BuildNativeWithCmake cost memory 0.013427734375
[2026-09-14T13:01:16.248] [DEBUG] debug-file - runTaskFromQueue task cost before running: 1 s 363 ms 
[2026-09-14T13:01:16.249] [INFO] debug-file - Finished :common:default@BuildNativeWithCmake... after 1 ms 
[2026-09-14T13:01:16.249] [DEBUG] debug-file - Executing task :schematic_editor:default@MergeProfile
[2026-09-14T13:01:16.250] [DEBUG] debug-file - Task 'schematic_editor:default@MergeProfile' cost while wrapping incremental declarations: 1 ms 
[2026-09-14T13:01:16.251] [DEBUG] debug-file - schematic_editor:default@MergeProfile is not up-to-date, since the input file 'C:\Projects\ElecDraw_Harmony\build-profile.json5' has been changed.
[2026-09-14T13:01:16.251] [DEBUG] debug-file - Incremental task schematic_editor:default@MergeProfile pre-execution cost: 1 ms .
[2026-09-14T13:01:16.251] [DEBUG] debug-file - Change app api release type with 'Release'
[2026-09-14T13:01:16.251] [DEBUG] debug-file - Change app compile API version with '6.1.1.125'
[2026-09-14T13:01:16.251] [DEBUG] debug-file - Change app target API version with '60101024'
[2026-09-14T13:01:16.251] [DEBUG] debug-file - Change app minimum API version with '60101024'
[2026-09-14T13:01:16.251] [DEBUG] debug-file - Use cli appEnvironment
[2026-09-14T13:01:16.253] [DEBUG] debug-file - schematic_editor : default@MergeProfile cost memory 0.190643310546875
[2026-09-14T13:01:16.253] [DEBUG] debug-file - runTaskFromQueue task cost before running: 1 s 368 ms 
[2026-09-14T13:01:16.254] [INFO] debug-file - Finished :schematic_editor:default@MergeProfile... after 4 ms 
[2026-09-14T13:01:16.254] [DEBUG] debug-file - Executing task :component_library:default@MergeProfile
[2026-09-14T13:01:16.255] [DEBUG] debug-file - Task 'component_library:default@MergeProfile' cost while wrapping incremental declarations: 1 ms 
[2026-09-14T13:01:16.255] [DEBUG] debug-file - component_library:default@MergeProfile is not up-to-date, since the input file 'C:\Projects\ElecDraw_Harmony\build-profile.json5' has been changed.
[2026-09-14T13:01:16.255] [DEBUG] debug-file - Incremental task component_library:default@MergeProfile pre-execution cost: 1 ms .
[2026-09-14T13:01:16.256] [DEBUG] debug-file - Change app api release type with 'Release'
[2026-09-14T13:01:16.256] [DEBUG] debug-file - Change app compile API version with '6.1.1.125'
[2026-09-14T13:01:16.256] [DEBUG] debug-file - Change app target API version with '60101024'
[2026-09-14T13:01:16.256] [DEBUG] debug-file - Change app minimum API version with '60101024'
[2026-09-14T13:01:16.256] [DEBUG] debug-file - Use cli appEnvironment
[2026-09-14T13:01:16.258] [DEBUG] debug-file - component_library : default@MergeProfile cost memory 0.18993377685546875
[2026-09-14T13:01:16.258] [DEBUG] debug-file - runTaskFromQueue task cost before running: 1 s 373 ms 
[2026-09-14T13:01:16.258] [INFO] debug-file - Finished :component_library:default@MergeProfile... after 4 ms 
[2026-09-14T13:01:16.259] [DEBUG] debug-file - Executing task :simulation_kernel:default@MergeProfile
[2026-09-14T13:01:16.260] [DEBUG] debug-file - Task 'simulation_kernel:default@MergeProfile' cost while wrapping incremental declarations: 1 ms 
[2026-09-14T13:01:16.261] [DEBUG] debug-file - simulation_kernel:default@MergeProfile is not up-to-date, since the input file 'C:\Projects\ElecDraw_Harmony\build-profile.json5' has been changed.
[2026-09-14T13:01:16.261] [DEBUG] debug-file - Incremental task simulation_kernel:default@MergeProfile pre-execution cost: 1 ms .
[2026-09-14T13:01:16.261] [DEBUG] debug-file - Change app api release type with 'Release'
[2026-09-14T13:01:16.261] [DEBUG] debug-file - Change app compile API version with '6.1.1.125'
[2026-09-14T13:01:16.261] [DEBUG] debug-file - Change app target API version with '60101024'
[2026-09-14T13:01:16.261] [DEBUG] debug-file - Change app minimum API version with '60101024'
[2026-09-14T13:01:16.261] [DEBUG] debug-file - Use cli appEnvironment
[2026-09-14T13:01:16.264] [DEBUG] debug-file - simulation_kernel : default@MergeProfile cost memory 0.19097137451171875
[2026-09-14T13:01:16.264] [DEBUG] debug-file - runTaskFromQueue task cost before running: 1 s 379 ms 
[2026-09-14T13:01:16.264] [INFO] debug-file - Finished :simulation_kernel:default@MergeProfile... after 5 ms 
[2026-09-14T13:01:16.266] [DEBUG] debug-file - Executing task :hex_debugger:default@MergeProfile
[2026-09-14T13:01:16.266] [DEBUG] debug-file - Task 'hex_debugger:default@MergeProfile' cost while wrapping incremental declarations: 1 ms 
[2026-09-14T13:01:16.267] [DEBUG] debug-file - hex_debugger:default@MergeProfile is not up-to-date, since the input file 'C:\Projects\ElecDraw_Harmony\build-profile.json5' has been changed.
[2026-09-14T13:01:16.267] [DEBUG] debug-file - Incremental task hex_debugger:default@MergeProfile pre-execution cost: 1 ms .
[2026-09-14T13:01:16.268] [DEBUG] debug-file - Change app api release type with 'Release'
[2026-09-14T13:01:16.268] [DEBUG] debug-file - Change app compile API version with '6.1.1.125'
[2026-09-14T13:01:16.268] [DEBUG] debug-file - Change app target API version with '60101024'
[2026-09-14T13:01:16.268] [DEBUG] debug-file - Change app minimum API version with '60101024'
[2026-09-14T13:01:16.268] [DEBUG] debug-file - Use cli appEnvironment
[2026-09-14T13:01:16.270] [DEBUG] debug-file - hex_debugger : default@MergeProfile cost memory 0.1891021728515625
[2026-09-14T13:01:16.270] [DEBUG] debug-file - runTaskFromQueue task cost before running: 1 s 385 ms 
[2026-09-14T13:01:16.270] [INFO] debug-file - Finished :hex_debugger:default@MergeProfile... after 5 ms 
[2026-09-14T13:01:16.271] [DEBUG] debug-file - Executing task :ai_api_manager:default@MergeProfile
[2026-09-14T13:01:16.271] [DEBUG] debug-file - Task 'ai_api_manager:default@MergeProfile' cost while wrapping incremental declarations: 1 ms 
[2026-09-14T13:01:16.272] [DEBUG] debug-file - ai_api_manager:default@MergeProfile is not up-to-date, since the input file 'C:\Projects\ElecDraw_Harmony\build-profile.json5' has been changed.
[2026-09-14T13:01:16.272] [DEBUG] debug-file - Incremental task ai_api_manager:default@MergeProfile pre-execution cost: 1 ms .
[2026-09-14T13:01:16.273] [DEBUG] debug-file - Change app api release type with 'Release'
[2026-09-14T13:01:16.273] [DEBUG] debug-file - Change app compile API version with '6.1.1.125'
[2026-09-14T13:01:16.273] [DEBUG] debug-file - Change app target API version with '60101024'
[2026-09-14T13:01:16.273] [DEBUG] debug-file - Change app minimum API version with '60101024'
[2026-09-14T13:01:16.273] [DEBUG] debug-file - Use cli appEnvironment
[2026-09-14T13:01:16.275] [DEBUG] debug-file - ai_api_manager : default@MergeProfile cost memory 0.1899871826171875
[2026-09-14T13:01:16.275] [DEBUG] debug-file - runTaskFromQueue task cost before running: 1 s 390 ms 
[2026-09-14T13:01:16.275] [INFO] debug-file - Finished :ai_api_manager:default@MergeProfile... after 4 ms 
[2026-09-14T13:01:16.276] [DEBUG] debug-file - Executing task :file_persistence:default@MergeProfile
[2026-09-14T13:01:16.276] [DEBUG] debug-file - Task 'file_persistence:default@MergeProfile' cost while wrapping incremental declarations: 1 ms 
[2026-09-14T13:01:16.277] [DEBUG] debug-file - file_persistence:default@MergeProfile is not up-to-date, since the input file 'C:\Projects\ElecDraw_Harmony\build-profile.json5' has been changed.
[2026-09-14T13:01:16.277] [DEBUG] debug-file - Incremental task file_persistence:default@MergeProfile pre-execution cost: 1 ms .
[2026-09-14T13:01:16.278] [DEBUG] debug-file - Change app api release type with 'Release'
[2026-09-14T13:01:16.278] [DEBUG] debug-file - Change app compile API version with '6.1.1.125'
[2026-09-14T13:01:16.278] [DEBUG] debug-file - Change app target API version with '60101024'
[2026-09-14T13:01:16.278] [DEBUG] debug-file - Change app minimum API version with '60101024'
[2026-09-14T13:01:16.278] [DEBUG] debug-file - Use cli appEnvironment
[2026-09-14T13:01:16.280] [DEBUG] debug-file - file_persistence : default@MergeProfile cost memory 0.18982696533203125
[2026-09-14T13:01:16.280] [DEBUG] debug-file - runTaskFromQueue task cost before running: 1 s 395 ms 
[2026-09-14T13:01:16.280] [INFO] debug-file - Finished :file_persistence:default@MergeProfile... after 4 ms 
[2026-09-14T13:01:16.281] [DEBUG] debug-file - Executing task :instruments:default@MergeProfile
[2026-09-14T13:01:16.281] [DEBUG] debug-file - Task 'instruments:default@MergeProfile' cost while wrapping incremental declarations: 1 ms 
[2026-09-14T13:01:16.282] [DEBUG] debug-file - instruments:default@MergeProfile is not up-to-date, since the input file 'C:\Projects\ElecDraw_Harmony\build-profile.json5' has been changed.
[2026-09-14T13:01:16.282] [DEBUG] debug-file - Incremental task instruments:default@MergeProfile pre-execution cost: 1 ms .
[2026-09-14T13:01:16.282] [DEBUG] debug-file - Change app api release type with 'Release'
[2026-09-14T13:01:16.282] [DEBUG] debug-file - Change app compile API version with '6.1.1.125'
[2026-09-14T13:01:16.283] [DEBUG] debug-file - Change app target API version with '60101024'
[2026-09-14T13:01:16.283] [DEBUG] debug-file - Change app minimum API version with '60101024'
[2026-09-14T13:01:16.283] [DEBUG] debug-file - Use cli appEnvironment
[2026-09-14T13:01:16.285] [DEBUG] debug-file - instruments : default@MergeProfile cost memory 0.189208984375
[2026-09-14T13:01:16.286] [DEBUG] debug-file - runTaskFromQueue task cost before running: 1 s 400 ms 
[2026-09-14T13:01:16.286] [INFO] debug-file - Finished :instruments:default@MergeProfile... after 5 ms 
[2026-09-14T13:01:16.287] [DEBUG] debug-file - Executing task :plugin_system:default@MergeProfile
[2026-09-14T13:01:16.287] [DEBUG] debug-file - Task 'plugin_system:default@MergeProfile' cost while wrapping incremental declarations: 1 ms 
[2026-09-14T13:01:16.288] [DEBUG] debug-file - plugin_system:default@MergeProfile is not up-to-date, since the input file 'C:\Projects\ElecDraw_Harmony\build-profile.json5' has been changed.
[2026-09-14T13:01:16.288] [DEBUG] debug-file - Incremental task plugin_system:default@MergeProfile pre-execution cost: 1 ms .
[2026-09-14T13:01:16.288] [DEBUG] debug-file - Change app api release type with 'Release'
[2026-09-14T13:01:16.288] [DEBUG] debug-file - Change app compile API version with '6.1.1.125'
[2026-09-14T13:01:16.288] [DEBUG] debug-file - Change app target API version with '60101024'
[2026-09-14T13:01:16.288] [DEBUG] debug-file - Change app minimum API version with '60101024'
[2026-09-14T13:01:16.288] [DEBUG] debug-file - Use cli appEnvironment
[2026-09-14T13:01:16.291] [DEBUG] debug-file - plugin_system : default@MergeProfile cost memory 0.190399169921875
[2026-09-14T13:01:16.291] [DEBUG] debug-file - runTaskFromQueue task cost before running: 1 s 406 ms 
[2026-09-14T13:01:16.291] [INFO] debug-file - Finished :plugin_system:default@MergeProfile... after 4 ms 
[2026-09-14T13:01:16.292] [DEBUG] debug-file - Executing task :pcb_editor:default@MergeProfile
[2026-09-14T13:01:16.293] [DEBUG] debug-file - Task 'pcb_editor:default@MergeProfile' cost while wrapping incremental declarations: 1 ms 
[2026-09-14T13:01:16.294] [DEBUG] debug-file - pcb_editor:default@MergeProfile is not up-to-date, since the input file 'C:\Projects\ElecDraw_Harmony\build-profile.json5' has been changed.
[2026-09-14T13:01:16.294] [DEBUG] debug-file - Incremental task pcb_editor:default@MergeProfile pre-execution cost: 1 ms .
[2026-09-14T13:01:16.294] [DEBUG] debug-file - Change app api release type with 'Release'
[2026-09-14T13:01:16.294] [DEBUG] debug-file - Change app compile API version with '6.1.1.125'
[2026-09-14T13:01:16.294] [DEBUG] debug-file - Change app target API version with '60101024'
[2026-09-14T13:01:16.294] [DEBUG] debug-file - Change app minimum API version with '60101024'
[2026-09-14T13:01:16.294] [DEBUG] debug-file - Use cli appEnvironment
[2026-09-14T13:01:16.296] [DEBUG] debug-file - pcb_editor : default@MergeProfile cost memory 0.2002105712890625
[2026-09-14T13:01:16.296] [DEBUG] debug-file - runTaskFromQueue task cost before running: 1 s 411 ms 
[2026-09-14T13:01:16.296] [INFO] debug-file - Finished :pcb_editor:default@MergeProfile... after 4 ms 
[2026-09-14T13:01:16.298] [DEBUG] debug-file - Obtain build option for module 'common' target 'default'in this build.
[2026-09-14T13:01:16.298] [DEBUG] debug-file - Obtain build option for module 'schematic_editor' target 'default'in this build.
[2026-09-14T13:01:16.298] [DEBUG] debug-file - Obtain build option for module 'component_library' target 'default'in this build.
[2026-09-14T13:01:16.298] [DEBUG] debug-file - Obtain build option for module 'simulation_kernel' target 'default'in this build.
[2026-09-14T13:01:16.298] [DEBUG] debug-file - Obtain build option for module 'hex_debugger' target 'default'in this build.
[2026-09-14T13:01:16.298] [DEBUG] debug-file - Obtain build option for module 'ai_api_manager' target 'default'in this build.
[2026-09-14T13:01:16.298] [DEBUG] debug-file - Obtain build option for module 'ai_engine' target 'default'in this build.
[2026-09-14T13:01:16.298] [DEBUG] debug-file - Obtain build option for module 'file_persistence' target 'default'in this build.
[2026-09-14T13:01:16.298] [DEBUG] debug-file - Obtain build option for module 'instruments' target 'default'in this build.
[2026-09-14T13:01:16.298] [DEBUG] debug-file - Obtain build option for module 'plugin_system' target 'default'in this build.
[2026-09-14T13:01:16.298] [DEBUG] debug-file - Obtain build option for module 'pcb_editor' target 'default'in this build.
[2026-09-14T13:01:16.298] [DEBUG] debug-file - Obtain build option for module 'agent_bridge' target 'default'in this build.
[2026-09-14T13:01:16.299] [DEBUG] debug-file - Executing task :entry:default@GenerateLoaderJson
[2026-09-14T13:01:16.299] [DEBUG] debug-file - Task 'entry:default@GenerateLoaderJson' cost while wrapping incremental declarations: 1 ms 
[2026-09-14T13:01:16.301] [DEBUG] debug-file - Obtain build option for module 'common' target 'default'in this build.
[2026-09-14T13:01:16.301] [DEBUG] debug-file - Obtain build option for module 'schematic_editor' target 'default'in this build.
[2026-09-14T13:01:16.301] [DEBUG] debug-file - Obtain build option for module 'component_library' target 'default'in this build.
[2026-09-14T13:01:16.301] [DEBUG] debug-file - Obtain build option for module 'simulation_kernel' target 'default'in this build.
[2026-09-14T13:01:16.301] [DEBUG] debug-file - Obtain build option for module 'hex_debugger' target 'default'in this build.
[2026-09-14T13:01:16.301] [DEBUG] debug-file - Obtain build option for module 'ai_api_manager' target 'default'in this build.
[2026-09-14T13:01:16.301] [DEBUG] debug-file - Obtain build option for module 'ai_engine' target 'default'in this build.
[2026-09-14T13:01:16.301] [DEBUG] debug-file - Obtain build option for module 'file_persistence' target 'default'in this build.
[2026-09-14T13:01:16.301] [DEBUG] debug-file - Obtain build option for module 'instruments' target 'default'in this build.
[2026-09-14T13:01:16.301] [DEBUG] debug-file - Obtain build option for module 'plugin_system' target 'default'in this build.
[2026-09-14T13:01:16.301] [DEBUG] debug-file - Obtain build option for module 'pcb_editor' target 'default'in this build.
[2026-09-14T13:01:16.301] [DEBUG] debug-file - Obtain build option for module 'agent_bridge' target 'default'in this build.
[2026-09-14T13:01:16.303] [DEBUG] debug-file - Obtain build option for module 'common' target 'default'in this build.
[2026-09-14T13:01:16.303] [DEBUG] debug-file - Obtain build option for module 'schematic_editor' target 'default'in this build.
[2026-09-14T13:01:16.303] [DEBUG] debug-file - Obtain build option for module 'component_library' target 'default'in this build.
[2026-09-14T13:01:16.303] [DEBUG] debug-file - Obtain build option for module 'simulation_kernel' target 'default'in this build.
[2026-09-14T13:01:16.303] [DEBUG] debug-file - Obtain build option for module 'hex_debugger' target 'default'in this build.
[2026-09-14T13:01:16.303] [DEBUG] debug-file - Obtain build option for module 'ai_api_manager' target 'default'in this build.
[2026-09-14T13:01:16.303] [DEBUG] debug-file - Obtain build option for module 'ai_engine' target 'default'in this build.
[2026-09-14T13:01:16.303] [DEBUG] debug-file - Obtain build option for module 'file_persistence' target 'default'in this build.
[2026-09-14T13:01:16.303] [DEBUG] debug-file - Obtain build option for module 'instruments' target 'default'in this build.
[2026-09-14T13:01:16.303] [DEBUG] debug-file - Obtain build option for module 'plugin_system' target 'default'in this build.
[2026-09-14T13:01:16.303] [DEBUG] debug-file - Obtain build option for module 'pcb_editor' target 'default'in this build.
[2026-09-14T13:01:16.303] [DEBUG] debug-file - Obtain build option for module 'agent_bridge' target 'default'in this build.
[2026-09-14T13:01:16.305] [DEBUG] debug-file - Obtain build option for module 'common' target 'default'in this build.
[2026-09-14T13:01:16.305] [DEBUG] debug-file - Obtain build option for module 'schematic_editor' target 'default'in this build.
[2026-09-14T13:01:16.305] [DEBUG] debug-file - Obtain build option for module 'component_library' target 'default'in this build.
[2026-09-14T13:01:16.305] [DEBUG] debug-file - Obtain build option for module 'simulation_kernel' target 'default'in this build.
[2026-09-14T13:01:16.305] [DEBUG] debug-file - Obtain build option for module 'hex_debugger' target 'default'in this build.
[2026-09-14T13:01:16.305] [DEBUG] debug-file - Obtain build option for module 'ai_api_manager' target 'default'in this build.
[2026-09-14T13:01:16.305] [DEBUG] debug-file - Obtain build option for module 'ai_engine' target 'default'in this build.
[2026-09-14T13:01:16.305] [DEBUG] debug-file - Obtain build option for module 'file_persistence' target 'default'in this build.
[2026-09-14T13:01:16.305] [DEBUG] debug-file - Obtain build option for module 'instruments' target 'default'in this build.
[2026-09-14T13:01:16.305] [DEBUG] debug-file - Obtain build option for module 'plugin_system' target 'default'in this build.
[2026-09-14T13:01:16.306] [DEBUG] debug-file - Obtain build option for module 'pcb_editor' target 'default'in this build.
[2026-09-14T13:01:16.306] [DEBUG] debug-file - Obtain build option for module 'agent_bridge' target 'default'in this build.
[2026-09-14T13:01:16.306] [DEBUG] debug-file - Obtain build option for module 'common' target 'default'in this build.
[2026-09-14T13:01:16.306] [DEBUG] debug-file - Obtain build option for module 'schematic_editor' target 'default'in this build.
[2026-09-14T13:01:16.306] [DEBUG] debug-file - Obtain build option for module 'component_library' target 'default'in this build.
[2026-09-14T13:01:16.307] [DEBUG] debug-file - Obtain build option for module 'simulation_kernel' target 'default'in this build.
[2026-09-14T13:01:16.307] [DEBUG] debug-file - Obtain build option for module 'hex_debugger' target 'default'in this build.
[2026-09-14T13:01:16.307] [DEBUG] debug-file - Obtain build option for module 'ai_api_manager' target 'default'in this build.
[2026-09-14T13:01:16.307] [DEBUG] debug-file - Obtain build option for module 'ai_engine' target 'default'in this build.
[2026-09-14T13:01:16.307] [DEBUG] debug-file - Obtain build option for module 'file_persistence' target 'default'in this build.
[2026-09-14T13:01:16.307] [DEBUG] debug-file - Obtain build option for module 'instruments' target 'default'in this build.
[2026-09-14T13:01:16.307] [DEBUG] debug-file - Obtain build option for module 'plugin_system' target 'default'in this build.
[2026-09-14T13:01:16.307] [DEBUG] debug-file - Obtain build option for module 'pcb_editor' target 'default'in this build.
[2026-09-14T13:01:16.307] [DEBUG] debug-file - Obtain build option for module 'agent_bridge' target 'default'in this build.
[2026-09-14T13:01:16.308] [DEBUG] debug-file - Obtain build option for module 'common' target 'default'in this build.
[2026-09-14T13:01:16.308] [DEBUG] debug-file - Obtain build option for module 'schematic_editor' target 'default'in this build.
[2026-09-14T13:01:16.308] [DEBUG] debug-file - Obtain build option for module 'component_library' target 'default'in this build.
[2026-09-14T13:01:16.308] [DEBUG] debug-file - Obtain build option for module 'simulation_kernel' target 'default'in this build.
[2026-09-14T13:01:16.308] [DEBUG] debug-file - Obtain build option for module 'hex_debugger' target 'default'in this build.
[2026-09-14T13:01:16.308] [DEBUG] debug-file - Obtain build option for module 'ai_api_manager' target 'default'in this build.
[2026-09-14T13:01:16.308] [DEBUG] debug-file - Obtain build option for module 'ai_engine' target 'default'in this build.
[2026-09-14T13:01:16.308] [DEBUG] debug-file - Obtain build option for module 'file_persistence' target 'default'in this build.
[2026-09-14T13:01:16.308] [DEBUG] debug-file - Obtain build option for module 'instruments' target 'default'in this build.
[2026-09-14T13:01:16.308] [DEBUG] debug-file - Obtain build option for module 'plugin_system' target 'default'in this build.
[2026-09-14T13:01:16.308] [DEBUG] debug-file - Obtain build option for module 'pcb_editor' target 'default'in this build.
[2026-09-14T13:01:16.308] [DEBUG] debug-file - Obtain build option for module 'agent_bridge' target 'default'in this build.
[2026-09-14T13:01:16.310] [DEBUG] debug-file - Incremental task entry:default@GenerateLoaderJson pre-execution cost: 7 ms .
[2026-09-14T13:01:16.310] [DEBUG] debug-file - entry : default@GenerateLoaderJson cost memory 1.092559814453125
[2026-09-14T13:01:16.312] [DEBUG] debug-file - Obtain build option for module 'common' target 'default'in this build.
[2026-09-14T13:01:16.312] [DEBUG] debug-file - Obtain build option for module 'schematic_editor' target 'default'in this build.
[2026-09-14T13:01:16.312] [DEBUG] debug-file - Obtain build option for module 'component_library' target 'default'in this build.
[2026-09-14T13:01:16.312] [DEBUG] debug-file - Obtain build option for module 'simulation_kernel' target 'default'in this build.
[2026-09-14T13:01:16.312] [DEBUG] debug-file - Obtain build option for module 'hex_debugger' target 'default'in this build.
[2026-09-14T13:01:16.312] [DEBUG] debug-file - Obtain build option for module 'ai_api_manager' target 'default'in this build.
[2026-09-14T13:01:16.312] [DEBUG] debug-file - Obtain build option for module 'ai_engine' target 'default'in this build.
[2026-09-14T13:01:16.312] [DEBUG] debug-file - Obtain build option for module 'file_persistence' target 'default'in this build.
[2026-09-14T13:01:16.312] [DEBUG] debug-file - Obtain build option for module 'instruments' target 'default'in this build.
[2026-09-14T13:01:16.312] [DEBUG] debug-file - Obtain build option for module 'plugin_system' target 'default'in this build.
[2026-09-14T13:01:16.312] [DEBUG] debug-file - Obtain build option for module 'pcb_editor' target 'default'in this build.
[2026-09-14T13:01:16.312] [DEBUG] debug-file - Obtain build option for module 'agent_bridge' target 'default'in this build.
[2026-09-14T13:01:16.314] [DEBUG] debug-file - Obtain build option for module 'common' target 'default'in this build.
[2026-09-14T13:01:16.314] [DEBUG] debug-file - Obtain build option for module 'schematic_editor' target 'default'in this build.
[2026-09-14T13:01:16.314] [DEBUG] debug-file - Obtain build option for module 'component_library' target 'default'in this build.
[2026-09-14T13:01:16.314] [DEBUG] debug-file - Obtain build option for module 'simulation_kernel' target 'default'in this build.
[2026-09-14T13:01:16.314] [DEBUG] debug-file - Obtain build option for module 'hex_debugger' target 'default'in this build.
[2026-09-14T13:01:16.314] [DEBUG] debug-file - Obtain build option for module 'ai_api_manager' target 'default'in this build.
[2026-09-14T13:01:16.314] [DEBUG] debug-file - Obtain build option for module 'ai_engine' target 'default'in this build.
[2026-09-14T13:01:16.314] [DEBUG] debug-file - Obtain build option for module 'file_persistence' target 'default'in this build.
[2026-09-14T13:01:16.314] [DEBUG] debug-file - Obtain build option for module 'instruments' target 'default'in this build.
[2026-09-14T13:01:16.314] [DEBUG] debug-file - Obtain build option for module 'plugin_system' target 'default'in this build.
[2026-09-14T13:01:16.314] [DEBUG] debug-file - Obtain build option for module 'pcb_editor' target 'default'in this build.
[2026-09-14T13:01:16.314] [DEBUG] debug-file - Obtain build option for module 'agent_bridge' target 'default'in this build.
[2026-09-14T13:01:16.315] [INFO] debug-file - UP-TO-DATE :entry:default@GenerateLoaderJson...  
[2026-09-14T13:01:16.315] [DEBUG] debug-file - Executing task :ai_engine:default@CreateHarBuildProfile
[2026-09-14T13:01:16.316] [DEBUG] debug-file - Task 'ai_engine:default@CreateHarBuildProfile' cost while wrapping incremental declarations: 1 ms 
[2026-09-14T13:01:16.316] [DEBUG] debug-file - ai_engine:default@CreateHarBuildProfile is not up-to-date, since the input file 'C:\Projects\ElecDraw_Harmony\build-profile.json5' has been changed.
[2026-09-14T13:01:16.316] [DEBUG] debug-file - Incremental task ai_engine:default@CreateHarBuildProfile pre-execution cost: 1 ms .
[2026-09-14T13:01:16.317] [DEBUG] debug-file - ai_engine : default@CreateHarBuildProfile cost memory 0.08327484130859375
[2026-09-14T13:01:16.317] [DEBUG] debug-file - runTaskFromQueue task cost before running: 1 s 432 ms 
[2026-09-14T13:01:16.317] [INFO] debug-file - Finished :ai_engine:default@CreateHarBuildProfile... after 2 ms 
[2026-09-14T13:01:16.318] [DEBUG] debug-file - Executing task :agent_bridge:default@CreateHarBuildProfile
[2026-09-14T13:01:16.318] [DEBUG] debug-file - Task 'agent_bridge:default@CreateHarBuildProfile' cost while wrapping incremental declarations: 1 ms 
[2026-09-14T13:01:16.319] [DEBUG] debug-file - agent_bridge:default@CreateHarBuildProfile is not up-to-date, since the input file 'C:\Projects\ElecDraw_Harmony\build-profile.json5' has been changed.
[2026-09-14T13:01:16.319] [DEBUG] debug-file - Incremental task agent_bridge:default@CreateHarBuildProfile pre-execution cost: 1 ms .
[2026-09-14T13:01:16.320] [DEBUG] debug-file - agent_bridge : default@CreateHarBuildProfile cost memory 0.07190704345703125
[2026-09-14T13:01:16.320] [DEBUG] debug-file - runTaskFromQueue task cost before running: 1 s 434 ms 
[2026-09-14T13:01:16.320] [INFO] debug-file - Finished :agent_bridge:default@CreateHarBuildProfile... after 2 ms 
[2026-09-14T13:01:16.321] [DEBUG] debug-file - Executing task :common:default@BuildNativeWithNinja
[2026-09-14T13:01:16.321] [DEBUG] debug-file - common : default@BuildNativeWithNinja cost memory 0.01911163330078125
[2026-09-14T13:01:16.321] [DEBUG] debug-file - runTaskFromQueue task cost before running: 1 s 436 ms 
[2026-09-14T13:01:16.322] [INFO] debug-file - Finished :common:default@BuildNativeWithNinja... after 1 ms 
[2026-09-14T13:01:16.322] [DEBUG] debug-file - Executing task :schematic_editor:default@ConfigureCmake
[2026-09-14T13:01:16.322] [DEBUG] debug-file - schematic_editor : default@ConfigureCmake cost memory 0.013458251953125
[2026-09-14T13:01:16.322] [DEBUG] debug-file - runTaskFromQueue task cost before running: 1 s 437 ms 
[2026-09-14T13:01:16.323] [INFO] debug-file - Finished :schematic_editor:default@ConfigureCmake... after 1 ms 
[2026-09-14T13:01:16.323] [DEBUG] debug-file - Executing task :component_library:default@ConfigureCmake
[2026-09-14T13:01:16.323] [DEBUG] debug-file - component_library : default@ConfigureCmake cost memory 0.013458251953125
[2026-09-14T13:01:16.323] [DEBUG] debug-file - runTaskFromQueue task cost before running: 1 s 438 ms 
[2026-09-14T13:01:16.324] [INFO] debug-file - Finished :component_library:default@ConfigureCmake... after 1 ms 
[2026-09-14T13:01:16.324] [DEBUG] debug-file - Executing task :simulation_kernel:default@ConfigureCmake
[2026-09-14T13:01:16.324] [DEBUG] debug-file - simulation_kernel : default@ConfigureCmake cost memory 0.013458251953125
[2026-09-14T13:01:16.324] [DEBUG] debug-file - runTaskFromQueue task cost before running: 1 s 439 ms 
[2026-09-14T13:01:16.324] [INFO] debug-file - Finished :simulation_kernel:default@ConfigureCmake... after 1 ms 
[2026-09-14T13:01:16.325] [DEBUG] debug-file - Executing task :hex_debugger:default@ConfigureCmake
[2026-09-14T13:01:16.325] [DEBUG] debug-file - hex_debugger : default@ConfigureCmake cost memory 0.0134429931640625
[2026-09-14T13:01:16.325] [DEBUG] debug-file - runTaskFromQueue task cost before running: 1 s 440 ms 
[2026-09-14T13:01:16.325] [INFO] debug-file - Finished :hex_debugger:default@ConfigureCmake... after 1 ms 
[2026-09-14T13:01:16.326] [DEBUG] debug-file - Executing task :ai_api_manager:default@ConfigureCmake
[2026-09-14T13:01:16.326] [DEBUG] debug-file - ai_api_manager : default@ConfigureCmake cost memory 0.013458251953125
[2026-09-14T13:01:16.326] [DEBUG] debug-file - runTaskFromQueue task cost before running: 1 s 441 ms 
[2026-09-14T13:01:16.326] [INFO] debug-file - Finished :ai_api_manager:default@ConfigureCmake... after 1 ms 
[2026-09-14T13:01:16.327] [DEBUG] debug-file - Executing task :file_persistence:default@ConfigureCmake
[2026-09-14T13:01:16.327] [DEBUG] debug-file - file_persistence : default@ConfigureCmake cost memory 0.013458251953125
[2026-09-14T13:01:16.328] [DEBUG] debug-file - runTaskFromQueue task cost before running: 1 s 442 ms 
[2026-09-14T13:01:16.328] [INFO] debug-file - Finished :file_persistence:default@ConfigureCmake... after 1 ms 
[2026-09-14T13:01:16.328] [DEBUG] debug-file - Executing task :instruments:default@ConfigureCmake
[2026-09-14T13:01:16.328] [DEBUG] debug-file - instruments : default@ConfigureCmake cost memory 0.01343536376953125
[2026-09-14T13:01:16.329] [DEBUG] debug-file - runTaskFromQueue task cost before running: 1 s 443 ms 
[2026-09-14T13:01:16.329] [INFO] debug-file - Finished :instruments:default@ConfigureCmake... after 1 ms 
[2026-09-14T13:01:16.329] [DEBUG] debug-file - Executing task :plugin_system:default@ConfigureCmake
[2026-09-14T13:01:16.329] [DEBUG] debug-file - plugin_system : default@ConfigureCmake cost memory 0.01345062255859375
[2026-09-14T13:01:16.329] [DEBUG] debug-file - runTaskFromQueue task cost before running: 1 s 444 ms 
[2026-09-14T13:01:16.329] [INFO] debug-file - Finished :plugin_system:default@ConfigureCmake... after 1 ms 
[2026-09-14T13:01:16.330] [DEBUG] debug-file - Executing task :pcb_editor:default@ConfigureCmake
[2026-09-14T13:01:16.330] [DEBUG] debug-file - pcb_editor : default@ConfigureCmake cost memory 0.01593017578125
[2026-09-14T13:01:16.330] [DEBUG] debug-file - runTaskFromQueue task cost before running: 1 s 445 ms 
[2026-09-14T13:01:16.331] [INFO] debug-file - Finished :pcb_editor:default@ConfigureCmake... after 1 ms 
[2026-09-14T13:01:16.331] [DEBUG] debug-file - Executing task :ai_engine:default@MergeProfile
[2026-09-14T13:01:16.331] [DEBUG] debug-file - Task 'ai_engine:default@MergeProfile' cost while wrapping incremental declarations: 1 ms 
[2026-09-14T13:01:16.333] [DEBUG] debug-file - ai_engine:default@MergeProfile is not up-to-date, since the input file 'C:\Projects\ElecDraw_Harmony\build-profile.json5' has been changed.
[2026-09-14T13:01:16.333] [DEBUG] debug-file - Incremental task ai_engine:default@MergeProfile pre-execution cost: 2 ms .
[2026-09-14T13:01:16.334] [DEBUG] debug-file - Change app api release type with 'Release'
[2026-09-14T13:01:16.334] [DEBUG] debug-file - Change app compile API version with '6.1.1.125'
[2026-09-14T13:01:16.334] [DEBUG] debug-file - Change app target API version with '60101024'
[2026-09-14T13:01:16.334] [DEBUG] debug-file - Change app minimum API version with '60101024'
[2026-09-14T13:01:16.334] [DEBUG] debug-file - Use cli appEnvironment
[2026-09-14T13:01:16.336] [DEBUG] debug-file - ai_engine : default@MergeProfile cost memory 0.22647857666015625
[2026-09-14T13:01:16.336] [DEBUG] debug-file - runTaskFromQueue task cost before running: 1 s 451 ms 
[2026-09-14T13:01:16.336] [INFO] debug-file - Finished :ai_engine:default@MergeProfile... after 5 ms 
[2026-09-14T13:01:16.337] [DEBUG] debug-file - Executing task :agent_bridge:default@MergeProfile
[2026-09-14T13:01:16.337] [DEBUG] debug-file - Task 'agent_bridge:default@MergeProfile' cost while wrapping incremental declarations: 1 ms 
[2026-09-14T13:01:16.339] [DEBUG] debug-file - agent_bridge:default@MergeProfile is not up-to-date, since the input file 'C:\Projects\ElecDraw_Harmony\build-profile.json5' has been changed.
[2026-09-14T13:01:16.339] [DEBUG] debug-file - Incremental task agent_bridge:default@MergeProfile pre-execution cost: 1 ms .
[2026-09-14T13:01:16.339] [DEBUG] debug-file - Change app api release type with 'Release'
[2026-09-14T13:01:16.339] [DEBUG] debug-file - Change app compile API version with '6.1.1.125'
[2026-09-14T13:01:16.339] [DEBUG] debug-file - Change app target API version with '60101024'
[2026-09-14T13:01:16.339] [DEBUG] debug-file - Change app minimum API version with '60101024'
[2026-09-14T13:01:16.339] [DEBUG] debug-file - Use cli appEnvironment
[2026-09-14T13:01:16.341] [DEBUG] debug-file - agent_bridge : default@MergeProfile cost memory 0.22800445556640625
[2026-09-14T13:01:16.341] [DEBUG] debug-file - runTaskFromQueue task cost before running: 1 s 456 ms 
[2026-09-14T13:01:16.341] [INFO] debug-file - Finished :agent_bridge:default@MergeProfile... after 4 ms 
[2026-09-14T13:01:16.343] [DEBUG] debug-file - Executing task :entry:default@CreateBuildProfile
[2026-09-14T13:01:16.343] [DEBUG] debug-file - Task 'entry:default@CreateBuildProfile' cost while wrapping incremental declarations: 1 ms 
[2026-09-14T13:01:16.344] [DEBUG] debug-file - entry:default@CreateBuildProfile is not up-to-date, since the input file 'C:\Projects\ElecDraw_Harmony\build-profile.json5' has been changed.
[2026-09-14T13:01:16.344] [DEBUG] debug-file - Incremental task entry:default@CreateBuildProfile pre-execution cost: 1 ms .
[2026-09-14T13:01:16.345] [DEBUG] debug-file - entry : default@CreateBuildProfile cost memory 0.0947113037109375
[2026-09-14T13:01:16.345] [DEBUG] debug-file - runTaskFromQueue task cost before running: 1 s 460 ms 
[2026-09-14T13:01:16.345] [INFO] debug-file - Finished :entry:default@CreateBuildProfile... after 3 ms 
[2026-09-14T13:01:16.347] [DEBUG] debug-file - Executing task :common:default@ProcessLibs
[2026-09-14T13:01:16.347] [DEBUG] debug-file - common:default@ProcessLibs is not up-to-date, since the input file 'C:\Projects\ElecDraw_Harmony\build-profile.json5' has been changed.
[2026-09-14T13:01:16.348] [DEBUG] debug-file - Incremental task common:default@ProcessLibs pre-execution cost: 1 ms .
[2026-09-14T13:01:16.349] [DEBUG] debug-file - Worker dispatch failed, running processLibs on main thread.
[2026-09-14T13:01:16.350] [DEBUG] debug-file - common : default@ProcessLibs cost memory 0.2845001220703125
[2026-09-14T13:01:16.350] [DEBUG] debug-file - runTaskFromQueue task cost before running: 1 s 465 ms 
[2026-09-14T13:01:16.351] [INFO] debug-file - Finished :common:default@ProcessLibs... after 4 ms 
[2026-09-14T13:01:16.351] [DEBUG] debug-file - Executing task :schematic_editor:default@BuildNativeWithCmake
[2026-09-14T13:01:16.352] [DEBUG] debug-file - schematic_editor : default@BuildNativeWithCmake cost memory 0.01348876953125
[2026-09-14T13:01:16.352] [DEBUG] debug-file - runTaskFromQueue task cost before running: 1 s 466 ms 
[2026-09-14T13:01:16.352] [INFO] debug-file - Finished :schematic_editor:default@BuildNativeWithCmake... after 1 ms 
[2026-09-14T13:01:16.352] [DEBUG] debug-file - Executing task :component_library:default@BuildNativeWithCmake
[2026-09-14T13:01:16.353] [DEBUG] debug-file - component_library : default@BuildNativeWithCmake cost memory 0.01348876953125
[2026-09-14T13:01:16.353] [DEBUG] debug-file - runTaskFromQueue task cost before running: 1 s 468 ms 
[2026-09-14T13:01:16.353] [INFO] debug-file - Finished :component_library:default@BuildNativeWithCmake... after 1 ms 
[2026-09-14T13:01:16.354] [DEBUG] debug-file - Executing task :simulation_kernel:default@BuildNativeWithCmake
[2026-09-14T13:01:16.354] [DEBUG] debug-file - simulation_kernel : default@BuildNativeWithCmake cost memory 0.0199737548828125
[2026-09-14T13:01:16.354] [DEBUG] debug-file - runTaskFromQueue task cost before running: 1 s 469 ms 
[2026-09-14T13:01:16.354] [INFO] debug-file - Finished :simulation_kernel:default@BuildNativeWithCmake... after 1 ms 
[2026-09-14T13:01:16.355] [DEBUG] debug-file - Executing task :hex_debugger:default@BuildNativeWithCmake
[2026-09-14T13:01:16.356] [DEBUG] debug-file - hex_debugger : default@BuildNativeWithCmake cost memory 0.01346588134765625
[2026-09-14T13:01:16.356] [DEBUG] debug-file - runTaskFromQueue task cost before running: 1 s 471 ms 
[2026-09-14T13:01:16.356] [INFO] debug-file - Finished :hex_debugger:default@BuildNativeWithCmake... after 1 ms 
[2026-09-14T13:01:16.357] [DEBUG] debug-file - Executing task :ai_api_manager:default@BuildNativeWithCmake
[2026-09-14T13:01:16.357] [DEBUG] debug-file - ai_api_manager : default@BuildNativeWithCmake cost memory 0.0134735107421875
[2026-09-14T13:01:16.357] [DEBUG] debug-file - runTaskFromQueue task cost before running: 1 s 472 ms 
[2026-09-14T13:01:16.357] [INFO] debug-file - Finished :ai_api_manager:default@BuildNativeWithCmake... after 1 ms 
[2026-09-14T13:01:16.358] [DEBUG] debug-file - Executing task :file_persistence:default@BuildNativeWithCmake
[2026-09-14T13:01:16.358] [DEBUG] debug-file - file_persistence : default@BuildNativeWithCmake cost memory 0.01348876953125
[2026-09-14T13:01:16.358] [DEBUG] debug-file - runTaskFromQueue task cost before running: 1 s 473 ms 
[2026-09-14T13:01:16.358] [INFO] debug-file - Finished :file_persistence:default@BuildNativeWithCmake... after 1 ms 
[2026-09-14T13:01:16.359] [DEBUG] debug-file - Executing task :instruments:default@BuildNativeWithCmake
[2026-09-14T13:01:16.359] [DEBUG] debug-file - instruments : default@BuildNativeWithCmake cost memory 0.013458251953125
[2026-09-14T13:01:16.359] [DEBUG] debug-file - runTaskFromQueue task cost before running: 1 s 474 ms 
[2026-09-14T13:01:16.359] [INFO] debug-file - Finished :instruments:default@BuildNativeWithCmake... after 1 ms 
[2026-09-14T13:01:16.360] [DEBUG] debug-file - Executing task :plugin_system:default@BuildNativeWithCmake
[2026-09-14T13:01:16.360] [DEBUG] debug-file - plugin_system : default@BuildNativeWithCmake cost memory 0.013519287109375
[2026-09-14T13:01:16.360] [DEBUG] debug-file - runTaskFromQueue task cost before running: 1 s 475 ms 
[2026-09-14T13:01:16.360] [INFO] debug-file - Finished :plugin_system:default@BuildNativeWithCmake... after 1 ms 
[2026-09-14T13:01:16.361] [DEBUG] debug-file - Executing task :pcb_editor:default@BuildNativeWithCmake
[2026-09-14T13:01:16.361] [DEBUG] debug-file - pcb_editor : default@BuildNativeWithCmake cost memory 0.01596832275390625
[2026-09-14T13:01:16.361] [DEBUG] debug-file - runTaskFromQueue task cost before running: 1 s 476 ms 
[2026-09-14T13:01:16.361] [INFO] debug-file - Finished :pcb_editor:default@BuildNativeWithCmake... after 1 ms 
[2026-09-14T13:01:16.362] [DEBUG] debug-file - Executing task :entry:default@MergeProfile
[2026-09-14T13:01:16.364] [DEBUG] debug-file - Task 'entry:default@MergeProfile' cost while wrapping incremental declarations: 1 ms 
[2026-09-14T13:01:16.367] [DEBUG] debug-file - entry:default@MergeProfile is not up-to-date, since the input file 'C:\Projects\ElecDraw_Harmony\build-profile.json5' has been changed.
[2026-09-14T13:01:16.368] [DEBUG] debug-file - Incremental task entry:default@MergeProfile pre-execution cost: 3 ms .
[2026-09-14T13:01:16.368] [DEBUG] debug-file - Change app api release type with 'Release'
[2026-09-14T13:01:16.368] [DEBUG] debug-file - Change app compile API version with '6.1.1.125'
[2026-09-14T13:01:16.368] [DEBUG] debug-file - Change app target API version with '60101024'
[2026-09-14T13:01:16.368] [DEBUG] debug-file - Change app minimum API version with '60101024'
[2026-09-14T13:01:16.368] [DEBUG] debug-file - Use cli appEnvironment
[2026-09-14T13:01:16.376] [DEBUG] debug-file - entry : default@MergeProfile cost memory 0.7923965454101562
[2026-09-14T13:01:16.377] [DEBUG] debug-file - runTaskFromQueue task cost before running: 1 s 491 ms 
[2026-09-14T13:01:16.377] [INFO] debug-file - Finished :entry:default@MergeProfile... after 15 ms 
[2026-09-14T13:01:16.379] [DEBUG] debug-file - Executing task :common:default@DoNativeStrip
[2026-09-14T13:01:16.379] [DEBUG] debug-file - File: 'C:\Projects\ElecDraw_Harmony\common\build\default\intermediates\binxo\default' from 'doBinxoNativeLibs' is not exists, just ignore.
[2026-09-14T13:01:16.379] [DEBUG] debug-file - Task 'common:default@DoNativeStrip' cost while wrapping incremental declarations: 1 ms 
[2026-09-14T13:01:16.380] [DEBUG] debug-file - Incremental task common:default@DoNativeStrip pre-execution cost: 1 ms .
[2026-09-14T13:01:16.380] [DEBUG] debug-file - common : default@DoNativeStrip cost memory 0.085693359375
[2026-09-14T13:01:16.380] [INFO] debug-file - UP-TO-DATE :common:default@DoNativeStrip...  
[2026-09-14T13:01:16.380] [DEBUG] debug-file - Executing task :ai_engine:default@ConfigureCmake
[2026-09-14T13:01:16.381] [DEBUG] debug-file - ai_engine : default@ConfigureCmake cost memory 0.0159149169921875
[2026-09-14T13:01:16.381] [DEBUG] debug-file - runTaskFromQueue task cost before running: 1 s 495 ms 
[2026-09-14T13:01:16.381] [INFO] debug-file - Finished :ai_engine:default@ConfigureCmake... after 1 ms 
[2026-09-14T13:01:16.381] [DEBUG] debug-file - Executing task :agent_bridge:default@ConfigureCmake
[2026-09-14T13:01:16.381] [DEBUG] debug-file - agent_bridge : default@ConfigureCmake cost memory 0.0134429931640625
[2026-09-14T13:01:16.381] [DEBUG] debug-file - runTaskFromQueue task cost before running: 1 s 496 ms 
[2026-09-14T13:01:16.381] [INFO] debug-file - Finished :agent_bridge:default@ConfigureCmake... after 1 ms 
[2026-09-14T13:01:16.382] [DEBUG] debug-file - Executing task :entry:default@MakePackInfo
[2026-09-14T13:01:16.383] [DEBUG] debug-file - entry:default@MakePackInfo is not up-to-date, since the input file 'C:\Projects\ElecDraw_Harmony\build-profile.json5' has been changed.
[2026-09-14T13:01:16.384] [DEBUG] debug-file - Incremental task entry:default@MakePackInfo pre-execution cost: 1 ms .
[2026-09-14T13:01:16.384] [DEBUG] debug-file - Module Pack Info:  {
  summary: {
    app: { bundleName: 'c***m', bundleType: 'app', version: [Object] },
    modules: [ [Object] ]
  },
  packages: [
    {
      deviceType: [Array],
      moduleType: 'entry',
      deliveryWithInstall: true,
      name: 'entry-default'
    }
  ]
}
[2026-09-14T13:01:16.385] [DEBUG] debug-file - entry : default@MakePackInfo cost memory 0.14537811279296875
[2026-09-14T13:01:16.385] [DEBUG] debug-file - runTaskFromQueue task cost before running: 1 s 500 ms 
[2026-09-14T13:01:16.386] [INFO] debug-file - Finished :entry:default@MakePackInfo... after 3 ms 
[2026-09-14T13:01:16.387] [DEBUG] debug-file - Executing task :entry:default@ProcessProfile
[2026-09-14T13:01:16.388] [DEBUG] debug-file - Task 'entry:default@ProcessProfile' cost while wrapping incremental declarations: 1 ms 
[2026-09-14T13:01:16.388] [DEBUG] debug-file - entry:default@ProcessProfile is not up-to-date, since the input file 'C:\Projects\ElecDraw_Harmony\entry\build\default\intermediates\merge_profile\default\module.json' has been changed.
[2026-09-14T13:01:16.389] [DEBUG] debug-file - Incremental task entry:default@ProcessProfile pre-execution cost: 1 ms .
[2026-09-14T13:01:16.391] [DEBUG] debug-file - [
  'C:\\Program Files\\Huawei\\DevEco Studio\\tools\\node\\node.exe',
  'C:\\Program Files\\Huawei\\DevEco Studio\\sdk\\default\\openharmony\\ets\\build-tools\\ets-loader\\bin\\ark\\ts2abc.js',
  '--target-api-version',
  '24'
]
[2026-09-14T13:01:16.682] [DEBUG] debug-file - 24.0.0.0
[2026-09-14T13:01:16.683] [DEBUG] debug-file - No need to add fake ui ability because of not in preview process.
[2026-09-14T13:01:16.684] [DEBUG] debug-file - entry : default@ProcessProfile cost memory 0.44464111328125
[2026-09-14T13:01:16.684] [DEBUG] debug-file - runTaskFromQueue task cost before running: 1 s 799 ms 
[2026-09-14T13:01:16.684] [INFO] debug-file - Finished :entry:default@ProcessProfile... after 297 ms 
[2026-09-14T13:01:16.685] [DEBUG] debug-file - Executing task :schematic_editor:default@BuildNativeWithNinja
[2026-09-14T13:01:16.685] [DEBUG] debug-file - schematic_editor : default@BuildNativeWithNinja cost memory 0.02017974853515625
[2026-09-14T13:01:16.685] [DEBUG] debug-file - runTaskFromQueue task cost before running: 1 s 800 ms 
[2026-09-14T13:01:16.686] [INFO] debug-file - Finished :schematic_editor:default@BuildNativeWithNinja... after 1 ms 
[2026-09-14T13:01:16.686] [DEBUG] debug-file - Executing task :component_library:default@BuildNativeWithNinja
[2026-09-14T13:01:16.687] [DEBUG] debug-file - component_library : default@BuildNativeWithNinja cost memory 0.02022552490234375
[2026-09-14T13:01:16.687] [DEBUG] debug-file - runTaskFromQueue task cost before running: 1 s 801 ms 
[2026-09-14T13:01:16.687] [INFO] debug-file - Finished :component_library:default@BuildNativeWithNinja... after 1 ms 
[2026-09-14T13:01:16.687] [DEBUG] debug-file - Executing task :simulation_kernel:default@BuildNativeWithNinja
[2026-09-14T13:01:16.688] [DEBUG] debug-file - simulation_kernel : default@BuildNativeWithNinja cost memory 0.02022552490234375
[2026-09-14T13:01:16.688] [DEBUG] debug-file - runTaskFromQueue task cost before running: 1 s 802 ms 
[2026-09-14T13:01:16.688] [INFO] debug-file - Finished :simulation_kernel:default@BuildNativeWithNinja... after 1 ms 
[2026-09-14T13:01:16.688] [DEBUG] debug-file - Executing task :hex_debugger:default@BuildNativeWithNinja
[2026-09-14T13:01:16.688] [DEBUG] debug-file - hex_debugger : default@BuildNativeWithNinja cost memory 0.02010345458984375
[2026-09-14T13:01:16.689] [DEBUG] debug-file - runTaskFromQueue task cost before running: 1 s 803 ms 
[2026-09-14T13:01:16.689] [INFO] debug-file - Finished :hex_debugger:default@BuildNativeWithNinja... after 1 ms 
[2026-09-14T13:01:16.689] [DEBUG] debug-file - Executing task :ai_api_manager:default@BuildNativeWithNinja
[2026-09-14T13:01:16.690] [DEBUG] debug-file - ai_api_manager : default@BuildNativeWithNinja cost memory 0.0201263427734375
[2026-09-14T13:01:16.690] [DEBUG] debug-file - runTaskFromQueue task cost before running: 1 s 804 ms 
[2026-09-14T13:01:16.690] [INFO] debug-file - Finished :ai_api_manager:default@BuildNativeWithNinja... after 1 ms 
[2026-09-14T13:01:16.690] [DEBUG] debug-file - Executing task :file_persistence:default@BuildNativeWithNinja
[2026-09-14T13:01:16.691] [DEBUG] debug-file - file_persistence : default@BuildNativeWithNinja cost memory 0.02017974853515625
[2026-09-14T13:01:16.691] [DEBUG] debug-file - runTaskFromQueue task cost before running: 1 s 806 ms 
[2026-09-14T13:01:16.691] [INFO] debug-file - Finished :file_persistence:default@BuildNativeWithNinja... after 1 ms 
[2026-09-14T13:01:16.691] [DEBUG] debug-file - Executing task :instruments:default@BuildNativeWithNinja
[2026-09-14T13:01:16.692] [DEBUG] debug-file - instruments : default@BuildNativeWithNinja cost memory 0.02013397216796875
[2026-09-14T13:01:16.692] [DEBUG] debug-file - runTaskFromQueue task cost before running: 1 s 807 ms 
[2026-09-14T13:01:16.692] [INFO] debug-file - Finished :instruments:default@BuildNativeWithNinja... after 1 ms 
[2026-09-14T13:01:16.692] [DEBUG] debug-file - Executing task :plugin_system:default@BuildNativeWithNinja
[2026-09-14T13:01:16.693] [DEBUG] debug-file - plugin_system : default@BuildNativeWithNinja cost memory 0.02014923095703125
[2026-09-14T13:01:16.693] [DEBUG] debug-file - runTaskFromQueue task cost before running: 1 s 808 ms 
[2026-09-14T13:01:16.693] [INFO] debug-file - Finished :plugin_system:default@BuildNativeWithNinja... after 1 ms 
[2026-09-14T13:01:16.693] [DEBUG] debug-file - Executing task :pcb_editor:default@BuildNativeWithNinja
[2026-09-14T13:01:16.694] [DEBUG] debug-file - pcb_editor : default@BuildNativeWithNinja cost memory 0.02260589599609375
[2026-09-14T13:01:16.694] [DEBUG] debug-file - runTaskFromQueue task cost before running: 1 s 809 ms 
[2026-09-14T13:01:16.694] [INFO] debug-file - Finished :pcb_editor:default@BuildNativeWithNinja... after 1 ms 
[2026-09-14T13:01:16.695] [DEBUG] debug-file - Executing task :ai_engine:default@BuildNativeWithCmake
[2026-09-14T13:01:16.695] [DEBUG] debug-file - ai_engine : default@BuildNativeWithCmake cost memory 0.015960693359375
[2026-09-14T13:01:16.695] [DEBUG] debug-file - runTaskFromQueue task cost before running: 1 s 810 ms 
[2026-09-14T13:01:16.695] [INFO] debug-file - Finished :ai_engine:default@BuildNativeWithCmake... after 1 ms 
[2026-09-14T13:01:16.695] [DEBUG] debug-file - Executing task :agent_bridge:default@BuildNativeWithCmake
[2026-09-14T13:01:16.695] [DEBUG] debug-file - agent_bridge : default@BuildNativeWithCmake cost memory 0.01560211181640625
[2026-09-14T13:01:16.696] [DEBUG] debug-file - runTaskFromQueue task cost before running: 1 s 810 ms 
[2026-09-14T13:01:16.696] [INFO] debug-file - Finished :agent_bridge:default@BuildNativeWithCmake... after 1 ms 
[2026-09-14T13:01:16.697] [DEBUG] debug-file - restool module names: entry,common,schematic_editor,component_library,simulation_kernel,hex_debugger,ai_engine,ai_api_manager,file_persistence,instruments,plugin_system,pcb_editor,agent_bridge; moduleName=entry, taskName=default@ProcessResource
[2026-09-14T13:01:16.700] [DEBUG] debug-file - Executing task :entry:default@ProcessResource
[2026-09-14T13:01:16.701] [DEBUG] debug-file - Task 'entry:default@ProcessResource' cost while wrapping incremental declarations: 1 ms 
[2026-09-14T13:01:16.701] [DEBUG] debug-file - Incremental task entry:default@ProcessResource pre-execution cost: 1 ms .
[2026-09-14T13:01:16.702] [DEBUG] debug-file - entry : default@ProcessResource cost memory 0.1307373046875
[2026-09-14T13:01:16.703] [INFO] debug-file - UP-TO-DATE :entry:default@ProcessResource...  
[2026-09-14T13:01:16.704] [DEBUG] debug-file - Executing task :schematic_editor:default@ProcessLibs
[2026-09-14T13:01:16.705] [DEBUG] debug-file - schematic_editor:default@ProcessLibs is not up-to-date, since the input file 'C:\Projects\ElecDraw_Harmony\build-profile.json5' has been changed.
[2026-09-14T13:01:16.705] [DEBUG] debug-file - Incremental task schematic_editor:default@ProcessLibs pre-execution cost: 1 ms .
[2026-09-14T13:01:16.707] [DEBUG] debug-file - Worker dispatch failed, running processLibs on main thread.
[2026-09-14T13:01:16.708] [DEBUG] debug-file - schematic_editor : default@ProcessLibs cost memory 0.28879547119140625
[2026-09-14T13:01:16.708] [DEBUG] debug-file - runTaskFromQueue task cost before running: 1 s 823 ms 
[2026-09-14T13:01:16.708] [INFO] debug-file - Finished :schematic_editor:default@ProcessLibs... after 4 ms 
[2026-09-14T13:01:16.709] [DEBUG] debug-file - Executing task :component_library:default@ProcessLibs
[2026-09-14T13:01:16.710] [DEBUG] debug-file - component_library:default@ProcessLibs is not up-to-date, since the input file 'C:\Projects\ElecDraw_Harmony\build-profile.json5' has been changed.
[2026-09-14T13:01:16.710] [DEBUG] debug-file - Incremental task component_library:default@ProcessLibs pre-execution cost: 1 ms .
[2026-09-14T13:01:16.711] [DEBUG] debug-file - Worker dispatch failed, running processLibs on main thread.
[2026-09-14T13:01:16.712] [DEBUG] debug-file - component_library : default@ProcessLibs cost memory 0.2927093505859375
[2026-09-14T13:01:16.712] [DEBUG] debug-file - runTaskFromQueue task cost before running: 1 s 827 ms 
[2026-09-14T13:01:16.712] [INFO] debug-file - Finished :component_library:default@ProcessLibs... after 3 ms 
[2026-09-14T13:01:16.713] [DEBUG] debug-file - Executing task :simulation_kernel:default@ProcessLibs
[2026-09-14T13:01:16.714] [DEBUG] debug-file - simulation_kernel:default@ProcessLibs is not up-to-date, since the input file 'C:\Projects\ElecDraw_Harmony\build-profile.json5' has been changed.
[2026-09-14T13:01:16.714] [DEBUG] debug-file - Incremental task simulation_kernel:default@ProcessLibs pre-execution cost: 1 ms .
[2026-09-14T13:01:16.715] [DEBUG] debug-file - Worker dispatch failed, running processLibs on main thread.
[2026-09-14T13:01:16.716] [DEBUG] debug-file - simulation_kernel : default@ProcessLibs cost memory 0.2978363037109375
[2026-09-14T13:01:16.716] [DEBUG] debug-file - runTaskFromQueue task cost before running: 1 s 830 ms 
[2026-09-14T13:01:16.716] [INFO] debug-file - Finished :simulation_kernel:default@ProcessLibs... after 3 ms 
[2026-09-14T13:01:16.717] [DEBUG] debug-file - Executing task :hex_debugger:default@ProcessLibs
[2026-09-14T13:01:16.718] [DEBUG] debug-file - hex_debugger:default@ProcessLibs is not up-to-date, since the input file 'C:\Projects\ElecDraw_Harmony\build-profile.json5' has been changed.
[2026-09-14T13:01:16.718] [DEBUG] debug-file - Incremental task hex_debugger:default@ProcessLibs pre-execution cost: 1 ms .
[2026-09-14T13:01:16.719] [DEBUG] debug-file - Worker dispatch failed, running processLibs on main thread.
[2026-09-14T13:01:16.720] [DEBUG] debug-file - hex_debugger : default@ProcessLibs cost memory 0.29659271240234375
[2026-09-14T13:01:16.720] [DEBUG] debug-file - runTaskFromQueue task cost before running: 1 s 834 ms 
[2026-09-14T13:01:16.720] [INFO] debug-file - Finished :hex_debugger:default@ProcessLibs... after 3 ms 
[2026-09-14T13:01:16.721] [DEBUG] debug-file - Executing task :ai_api_manager:default@ProcessLibs
[2026-09-14T13:01:16.721] [DEBUG] debug-file - ai_api_manager:default@ProcessLibs is not up-to-date, since the input file 'C:\Projects\ElecDraw_Harmony\build-profile.json5' has been changed.
[2026-09-14T13:01:16.721] [DEBUG] debug-file - Incremental task ai_api_manager:default@ProcessLibs pre-execution cost: 1 ms .
[2026-09-14T13:01:16.723] [DEBUG] debug-file - Worker dispatch failed, running processLibs on main thread.
[2026-09-14T13:01:16.723] [DEBUG] debug-file - ai_api_manager : default@ProcessLibs cost memory 0.2993927001953125
[2026-09-14T13:01:16.723] [DEBUG] debug-file - runTaskFromQueue task cost before running: 1 s 838 ms 
[2026-09-14T13:01:16.724] [INFO] debug-file - Finished :ai_api_manager:default@ProcessLibs... after 3 ms 
[2026-09-14T13:01:16.724] [DEBUG] debug-file - Executing task :file_persistence:default@ProcessLibs
[2026-09-14T13:01:16.725] [DEBUG] debug-file - file_persistence:default@ProcessLibs is not up-to-date, since the input file 'C:\Projects\ElecDraw_Harmony\build-profile.json5' has been changed.
[2026-09-14T13:01:16.725] [DEBUG] debug-file - Incremental task file_persistence:default@ProcessLibs pre-execution cost: 1 ms .
[2026-09-14T13:01:16.726] [DEBUG] debug-file - Worker dispatch failed, running processLibs on main thread.
[2026-09-14T13:01:16.727] [DEBUG] debug-file - file_persistence : default@ProcessLibs cost memory 0.30091094970703125
[2026-09-14T13:01:16.727] [DEBUG] debug-file - runTaskFromQueue task cost before running: 1 s 842 ms 
[2026-09-14T13:01:16.727] [INFO] debug-file - Finished :file_persistence:default@ProcessLibs... after 3 ms 
[2026-09-14T13:01:16.728] [DEBUG] debug-file - Executing task :instruments:default@ProcessLibs
[2026-09-14T13:01:16.729] [DEBUG] debug-file - instruments:default@ProcessLibs is not up-to-date, since the input file 'C:\Projects\ElecDraw_Harmony\build-profile.json5' has been changed.
[2026-09-14T13:01:16.729] [DEBUG] debug-file - Incremental task instruments:default@ProcessLibs pre-execution cost: 1 ms .
[2026-09-14T13:01:16.730] [DEBUG] debug-file - Worker dispatch failed, running processLibs on main thread.
[2026-09-14T13:01:16.731] [DEBUG] debug-file - instruments : default@ProcessLibs cost memory 0.29290771484375
[2026-09-14T13:01:16.731] [DEBUG] debug-file - runTaskFromQueue task cost before running: 1 s 846 ms 
[2026-09-14T13:01:16.731] [INFO] debug-file - Finished :instruments:default@ProcessLibs... after 3 ms 
[2026-09-14T13:01:16.732] [DEBUG] debug-file - Executing task :plugin_system:default@ProcessLibs
[2026-09-14T13:01:16.732] [DEBUG] debug-file - plugin_system:default@ProcessLibs is not up-to-date, since the input file 'C:\Projects\ElecDraw_Harmony\build-profile.json5' has been changed.
[2026-09-14T13:01:16.732] [DEBUG] debug-file - Incremental task plugin_system:default@ProcessLibs pre-execution cost: 1 ms .
[2026-09-14T13:01:16.735] [DEBUG] debug-file - Worker dispatch failed, running processLibs on main thread.
[2026-09-14T13:01:16.736] [DEBUG] debug-file - plugin_system : default@ProcessLibs cost memory 0.29921722412109375
[2026-09-14T13:01:16.736] [DEBUG] debug-file - runTaskFromQueue task cost before running: 1 s 851 ms 
[2026-09-14T13:01:16.737] [INFO] debug-file - Finished :plugin_system:default@ProcessLibs... after 5 ms 
[2026-09-14T13:01:16.737] [DEBUG] debug-file - Executing task :pcb_editor:default@ProcessLibs
[2026-09-14T13:01:16.738] [DEBUG] debug-file - pcb_editor:default@ProcessLibs is not up-to-date, since the input file 'C:\Projects\ElecDraw_Harmony\build-profile.json5' has been changed.
[2026-09-14T13:01:16.738] [DEBUG] debug-file - Incremental task pcb_editor:default@ProcessLibs pre-execution cost: 1 ms .
[2026-09-14T13:01:16.740] [DEBUG] debug-file - Worker dispatch failed, running processLibs on main thread.
[2026-09-14T13:01:16.740] [DEBUG] debug-file - pcb_editor : default@ProcessLibs cost memory 0.3050994873046875
[2026-09-14T13:01:16.740] [DEBUG] debug-file - runTaskFromQueue task cost before running: 1 s 855 ms 
[2026-09-14T13:01:16.741] [INFO] debug-file - Finished :pcb_editor:default@ProcessLibs... after 4 ms 
[2026-09-14T13:01:16.744] [DEBUG] debug-file - Executing task :entry:default@ConfigureCmake
[2026-09-14T13:01:16.744] [DEBUG] debug-file - entry : default@ConfigureCmake cost memory 0.01342010498046875
[2026-09-14T13:01:16.744] [DEBUG] debug-file - runTaskFromQueue task cost before running: 1 s 859 ms 
[2026-09-14T13:01:16.744] [INFO] debug-file - Finished :entry:default@ConfigureCmake... after 1 ms 
[2026-09-14T13:01:16.745] [DEBUG] debug-file - restool module names: entry,common,schematic_editor,component_library,simulation_kernel,hex_debugger,ai_engine,ai_api_manager,file_persistence,instruments,plugin_system,pcb_editor,agent_bridge; moduleName=entry, taskName=default@CompileResource
[2026-09-14T13:01:16.748] [DEBUG] debug-file - Executing task :entry:default@CompileResource
[2026-09-14T13:01:16.816] [DEBUG] debug-file - entry:default@CompileResource is not up-to-date, since the input file 'C:\Projects\ElecDraw_Harmony\entry\build\default\intermediates\process_profile\default\module.json' has been changed.
[2026-09-14T13:01:16.817] [DEBUG] debug-file - Incremental task entry:default@CompileResource pre-execution cost: 68 ms .
[2026-09-14T13:01:16.821] [DEBUG] debug-file - Use tool [C:\Program Files\Huawei\DevEco Studio\sdk\default\openharmony\toolchains\restool.exe]
 [
  'C:\\Program Files\\Huawei\\DevEco Studio\\sdk\\default\\openharmony\\toolchains\\restool.exe',
  '-l',
  'C:\\Projects\\ElecDraw_Harmony\\entry\\build\\default\\intermediates\\res\\default\\resConfig.json'
]
[2026-09-14T13:01:16.822] [DEBUG] debug-file - current process  memoryUsage: {
  rss: 389435392,
  heapTotal: 186675200,
  heapUsed: 143908224,
  external: 3566667,
  arrayBuffers: 419188
} os memoryUsage :14.836406707763672
[2026-09-14T13:01:16.903] [DEBUG] debug-file - Info: Pack: normal pack mode

[2026-09-14T13:01:17.061] [DEBUG] debug-file - Info: hardware concurrency count is : 16
Info: thread count is : 16

[2026-09-14T13:01:17.062] [DEBUG] debug-file - Info: thread pool is started

[2026-09-14T13:01:17.063] [DEBUG] debug-file - Info: GenericCompiler::CompileFiles

[2026-09-14T13:01:17.072] [DEBUG] debug-file - Info: GenericCompiler::CompileFiles

[2026-09-14T13:01:17.076] [DEBUG] debug-file - Info: GenericCompiler::CompileFiles

[2026-09-14T13:01:17.091] [DEBUG] debug-file - 09-14 13:01:17.091  1264  3268 E C01400/ImageTranscoderUtils: DecodeToRGBA IN
09-14 13:01:17.091  1264  3268 E C01400/ImageTranscoderUtils: ImageFilter IN C:\Projects\ElecDraw_Harmony\AppScope\resources\base\media\app_icon.png

[2026-09-14T13:01:17.097] [DEBUG] debug-file - 09-14 13:01:17.097  1264  3268 E C01400/ImageTranscoder: TranscodeSLR ScalePixelsWithSLR failed

[2026-09-14T13:01:17.097] [DEBUG] debug-file - Warning: ScaleImage failed, file path = C:\Projects\ElecDraw_Harmony\AppScope\resources\base\media\app_icon.png

[2026-09-14T13:01:17.099] [DEBUG] debug-file - 09-14 13:01:17.099  1264  3268 E C01400/ImageTranscoderUtils: DecodeToRGBA IN

[2026-09-14T13:01:17.099] [DEBUG] debug-file - 09-14 13:01:17.099  1264  3268 E C01400/ImageTranscoderUtils: ImageFilter IN C:\Projects\ElecDraw_Harmony\entry\src\main\resources\base\media\background.png

[2026-09-14T13:01:17.101] [DEBUG] debug-file - 09-14 13:01:17.101  1264  3268 E C01400/ImageTranscoder: TranscodeSLR ScalePixelsWithSLR failed

[2026-09-14T13:01:17.101] [DEBUG] debug-file - Warning: ScaleImage failed, file path = C:\Projects\ElecDraw_Harmony\entry\src\main\resources\base\media\background.png

[2026-09-14T13:01:17.103] [DEBUG] debug-file - 09-14 13:01:17.103  1264  3268 E C01400/ImageTranscoderUtils: DecodeToRGBA IN
09-14 13:01:17.103  1264  3268 E C01400/ImageTranscoderUtils: ImageFilter IN C:\Projects\ElecDraw_Harmony\entry\src\main\resources\base\media\foreground.png

[2026-09-14T13:01:17.108] [DEBUG] debug-file - 09-14 13:01:17.108  1264  3268 E C01400/ImageTranscoder: TranscodeSLR ScalePixelsWithSLR failed

[2026-09-14T13:01:17.109] [DEBUG] debug-file - Warning: ScaleImage failed, file path = C:\Projects\ElecDraw_Harmony\entry\src\main\resources\base\media\foreground.png

[2026-09-14T13:01:17.109] [DEBUG] debug-file - Info: can't scale media json file.

[2026-09-14T13:01:17.110] [DEBUG] debug-file - Warning: The width or height of the png file referenced by the icon exceeds the limit (41 pixels)
at C:\Projects\ElecDraw_Harmony\AppScope\resources\base\media\app_icon.png

[2026-09-14T13:01:17.110] [DEBUG] debug-file - Warning: The width or height of the png file referenced by the icon exceeds the limit (41 pixels)
at C:\Projects\ElecDraw_Harmony\entry\src\main\resources\base\media\background.png

[2026-09-14T13:01:17.110] [DEBUG] debug-file - Warning: The width or height of the png file referenced by the icon exceeds the limit (41 pixels)
at C:\Projects\ElecDraw_Harmony\entry\src\main\resources\base\media\foreground.png
Warning: C:\Projects\ElecDraw_Harmony\entry\src\main\resources\base\media\layered_image.json is not png format

[2026-09-14T13:01:17.127] [DEBUG] debug-file - Info: file '.gitkeep' is ignored by default filename pattern '\..+'.

[2026-09-14T13:01:17.145] [DEBUG] debug-file - Info: restool resources compile success.

[2026-09-14T13:01:17.145] [DEBUG] debug-file - Info: thread pool is stopped

[2026-09-14T13:01:17.210] [DEBUG] debug-file - entry : default@CompileResource cost memory 3.365814208984375
[2026-09-14T13:01:17.211] [DEBUG] debug-file - runTaskFromQueue task cost before running: 2 s 325 ms 
[2026-09-14T13:01:17.212] [INFO] debug-file - Finished :entry:default@CompileResource... after 463 ms 
[2026-09-14T13:01:17.212] [DEBUG] debug-file - Executing task :schematic_editor:default@DoNativeStrip
[2026-09-14T13:01:17.212] [DEBUG] debug-file - File: 'C:\Projects\ElecDraw_Harmony\features\schematic_editor\build\default\intermediates\binxo\default' from 'doBinxoNativeLibs' is not exists, just ignore.
[2026-09-14T13:01:17.213] [DEBUG] debug-file - Task 'schematic_editor:default@DoNativeStrip' cost while wrapping incremental declarations: 1 ms 
[2026-09-14T13:01:17.214] [DEBUG] debug-file - Incremental task schematic_editor:default@DoNativeStrip pre-execution cost: 1 ms .
[2026-09-14T13:01:17.214] [DEBUG] debug-file - schematic_editor : default@DoNativeStrip cost memory 0.1007080078125
[2026-09-14T13:01:17.214] [INFO] debug-file - UP-TO-DATE :schematic_editor:default@DoNativeStrip...  
[2026-09-14T13:01:17.214] [DEBUG] debug-file - Executing task :component_library:default@DoNativeStrip
[2026-09-14T13:01:17.215] [DEBUG] debug-file - File: 'C:\Projects\ElecDraw_Harmony\features\component_library\build\default\intermediates\binxo\default' from 'doBinxoNativeLibs' is not exists, just ignore.
[2026-09-14T13:01:17.215] [DEBUG] debug-file - Task 'component_library:default@DoNativeStrip' cost while wrapping incremental declarations: 1 ms 
[2026-09-14T13:01:17.215] [DEBUG] debug-file - Incremental task component_library:default@DoNativeStrip pre-execution cost: 1 ms .
[2026-09-14T13:01:17.216] [DEBUG] debug-file - component_library : default@DoNativeStrip cost memory 0.0881500244140625
[2026-09-14T13:01:17.216] [INFO] debug-file - UP-TO-DATE :component_library:default@DoNativeStrip...  
[2026-09-14T13:01:17.216] [DEBUG] debug-file - Executing task :simulation_kernel:default@DoNativeStrip
[2026-09-14T13:01:17.216] [DEBUG] debug-file - File: 'C:\Projects\ElecDraw_Harmony\features\simulation_kernel\build\default\intermediates\binxo\default' from 'doBinxoNativeLibs' is not exists, just ignore.
[2026-09-14T13:01:17.217] [DEBUG] debug-file - Task 'simulation_kernel:default@DoNativeStrip' cost while wrapping incremental declarations: 1 ms 
[2026-09-14T13:01:17.218] [DEBUG] debug-file - Incremental task simulation_kernel:default@DoNativeStrip pre-execution cost: 1 ms .
[2026-09-14T13:01:17.218] [DEBUG] debug-file - simulation_kernel : default@DoNativeStrip cost memory 0.0883636474609375
[2026-09-14T13:01:17.218] [INFO] debug-file - UP-TO-DATE :simulation_kernel:default@DoNativeStrip...  
[2026-09-14T13:01:17.219] [DEBUG] debug-file - Executing task :hex_debugger:default@DoNativeStrip
[2026-09-14T13:01:17.219] [DEBUG] debug-file - File: 'C:\Projects\ElecDraw_Harmony\features\hex_debugger\build\default\intermediates\binxo\default' from 'doBinxoNativeLibs' is not exists, just ignore.
[2026-09-14T13:01:17.219] [DEBUG] debug-file - Task 'hex_debugger:default@DoNativeStrip' cost while wrapping incremental declarations: 1 ms 
[2026-09-14T13:01:17.221] [DEBUG] debug-file - Incremental task hex_debugger:default@DoNativeStrip pre-execution cost: 2 ms .
[2026-09-14T13:01:17.221] [DEBUG] debug-file - hex_debugger : default@DoNativeStrip cost memory 0.09112548828125
[2026-09-14T13:01:17.222] [INFO] debug-file - UP-TO-DATE :hex_debugger:default@DoNativeStrip...  
[2026-09-14T13:01:17.222] [DEBUG] debug-file - Executing task :ai_api_manager:default@DoNativeStrip
[2026-09-14T13:01:17.223] [DEBUG] debug-file - File: 'C:\Projects\ElecDraw_Harmony\features\ai_api_manager\build\default\intermediates\binxo\default' from 'doBinxoNativeLibs' is not exists, just ignore.
[2026-09-14T13:01:17.223] [DEBUG] debug-file - Task 'ai_api_manager:default@DoNativeStrip' cost while wrapping incremental declarations: 1 ms 
[2026-09-14T13:01:17.224] [DEBUG] debug-file - Incremental task ai_api_manager:default@DoNativeStrip pre-execution cost: 1 ms .
[2026-09-14T13:01:17.224] [DEBUG] debug-file - ai_api_manager : default@DoNativeStrip cost memory 0.09102630615234375
[2026-09-14T13:01:17.224] [INFO] debug-file - UP-TO-DATE :ai_api_manager:default@DoNativeStrip...  
[2026-09-14T13:01:17.224] [DEBUG] debug-file - Executing task :file_persistence:default@DoNativeStrip
[2026-09-14T13:01:17.224] [DEBUG] debug-file - File: 'C:\Projects\ElecDraw_Harmony\features\file_persistence\build\default\intermediates\binxo\default' from 'doBinxoNativeLibs' is not exists, just ignore.
[2026-09-14T13:01:17.225] [DEBUG] debug-file - Task 'file_persistence:default@DoNativeStrip' cost while wrapping incremental declarations: 1 ms 
[2026-09-14T13:01:17.225] [DEBUG] debug-file - Incremental task file_persistence:default@DoNativeStrip pre-execution cost: 1 ms .
[2026-09-14T13:01:17.225] [DEBUG] debug-file - file_persistence : default@DoNativeStrip cost memory 0.08831787109375
[2026-09-14T13:01:17.226] [INFO] debug-file - UP-TO-DATE :file_persistence:default@DoNativeStrip...  
[2026-09-14T13:01:17.226] [DEBUG] debug-file - Executing task :instruments:default@DoNativeStrip
[2026-09-14T13:01:17.226] [DEBUG] debug-file - File: 'C:\Projects\ElecDraw_Harmony\features\instruments\build\default\intermediates\binxo\default' from 'doBinxoNativeLibs' is not exists, just ignore.
[2026-09-14T13:01:17.226] [DEBUG] debug-file - Task 'instruments:default@DoNativeStrip' cost while wrapping incremental declarations: 1 ms 
[2026-09-14T13:01:17.229] [DEBUG] debug-file - Incremental task instruments:default@DoNativeStrip pre-execution cost: 3 ms .
[2026-09-14T13:01:17.229] [DEBUG] debug-file - instruments : default@DoNativeStrip cost memory 0.09088134765625
[2026-09-14T13:01:17.229] [INFO] debug-file - UP-TO-DATE :instruments:default@DoNativeStrip...  
[2026-09-14T13:01:17.229] [DEBUG] debug-file - Executing task :plugin_system:default@DoNativeStrip
[2026-09-14T13:01:17.230] [DEBUG] debug-file - File: 'C:\Projects\ElecDraw_Harmony\features\plugin_system\build\default\intermediates\binxo\default' from 'doBinxoNativeLibs' is not exists, just ignore.
[2026-09-14T13:01:17.230] [DEBUG] debug-file - Task 'plugin_system:default@DoNativeStrip' cost while wrapping incremental declarations: 1 ms 
[2026-09-14T13:01:17.231] [DEBUG] debug-file - Incremental task plugin_system:default@DoNativeStrip pre-execution cost: 1 ms .
[2026-09-14T13:01:17.231] [DEBUG] debug-file - plugin_system : default@DoNativeStrip cost memory 0.0880279541015625
[2026-09-14T13:01:17.231] [INFO] debug-file - UP-TO-DATE :plugin_system:default@DoNativeStrip...  
[2026-09-14T13:01:17.232] [DEBUG] debug-file - Executing task :pcb_editor:default@DoNativeStrip
[2026-09-14T13:01:17.232] [DEBUG] debug-file - File: 'C:\Projects\ElecDraw_Harmony\features\pcb_editor\build\default\intermediates\binxo\default' from 'doBinxoNativeLibs' is not exists, just ignore.
[2026-09-14T13:01:17.232] [DEBUG] debug-file - Task 'pcb_editor:default@DoNativeStrip' cost while wrapping incremental declarations: 1 ms 
[2026-09-14T13:01:17.233] [DEBUG] debug-file - Incremental task pcb_editor:default@DoNativeStrip pre-execution cost: 1 ms .
[2026-09-14T13:01:17.233] [DEBUG] debug-file - pcb_editor : default@DoNativeStrip cost memory 0.0986785888671875
[2026-09-14T13:01:17.233] [INFO] debug-file - UP-TO-DATE :pcb_editor:default@DoNativeStrip...  
[2026-09-14T13:01:17.234] [DEBUG] debug-file - Executing task :entry:default@BuildNativeWithCmake
[2026-09-14T13:01:17.234] [DEBUG] debug-file - entry : default@BuildNativeWithCmake cost memory 0.01593780517578125
[2026-09-14T13:01:17.234] [DEBUG] debug-file - runTaskFromQueue task cost before running: 2 s 349 ms 
[2026-09-14T13:01:17.234] [INFO] debug-file - Finished :entry:default@BuildNativeWithCmake... after 1 ms 
[2026-09-14T13:01:17.235] [DEBUG] debug-file - Executing task :entry:default@CompileArkTS
[2026-09-14T13:01:17.235] [DEBUG] debug-file - obfuscationOptions: undefined
[2026-09-14T13:01:17.242] [DEBUG] debug-file - Task 'entry:default@CompileArkTS' cost while wrapping incremental declarations: 1 ms 
[2026-09-14T13:01:17.251] [DEBUG] debug-file - entry:default@CompileArkTS is not up-to-date, since the input file 'C:\Projects\ElecDraw_Harmony\common\Index.ets' has been changed.
[2026-09-14T13:01:17.252] [DEBUG] debug-file - Incremental task entry:default@CompileArkTS pre-execution cost: 7 ms .
[2026-09-14T13:01:17.272] [DEBUG] debug-file - build config:
[2026-09-14T13:01:17.272] [DEBUG] debug-file - {
  moduleType: 'entry',
  perf: 0,
  targetName: '.default',
  packageManagerType: 'ohpm',
  localPropertiesPath: 'C:\\Projects\\ElecDraw_Harmony\\local.properties',
  isPreview: false,
  isOhosTest: false,
  isLocalTest: false,
  buildMode: 'Debug',
  hotReloadBuild: undefined,
  watchMode: 'false',
  aceProfilePath: 'C:\\Projects\\ElecDraw_Harmony\\entry\\build\\default\\intermediates\\res\\default\\resources\\base\\profile',
  etsLoaderPath: 'C:\\Program Files\\Huawei\\DevEco Studio\\sdk\\default\\openharmony\\ets\\build-tools\\ets-loader',
  modulePath: 'C:\\Projects\\ElecDraw_Harmony\\entry',
  testFrameworkPar: {
    testMode: undefined,
    coveragePathFilter: undefined,
    coverageMode: undefined
  },
  needCoverageInsert: false,
  debugLine: false,
  projectTopDir: 'C:\\Projects\\ElecDraw_Harmony',
  compileSdkVersion: 24,
  compatibleSdkVersion: 24,
  originCompatibleSdkVersion: '6.1.1(24)',
  compatibleSdkVersionStage: undefined,
  bundleName: 'c***m',
  etsLoaderVersion: '6.1.1.125',
  etsLoaderReleaseType: 'Release',
  aotCompileMode: 'type',
  apPath: 'C:\\Projects\\ElecDraw_Harmony\\entry\\modules.ap',
  entryModuleName: 'entry',
  entryModuleVersion: '1.0.0',
  entryPackageName: 'entry',
  allModuleNameHash: '62eaf4cd04e043480f468c549e25c7570ceb87c90f032676d034fce6695434e6',
  externalApiPaths: [
    'C:\\Program Files\\Huawei\\DevEco Studio\\sdk\\default\\hms\\ets'
  ],
  compilerTypes: [],
  isCrossplatform: false,
  hvigorPluginFile: undefined,
  compilePluginPath: undefined,
  buildGeneratedProfilePath: 'C:\\Projects\\ElecDraw_Harmony\\entry\\build\\default\\generated\\profile\\default',
  bundleType: 'app',
  arkTSVersion: undefined,
  apiVersion: 24,
  needCompleteSourcesMap: false,
  isFaMode: false,
  buildDir: 'C:\\Projects\\ElecDraw_Harmony\\entry\\build',
  deviceTypes: [ 'default', 'tablet', '2in1' ],
  pkgContextInfo: undefined,
  ohPackagePathMap: {},
  dependencyAliasMap: {},
  permission: {
    requestPermissions: [ [Object], [Object], [Object], [Object] ],
    definePermissions: undefined
  },
  useGetCurrentBundleName: false,
  projectArkOption: undefined,
  sourceMapDir: undefined,
  branchElimination: false,
  transformLib: undefined,
  tsImportSendable: false,
  resolveConflictMode: true,
  depName2RootPath: {},
  depName2DepInfo: {},
  depName2OhExports: {},
  rootPathSet: [ 'C:\\Projects\\ElecDraw_Harmony' ],
  useNativeResolver: true,
  shouldEmitJs: true,
  useTscResolve: false,
  singleFileEmit: false,
  userProjectConfig: {
    autoLazyImport: false,
    allowEmptyBundleName: false,
    reExportCheckMode: 'noCheck',
    executionMode: 'memory',
    usePathPlaceholder: false,
    writeRollupCache: true,
    isExpandImportEnabled: false,
    expandImportExclude: '',
    lazyImportExclude: '',
    lazyImportInclude: '',
    ignoreCrossplatformCheck: false,
    isHarDeduplicateEnabled: false,
    skipOhModulesLint: false,
    enableStrictCheckOHModule: false,
    disableSendableCheckRules: [],
    useDeclarationFileSignature: false,
    customizedOptions: undefined,
    integratedHsp: false,
    isPreloadSoEnabled: false
  },
  executionMode: 'memory',
  arkCompileCachePath: 'C:\\Projects\\ElecDraw_Harmony\\entry\\build\\default\\cache\\default\\default@CompileArkTS\\esmodule',
  autoLazyFilter: undefined,
  isHarDeduplicateEnabled: false,
  intermediateHarDuplicateDirPath: 'C:\\Projects\\ElecDraw_Harmony\\entry\\build\\default\\intermediates\\har_duplicate\\default',
  autoLazyImport: false,
  allowEmptyBundleName: false,
  reExportCheckMode: 'noCheck',
  usePathPlaceholder: false,
  writeRollupCache: true,
  isExpandImportEnabled: false,
  expandImportExclude: '',
  lazyImportExclude: '',
  lazyImportInclude: '',
  ignoreCrossplatformCheck: false,
  skipOhModulesLint: false,
  enableStrictCheckOHModule: false,
  disableSendableCheckRules: [],
  useDeclarationFileSignature: false,
  customizedOptions: undefined,
  integratedHsp: false,
  isPreloadSoEnabled: false,
  strictMode: undefined,
  useNormalizedOHMUrl: false,
  caseSensitiveCheck: false,
  strictCheckerOnly: false,
  aceModuleJsonPath: 'C:\\Projects\\ElecDraw_Harmony\\entry\\build\\default\\intermediates\\res\\default\\ark_module.json',
  appResource: 'C:\\Projects\\ElecDraw_Harmony\\entry\\build\\default\\intermediates\\res\\default\\ResourceTable.txt',
  rawFileResource: 'C:\\Projects\\ElecDraw_Harmony\\entry\\build\\default\\intermediates\\res\\default\\resources\\rawfile',
  resourceTableHash: 'f4799e43523e66af8974a83c85785eeb189413590a61c6c6f057fced620a1488',
  runtimeOS: 'HarmonyOS',
  sdkInfo: 'false:24:6.1.1.125:Release',
  aceModuleRoot: 'C:\\Projects\\ElecDraw_Harmony\\entry\\src\\main\\ets',
  compileMode: 'esmodule',
  aceSuperVisualPath: 'C:\\Projects\\ElecDraw_Harmony\\entry\\src\\main\\supervisual',
  aceBuildJson: 'C:\\Projects\\ElecDraw_Harmony\\entry\\build\\default\\intermediates\\loader\\default\\loader.json',
  cachePath: 'C:\\Projects\\ElecDraw_Harmony\\entry\\build\\default\\cache\\default\\default@CompileArkTS\\esmodule\\debug',
  aceModuleBuild: 'C:\\Projects\\ElecDraw_Harmony\\entry\\build\\default\\intermediates\\loader_out\\default\\ets',
  supportChunks: true,
  declaredFilesPath: undefined,
  shouldCollectDirectImportees: false,
  isByteCodeHarOptimize: false,
  expandImportPath: undefined,
  resourceTableTs: 'C:\\Projects\\ElecDraw_Harmony\\entry\\build\\default\\generated\\r\\default\\ResourceTable.ts',
  moduleMetaInfoFiles: [
    {
      filePath: 'C:\\Projects\\ElecDraw_Harmony\\entry\\build\\default\\generated\\r\\default\\ResourceTable.ts',
      ohmurl: 'com.elecdraw.aischsim/entry/build/generated/r/ResourceTable'
    }
  ],
  pkgNameToPkgBriefInfo: {
    common: {
      pkgRoot: 'C:\\Projects\\ElecDraw_Harmony\\common',
      pkgName: 'common',
      sourceRoots: [Array],
      originalSourceRoots: undefined
    },
    schematic_editor: {
      pkgRoot: 'C:\\Projects\\ElecDraw_Harmony\\features\\schematic_editor',
      pkgName: 'schematic_editor',
      sourceRoots: [Array],
      originalSourceRoots: undefined
    },
    component_library: {
      pkgRoot: 'C:\\Projects\\ElecDraw_Harmony\\features\\component_library',
      pkgName: 'component_library',
      sourceRoots: [Array],
      originalSourceRoots: undefined
    },
    simulation_kernel: {
      pkgRoot: 'C:\\Projects\\ElecDraw_Harmony\\features\\simulation_kernel',
      pkgName: 'simulation_kernel',
      sourceRoots: [Array],
      originalSourceRoots: undefined
    },
    hex_debugger: {
      pkgRoot: 'C:\\Projects\\ElecDraw_Harmony\\features\\hex_debugger',
      pkgName: 'hex_debugger',
      sourceRoots: [Array],
      originalSourceRoots: undefined
    },
    ai_api_manager: {
      pkgRoot: 'C:\\Projects\\ElecDraw_Harmony\\features\\ai_api_manager',
      pkgName: 'ai_api_manager',
      sourceRoots: [Array],
      originalSourceRoots: undefined
    },
    ai_engine: {
      pkgRoot: 'C:\\Projects\\ElecDraw_Harmony\\features\\ai_engine',
      pkgName: 'ai_engine',
      sourceRoots: [Array],
      originalSourceRoots: undefined
    },
    file_persistence: {
      pkgRoot: 'C:\\Projects\\ElecDraw_Harmony\\features\\file_persistence',
      pkgName: 'file_persistence',
      sourceRoots: [Array],
      originalSourceRoots: undefined
    },
    instruments: {
      pkgRoot: 'C:\\Projects\\ElecDraw_Harmony\\features\\instruments',
      pkgName: 'instruments',
      sourceRoots: [Array],
      originalSourceRoots: undefined
    },
    plugin_system: {
      pkgRoot: 'C:\\Projects\\ElecDraw_Harmony\\features\\plugin_system',
      pkgName: 'plugin_system',
      sourceRoots: [Array],
      originalSourceRoots: undefined
    },
    pcb_editor: {
      pkgRoot: 'C:\\Projects\\ElecDraw_Harmony\\features\\pcb_editor',
      pkgName: 'pcb_editor',
      sourceRoots: [Array],
      originalSourceRoots: undefined
    },
    agent_bridge: {
      pkgRoot: 'C:\\Projects\\ElecDraw_Harmony\\features\\agent_bridge',
      pkgName: 'agent_bridge',
      sourceRoots: [Array],
      originalSourceRoots: undefined
    },
    entry: {
      pkgRoot: 'C:\\Projects\\ElecDraw_Harmony\\entry',
      originalSourceRoots: undefined,
      sourceRoots: [Array],
      pkgName: 'entry'
    }
  },
  projectModel: {
    'C:\\Projects\\ElecDraw_Harmony\\entry\\src\\main': {
      moduleName: 'entry',
      modulePkgPath: 'C:\\Projects\\ElecDraw_Harmony\\entry',
      belongProjectPath: 'C:\\Projects\\ElecDraw_Harmony'
    },
    'C:\\Projects\\ElecDraw_Harmony\\entry': {
      moduleName: 'entry',
      modulePkgPath: 'C:\\Projects\\ElecDraw_Harmony\\entry',
      belongProjectPath: 'C:\\Projects\\ElecDraw_Harmony'
    },
    'C:\\Projects\\ElecDraw_Harmony\\common\\src\\main': {
      moduleName: 'common',
      modulePkgPath: 'C:\\Projects\\ElecDraw_Harmony\\common',
      belongProjectPath: 'C:\\Projects\\ElecDraw_Harmony'
    },
    'C:\\Projects\\ElecDraw_Harmony\\common': {
      moduleName: 'common',
      modulePkgPath: 'C:\\Projects\\ElecDraw_Harmony\\common',
      belongProjectPath: 'C:\\Projects\\ElecDraw_Harmony'
    },
    'C:\\Projects\\ElecDraw_Harmony\\features\\schematic_editor\\src\\main': {
      moduleName: 'schematic_editor',
      modulePkgPath: 'C:\\Projects\\ElecDraw_Harmony\\features\\schematic_editor',
      belongProjectPath: 'C:\\Projects\\ElecDraw_Harmony'
    },
    'C:\\Projects\\ElecDraw_Harmony\\features\\schematic_editor': {
      moduleName: 'schematic_editor',
      modulePkgPath: 'C:\\Projects\\ElecDraw_Harmony\\features\\schematic_editor',
      belongProjectPath: 'C:\\Projects\\ElecDraw_Harmony'
    },
    'C:\\Projects\\ElecDraw_Harmony\\features\\component_library\\src\\main': {
      moduleName: 'component_library',
      modulePkgPath: 'C:\\Projects\\ElecDraw_Harmony\\features\\component_library',
      belongProjectPath: 'C:\\Projects\\ElecDraw_Harmony'
    },
    'C:\\Projects\\ElecDraw_Harmony\\features\\component_library': {
      moduleName: 'component_library',
      modulePkgPath: 'C:\\Projects\\ElecDraw_Harmony\\features\\component_library',
      belongProjectPath: 'C:\\Projects\\ElecDraw_Harmony'
    },
    'C:\\Projects\\ElecDraw_Harmony\\features\\simulation_kernel\\src\\main': {
      moduleName: 'simulation_kernel',
      modulePkgPath: 'C:\\Projects\\ElecDraw_Harmony\\features\\simulation_kernel',
      belongProjectPath: 'C:\\Projects\\ElecDraw_Harmony'
    },
    'C:\\Projects\\ElecDraw_Harmony\\features\\simulation_kernel': {
      moduleName: 'simulation_kernel',
      modulePkgPath: 'C:\\Projects\\ElecDraw_Harmony\\features\\simulation_kernel',
      belongProjectPath: 'C:\\Projects\\ElecDraw_Harmony'
    },
    'C:\\Projects\\ElecDraw_Harmony\\features\\hex_debugger\\src\\main': {
      moduleName: 'hex_debugger',
      modulePkgPath: 'C:\\Projects\\ElecDraw_Harmony\\features\\hex_debugger',
      belongProjectPath: 'C:\\Projects\\ElecDraw_Harmony'
    },
    'C:\\Projects\\ElecDraw_Harmony\\features\\hex_debugger': {
      moduleName: 'hex_debugger',
      modulePkgPath: 'C:\\Projects\\ElecDraw_Harmony\\features\\hex_debugger',
      belongProjectPath: 'C:\\Projects\\ElecDraw_Harmony'
    },
    'C:\\Projects\\ElecDraw_Harmony\\features\\ai_engine\\src\\main': {
      moduleName: 'ai_engine',
      modulePkgPath: 'C:\\Projects\\ElecDraw_Harmony\\features\\ai_engine',
      belongProjectPath: 'C:\\Projects\\ElecDraw_Harmony'
    },
    'C:\\Projects\\ElecDraw_Harmony\\features\\ai_engine': {
      moduleName: 'ai_engine',
      modulePkgPath: 'C:\\Projects\\ElecDraw_Harmony\\features\\ai_engine',
      belongProjectPath: 'C:\\Projects\\ElecDraw_Harmony'
    },
    'C:\\Projects\\ElecDraw_Harmony\\features\\ai_api_manager\\src\\main': {
      moduleName: 'ai_api_manager',
      modulePkgPath: 'C:\\Projects\\ElecDraw_Harmony\\features\\ai_api_manager',
      belongProjectPath: 'C:\\Projects\\ElecDraw_Harmony'
    },
    'C:\\Projects\\ElecDraw_Harmony\\features\\ai_api_manager': {
      moduleName: 'ai_api_manager',
      modulePkgPath: 'C:\\Projects\\ElecDraw_Harmony\\features\\ai_api_manager',
      belongProjectPath: 'C:\\Projects\\ElecDraw_Harmony'
    },
    'C:\\Projects\\ElecDraw_Harmony\\features\\file_persistence\\src\\main': {
      moduleName: 'file_persistence',
      modulePkgPath: 'C:\\Projects\\ElecDraw_Harmony\\features\\file_persistence',
      belongProjectPath: 'C:\\Projects\\ElecDraw_Harmony'
    },
    'C:\\Projects\\ElecDraw_Harmony\\features\\file_persistence': {
      moduleName: 'file_persistence',
      modulePkgPath: 'C:\\Projects\\ElecDraw_Harmony\\features\\file_persistence',
      belongProjectPath: 'C:\\Projects\\ElecDraw_Harmony'
    },
    'C:\\Projects\\ElecDraw_Harmony\\features\\instruments\\src\\main': {
      moduleName: 'instruments',
      modulePkgPath: 'C:\\Projects\\ElecDraw_Harmony\\features\\instruments',
      belongProjectPath: 'C:\\Projects\\ElecDraw_Harmony'
    },
    'C:\\Projects\\ElecDraw_Harmony\\features\\instruments': {
      moduleName: 'instruments',
      modulePkgPath: 'C:\\Projects\\ElecDraw_Harmony\\features\\instruments',
      belongProjectPath: 'C:\\Projects\\ElecDraw_Harmony'
    },
    'C:\\Projects\\ElecDraw_Harmony\\features\\plugin_system\\src\\main': {
      moduleName: 'plugin_system',
      modulePkgPath: 'C:\\Projects\\ElecDraw_Harmony\\features\\plugin_system',
      belongProjectPath: 'C:\\Projects\\ElecDraw_Harmony'
    },
    'C:\\Projects\\ElecDraw_Harmony\\features\\plugin_system': {
      moduleName: 'plugin_system',
      modulePkgPath: 'C:\\Projects\\ElecDraw_Harmony\\features\\plugin_system',
      belongProjectPath: 'C:\\Projects\\ElecDraw_Harmony'
    },
    'C:\\Projects\\ElecDraw_Harmony\\features\\pcb_editor\\src\\main': {
      moduleName: 'pcb_editor',
      modulePkgPath: 'C:\\Projects\\ElecDraw_Harmony\\features\\pcb_editor',
      belongProjectPath: 'C:\\Projects\\ElecDraw_Harmony'
    },
    'C:\\Projects\\ElecDraw_Harmony\\features\\pcb_editor': {
      moduleName: 'pcb_editor',
      modulePkgPath: 'C:\\Projects\\ElecDraw_Harmony\\features\\pcb_editor',
      belongProjectPath: 'C:\\Projects\\ElecDraw_Harmony'
    },
    'C:\\Projects\\ElecDraw_Harmony\\features\\agent_bridge\\src\\main': {
      moduleName: 'agent_bridge',
      modulePkgPath: 'C:\\Projects\\ElecDraw_Harmony\\features\\agent_bridge',
      belongProjectPath: 'C:\\Projects\\ElecDraw_Harmony'
    },
    'C:\\Projects\\ElecDraw_Harmony\\features\\agent_bridge': {
      moduleName: 'agent_bridge',
      modulePkgPath: 'C:\\Projects\\ElecDraw_Harmony\\features\\agent_bridge',
      belongProjectPath: 'C:\\Projects\\ElecDraw_Harmony'
    },
    'C:\\Projects\\ElecDraw_Harmony': {
      moduleName: 'ElecDraw_Harmony',
      modulePkgPath: 'C:\\Projects\\ElecDraw_Harmony',
      belongProjectPath: 'C:\\Projects\\ElecDraw_Harmony'
    }
  },
  pkgJsonFileHash: 'c201b108c10a434e731302e907f88196332a335ef89768b474e80e6e8a999040',
  allModulePaths: [
    'C:\\Projects\\ElecDraw_Harmony\\entry',
    'C:\\Projects\\ElecDraw_Harmony\\common',
    'C:\\Projects\\ElecDraw_Harmony\\features\\schematic_editor',
    'C:\\Projects\\ElecDraw_Harmony\\features\\component_library',
    'C:\\Projects\\ElecDraw_Harmony\\features\\simulation_kernel',
    'C:\\Projects\\ElecDraw_Harmony\\features\\hex_debugger',
    'C:\\Projects\\ElecDraw_Harmony\\features\\ai_engine',
    'C:\\Projects\\ElecDraw_Harmony\\features\\ai_api_manager',
    'C:\\Projects\\ElecDraw_Harmony\\features\\file_persistence',
    'C:\\Projects\\ElecDraw_Harmony\\features\\instruments',
    'C:\\Projects\\ElecDraw_Harmony\\features\\plugin_system',
    'C:\\Projects\\ElecDraw_Harmony\\features\\pcb_editor',
    'C:\\Projects\\ElecDraw_Harmony\\features\\agent_bridge'
  ],
  routerMap: {},
  obfuscationOptions: undefined,
  byteCodeHarToDependencyKeys: undefined,
  compileBlockPkg: [],
  mockParams: {
    decorator: '@MockSetup',
    packageName: '@ohos/hamock',
    etsSourceRootPath: 'src/main/ets',
    mockConfigPath: undefined,
    mockConfigKey2ModuleInfo: {},
    source2ModuleIdMap: {}
  },
  copyCodeResourceEnable: true,
  copyCodeResourceExcludes: [],
  copyCodeResourceIncludes: undefined,
  uiTransformOptimization: false,
  sdkPath: 'C:/Program Files/Huawei/DevEco Studio/sdk',
  needPreloadSoFileSet: {},
  preloadSoFilePath: 'C:\\Projects\\ElecDraw_Harmony\\entry\\build\\default\\intermediates\\preload\\default\\preload.json',
  useSourceHash: false,
  localModuleParamMap: {},
  otherPaths: {
    'common/*': [
      '..\\..\\..\\..\\common\\src\\main\\*',
      '..\\..\\..\\..\\common\\build\\default\\generated\\profile\\default\\*'
    ],
    'schematic_editor/*': [
      '..\\..\\..\\..\\features\\schematic_editor\\src\\main\\*',
      '..\\..\\..\\..\\features\\schematic_editor\\build\\default\\generated\\profile\\default\\*'
    ],
    'component_library/*': [
      '..\\..\\..\\..\\features\\component_library\\src\\main\\*',
      '..\\..\\..\\..\\features\\component_library\\build\\default\\generated\\profile\\default\\*'
    ],
    'simulation_kernel/*': [
      '..\\..\\..\\..\\features\\simulation_kernel\\src\\main\\*',
      '..\\..\\..\\..\\features\\simulation_kernel\\build\\default\\generated\\profile\\default\\*'
    ],
    'hex_debugger/*': [
      '..\\..\\..\\..\\features\\hex_debugger\\src\\main\\*',
      '..\\..\\..\\..\\features\\hex_debugger\\build\\default\\generated\\profile\\default\\*'
    ],
    'ai_api_manager/*': [
      '..\\..\\..\\..\\features\\ai_api_manager\\src\\main\\*',
      '..\\..\\..\\..\\features\\ai_api_manager\\build\\default\\generated\\profile\\default\\*'
    ],
    'ai_engine/*': [
      '..\\..\\..\\..\\features\\ai_engine\\src\\main\\*',
      '..\\..\\..\\..\\features\\ai_engine\\build\\default\\generated\\profile\\default\\*'
    ],
    'file_persistence/*': [
      '..\\..\\..\\..\\features\\file_persistence\\src\\main\\*',
      '..\\..\\..\\..\\features\\file_persistence\\build\\default\\generated\\profile\\default\\*'
    ],
    'instruments/*': [
      '..\\..\\..\\..\\features\\instruments\\src\\main\\*',
      '..\\..\\..\\..\\features\\instruments\\build\\default\\generated\\profile\\default\\*'
    ],
    'plugin_system/*': [
      '..\\..\\..\\..\\features\\plugin_system\\src\\main\\*',
      '..\\..\\..\\..\\features\\plugin_system\\build\\default\\generated\\profile\\default\\*'
    ],
    'pcb_editor/*': [
      '..\\..\\..\\..\\features\\pcb_editor\\src\\main\\*',
      '..\\..\\..\\..\\features\\pcb_editor\\build\\default\\generated\\profile\\default\\*'
    ],
    'agent_bridge/*': [
      '..\\..\\..\\..\\features\\agent_bridge\\src\\main\\*',
      '..\\..\\..\\..\\features\\agent_bridge\\build\\default\\generated\\profile\\default\\*'
    ],
    'entry/*': [
      '..\\*',
      '..\\..\\..\\build\\default\\generated\\profile\\default\\*'
    ]
  },
  collectImportersConfig: undefined
}
[2026-09-14T13:01:17.273] [DEBUG] debug-file - Compile arkts with external api path: C:\Program Files\Huawei\DevEco Studio\sdk\default\hms\ets
[2026-09-14T13:01:17.274] [DEBUG] debug-file - default@CompileArkTS work[25] is submitted.
[2026-09-14T13:01:17.274] [DEBUG] debug-file - default@CompileArkTS work[25] is pushed to ready queue.
[2026-09-14T13:01:17.274] [DEBUG] debug-file - A work dispatched to worker[15] failed because unable to get work from ready queue.
[2026-09-14T13:01:17.274] [DEBUG] debug-file - A work dispatched to worker[14] failed because unable to get work from ready queue.
[2026-09-14T13:01:17.274] [DEBUG] debug-file - A work dispatched to worker[13] failed because unable to get work from ready queue.
[2026-09-14T13:01:17.274] [DEBUG] debug-file - A work dispatched to worker[12] failed because unable to get work from ready queue.
[2026-09-14T13:01:17.274] [DEBUG] debug-file - A work dispatched to worker[11] failed because unable to get work from ready queue.
[2026-09-14T13:01:17.274] [DEBUG] debug-file - A work dispatched to worker[10] failed because unable to get work from ready queue.
[2026-09-14T13:01:17.274] [DEBUG] debug-file - A work dispatched to worker[9] failed because unable to get work from ready queue.
[2026-09-14T13:01:17.274] [DEBUG] debug-file - A work dispatched to worker[8] failed because unable to get work from ready queue.
[2026-09-14T13:01:17.274] [DEBUG] debug-file - A work dispatched to worker[7] failed because unable to get work from ready queue.
[2026-09-14T13:01:17.274] [DEBUG] debug-file - A work dispatched to worker[6] failed because unable to get work from ready queue.
[2026-09-14T13:01:17.274] [DEBUG] debug-file - A work dispatched to worker[5] failed because unable to get work from ready queue.
[2026-09-14T13:01:17.274] [DEBUG] debug-file - default@CompileArkTS work[25] has been dispatched to worker[4].
[2026-09-14T13:01:17.274] [DEBUG] debug-file - default@CompileArkTS work[25] is dispatched.
[2026-09-14T13:01:17.274] [DEBUG] debug-file - CopyResources startTime: 259382550919500
[2026-09-14T13:01:17.274] [DEBUG] debug-file - default@CompileArkTS work[26] is submitted.
[2026-09-14T13:01:17.274] [DEBUG] debug-file - default@CompileArkTS work[26] is pushed to ready queue.
[2026-09-14T13:01:17.275] [DEBUG] debug-file - A work dispatched to worker[15] failed because unable to get work from ready queue.
[2026-09-14T13:01:17.275] [DEBUG] debug-file - Create  resident worker with id: 14.
[2026-09-14T13:01:17.277] [DEBUG] debug-file - default@CompileArkTS work[26] has been dispatched to worker[14].
[2026-09-14T13:01:17.277] [DEBUG] debug-file - default@CompileArkTS work[26] is dispatched.
[2026-09-14T13:01:17.277] [DEBUG] debug-file - entry : default@CompileArkTS cost memory 3.0124282836914062
[2026-09-14T13:01:17.279] [DEBUG] debug-file - Executing task :entry:default@BuildJS
[2026-09-14T13:01:17.279] [DEBUG] debug-file - Task 'entry:default@BuildJS' cost while wrapping incremental declarations: 1 ms 
[2026-09-14T13:01:17.285] [DEBUG] debug-file - entry : default@BuildJS cost memory 0.27379608154296875
[2026-09-14T13:01:17.285] [DEBUG] debug-file - runTaskFromQueue task cost before running: 2 s 400 ms 
[2026-09-14T13:01:17.285] [INFO] debug-file - Finished :entry:default@BuildJS... after 6 ms 
[2026-09-14T13:01:17.286] [DEBUG] debug-file - Executing task :ai_engine:default@BuildNativeWithNinja
[2026-09-14T13:01:17.286] [DEBUG] debug-file - ai_engine : default@BuildNativeWithNinja cost memory 0.0225982666015625
[2026-09-14T13:01:17.286] [DEBUG] debug-file - runTaskFromQueue task cost before running: 2 s 401 ms 
[2026-09-14T13:01:17.287] [INFO] debug-file - Finished :ai_engine:default@BuildNativeWithNinja... after 1 ms 
[2026-09-14T13:01:17.287] [DEBUG] debug-file - Executing task :agent_bridge:default@BuildNativeWithNinja
[2026-09-14T13:01:17.288] [DEBUG] debug-file - agent_bridge : default@BuildNativeWithNinja cost memory 0.02010345458984375
[2026-09-14T13:01:17.288] [DEBUG] debug-file - runTaskFromQueue task cost before running: 2 s 403 ms 
[2026-09-14T13:01:17.288] [INFO] debug-file - Finished :agent_bridge:default@BuildNativeWithNinja... after 1 ms 
[2026-09-14T13:01:17.289] [DEBUG] debug-file - Executing task :ai_engine:default@ProcessLibs
[2026-09-14T13:01:17.290] [DEBUG] debug-file - ai_engine:default@ProcessLibs is not up-to-date, since the input file 'C:\Projects\ElecDraw_Harmony\build-profile.json5' has been changed.
[2026-09-14T13:01:17.290] [DEBUG] debug-file - Incremental task ai_engine:default@ProcessLibs pre-execution cost: 1 ms .
[2026-09-14T13:01:17.291] [DEBUG] debug-file - Worker dispatch failed, running processLibs on main thread.
[2026-09-14T13:01:17.292] [DEBUG] debug-file - ai_engine : default@ProcessLibs cost memory 0.30852508544921875
[2026-09-14T13:01:17.292] [DEBUG] debug-file - runTaskFromQueue task cost before running: 2 s 407 ms 
[2026-09-14T13:01:17.293] [INFO] debug-file - Finished :ai_engine:default@ProcessLibs... after 4 ms 
[2026-09-14T13:01:17.294] [DEBUG] debug-file - Executing task :agent_bridge:default@ProcessLibs
[2026-09-14T13:01:17.296] [DEBUG] debug-file - agent_bridge:default@ProcessLibs is not up-to-date, since the input file 'C:\Projects\ElecDraw_Harmony\build-profile.json5' has been changed.
[2026-09-14T13:01:17.296] [DEBUG] debug-file - Incremental task agent_bridge:default@ProcessLibs pre-execution cost: 1 ms .
[2026-09-14T13:01:17.298] [DEBUG] debug-file - Worker dispatch failed, running processLibs on main thread.
[2026-09-14T13:01:17.299] [DEBUG] debug-file - agent_bridge : default@ProcessLibs cost memory 0.2969207763671875
[2026-09-14T13:01:17.299] [DEBUG] debug-file - runTaskFromQueue task cost before running: 2 s 414 ms 
[2026-09-14T13:01:17.300] [INFO] debug-file - Finished :agent_bridge:default@ProcessLibs... after 6 ms 
[2026-09-14T13:01:17.301] [DEBUG] debug-file - Executing task :ai_engine:default@DoNativeStrip
[2026-09-14T13:01:17.302] [DEBUG] debug-file - File: 'C:\Projects\ElecDraw_Harmony\features\ai_engine\build\default\intermediates\binxo\default' from 'doBinxoNativeLibs' is not exists, just ignore.
[2026-09-14T13:01:17.302] [DEBUG] debug-file - Task 'ai_engine:default@DoNativeStrip' cost while wrapping incremental declarations: 1 ms 
[2026-09-14T13:01:17.304] [DEBUG] debug-file - Incremental task ai_engine:default@DoNativeStrip pre-execution cost: 2 ms .
[2026-09-14T13:01:17.304] [DEBUG] debug-file - ai_engine : default@DoNativeStrip cost memory 0.0986175537109375
[2026-09-14T13:01:17.304] [INFO] debug-file - UP-TO-DATE :ai_engine:default@DoNativeStrip...  
[2026-09-14T13:01:17.305] [DEBUG] debug-file - Executing task :agent_bridge:default@DoNativeStrip
[2026-09-14T13:01:17.306] [DEBUG] debug-file - File: 'C:\Projects\ElecDraw_Harmony\features\agent_bridge\build\default\intermediates\binxo\default' from 'doBinxoNativeLibs' is not exists, just ignore.
[2026-09-14T13:01:17.306] [DEBUG] debug-file - Task 'agent_bridge:default@DoNativeStrip' cost while wrapping incremental declarations: 1 ms 
[2026-09-14T13:01:17.307] [DEBUG] debug-file - Incremental task agent_bridge:default@DoNativeStrip pre-execution cost: 2 ms .
[2026-09-14T13:01:17.307] [DEBUG] debug-file - agent_bridge : default@DoNativeStrip cost memory 0.093017578125
[2026-09-14T13:01:17.308] [INFO] debug-file - UP-TO-DATE :agent_bridge:default@DoNativeStrip...  
[2026-09-14T13:01:17.308] [DEBUG] debug-file - Executing task :entry:default@BuildNativeWithNinja
[2026-09-14T13:01:17.309] [DEBUG] debug-file - entry : default@BuildNativeWithNinja cost memory 0.019073486328125
[2026-09-14T13:01:17.309] [DEBUG] debug-file - runTaskFromQueue task cost before running: 2 s 424 ms 
[2026-09-14T13:01:17.310] [INFO] debug-file - Finished :entry:default@BuildNativeWithNinja... after 1 ms 
[2026-09-14T13:01:17.311] [DEBUG] debug-file - Executing task :entry:default@ProcessLibs
[2026-09-14T13:01:17.329] [DEBUG] debug-file - entry:default@ProcessLibs is not up-to-date, since the input file 'C:\Projects\ElecDraw_Harmony\build-profile.json5' has been changed.
[2026-09-14T13:01:17.329] [DEBUG] debug-file - Incremental task entry:default@ProcessLibs pre-execution cost: 6 ms .
[2026-09-14T13:01:17.331] [DEBUG] debug-file - Worker dispatch failed, running processLibs on main thread.
[2026-09-14T13:01:17.332] [DEBUG] debug-file - entry : default@ProcessLibs cost memory 2.0365219116210938
[2026-09-14T13:01:17.332] [DEBUG] debug-file - runTaskFromQueue task cost before running: 2 s 446 ms 
[2026-09-14T13:01:17.333] [INFO] debug-file - Finished :entry:default@ProcessLibs... after 21 ms 
[2026-09-14T13:01:17.335] [DEBUG] debug-file - Executing task :entry:default@DoNativeStrip
[2026-09-14T13:01:17.335] [DEBUG] debug-file - File: 'C:\Projects\ElecDraw_Harmony\entry\build\default\intermediates\binxo\default' from 'doBinxoNativeLibs' is not exists, just ignore.
[2026-09-14T13:01:17.335] [DEBUG] debug-file - Task 'entry:default@DoNativeStrip' cost while wrapping incremental declarations: 1 ms 
[2026-09-14T13:01:17.336] [DEBUG] debug-file - Incremental task entry:default@DoNativeStrip pre-execution cost: 1 ms .
[2026-09-14T13:01:17.336] [DEBUG] debug-file - entry : default@DoNativeStrip cost memory 0.08560943603515625
[2026-09-14T13:01:17.336] [INFO] debug-file - UP-TO-DATE :entry:default@DoNativeStrip...  
[2026-09-14T13:01:17.338] [DEBUG] debug-file - Executing task :entry:default@CacheNativeLibs
[2026-09-14T13:01:17.338] [DEBUG] debug-file - File: 'C:\Projects\ElecDraw_Harmony\entry\build\default\intermediates\binxo\default' from 'cacheBinxoNativeLibs' is not exists, just ignore.
[2026-09-14T13:01:17.338] [DEBUG] debug-file - Task 'entry:default@CacheNativeLibs' cost while wrapping incremental declarations: 1 ms 
[2026-09-14T13:01:17.339] [DEBUG] debug-file - Incremental task entry:default@CacheNativeLibs pre-execution cost: 2 ms .
[2026-09-14T13:01:17.340] [DEBUG] debug-file - entry : default@CacheNativeLibs cost memory 0.11290740966796875
[2026-09-14T13:01:17.340] [INFO] debug-file - UP-TO-DATE :entry:default@CacheNativeLibs...  
[2026-09-14T13:01:18.409] [DEBUG] debug-file - worker[14] has one work done.
[2026-09-14T13:01:18.409] [DEBUG] debug-file - CopyResources is end, endTime: 259383685316900
[2026-09-14T13:01:18.409] [DEBUG] debug-file - default@CompileArkTS work[26] done.
[2026-09-14T13:01:18.409] [DEBUG] debug-file - A work dispatched to worker[14] failed because unable to get work from ready queue.
[2026-09-14T13:01:29.525] [WARN] debug-file - [33mWARN: [33m[33mArkTS:WARN File: C:/Projects/ElecDraw_Harmony/features/ai_engine/src/main/ets/algorithms/agents/StageHooks.ets:60:32
 Classes cannot be used as objects (arkts-no-classes-as-obj)
[39m[39m
[33mWARN: [33m[33mArkTS:WARN: For details about ArkTS syntax errors, see FAQs[39m[39m
[33mWARN: [33m[33mArkTS:WARN File: C:/Projects/ElecDraw_Harmony/common/src/main/ets/security/HardwareFingerprint.ets:11:56
 To use this API, you need to apply for the permissions: ohos.permission.sec.ACCESS_UDID
[39m[39m
[33mWARN: [33m[33mArkTS:WARN File: C:/Projects/ElecDraw_Harmony/common/src/main/ets/security/HardwareFingerprint.ets:12:54
 To use this API, you need to apply for the permissions: ohos.permission.sec.ACCESS_UDID
[39m[39m
[33mWARN: [33m[33mArkTS:WARN File: C:/Projects/ElecDraw_Harmony/features/ai_api_manager/src/main/ets/AiApiManagerImpl.ets:160:22
 'decode' has been deprecated.
[39m[39m
[33mWARN: [33m[33mArkTS:WARN File: C:/Projects/ElecDraw_Harmony/features/ai_api_manager/src/main/ets/AiApiManagerImpl.ets:1357:31
 'decode' has been deprecated.
[39m[39m
[33mWARN: [33m[33mArkTS:WARN File: C:/Projects/ElecDraw_Harmony/features/ai_api_manager/src/main/ets/AiApiManagerImpl.ets:1438:20
 'decode' has been deprecated.
[39m[39m
[33mWARN: [33m[33mArkTS:WARN File: C:/Projects/ElecDraw_Harmony/features/agent_bridge/src/main/ets/AgentHttpServer.ets:171:20
 'decode' has been deprecated.
[39m[39m
[33mWARN: [33m[33mArkTS:WARN File: C:/Projects/ElecDraw_Harmony/entry/src/main/ets/utils/WindowLaunchUtil.ets:23:21
 The system capacity of this api 'setWindowRectAutoSave' is not supported on all devices
[39m[39m
[33mWARN: [33m[33mArkTS:WARN File: C:/Projects/ElecDraw_Harmony/entry/src/main/ets/utils/WindowLaunchUtil.ets:35:24
 The system capacity of this api 'maximize' is not supported on all devices
[39m[39m
[33mWARN: [33m[33mArkTS:WARN File: C:/Projects/ElecDraw_Harmony/entry/src/main/ets/pages/HomePage.ets:328:19
 'getContext' has been deprecated.
[39m[39m
[33mWARN: [33m[33mArkTS:WARN File: C:/Projects/ElecDraw_Harmony/entry/src/main/ets/pages/HomePage.ets:355:19
 'getContext' has been deprecated.
[39m[39m
[33mWARN: [33m[33mArkTS:WARN File: C:/Projects/ElecDraw_Harmony/entry/src/main/ets/pages/HomePage.ets:402:19
 'getContext' has been deprecated.
[39m[39m
[33mWARN: [33m[33mArkTS:WARN File: C:/Projects/ElecDraw_Harmony/entry/src/main/ets/pages/HomePage.ets:473:19
 'getContext' has been deprecated.
[39m[39m
[33mWARN: [33m[33mArkTS:WARN File: C:/Projects/ElecDraw_Harmony/entry/src/main/ets/pages/HomePage.ets:502:19
 'getContext' has been deprecated.
[39m[39m
[33mWARN: [33m[33mArkTS:WARN File: C:/Projects/ElecDraw_Harmony/entry/src/main/ets/pages/HomePage.ets:535:19
 'getContext' has been deprecated.
[39m[39m
[33mWARN: [33m[33mArkTS:WARN File: C:/Projects/ElecDraw_Harmony/entry/src/main/ets/pages/HomePage.ets:964:10
 'key' can only be used for testing directories 
[39m[39m
[33mWARN: [33m[33mArkTS:WARN File: C:/Projects/ElecDraw_Harmony/entry/src/main/ets/components/SchematicCanvas.ets:441:14
 'key' can only be used for testing directories 
[39m[39m
[33mWARN: [33m[33mArkTS:WARN File: C:/Projects/ElecDraw_Harmony/entry/src/main/ets/components/SchematicCanvas.ets:454:14
 'key' can only be used for testing directories 
[39m[39m
[33mWARN: [33m[33mArkTS:WARN File: C:/Projects/ElecDraw_Harmony/entry/src/main/ets/components/SchematicCanvas.ets:465:14
 'key' can only be used for testing directories 
[39m[39m
[33mWARN: [33m[33mArkTS:WARN File: C:/Projects/ElecDraw_Harmony/entry/src/main/ets/components/PropertyPanel.ets:831:6
 'key' can only be used for testing directories 
[39m[39m
[33mWARN: [33m[33mArkTS:WARN File: C:/Projects/ElecDraw_Harmony/entry/src/main/ets/components/AiSettingsPanel.ets:1118:16
 'key' can only be used for testing directories 
[39m[39m
[33mWARN: [33m[33mArkTS:WARN File: C:/Projects/ElecDraw_Harmony/entry/src/main/ets/components/InstrumentPanel.ets:40:10
 'key' can only be used for testing directories 
[39m[39m
[33mWARN: [33m[33mArkTS:WARN File: C:/Projects/ElecDraw_Harmony/entry/src/main/ets/components/InstrumentPanel.ets:75:10
 'key' can only be used for testing directories 
[39m[39m
[33mWARN: [33m[33mArkTS:WARN File: C:/Projects/ElecDraw_Harmony/entry/src/main/ets/components/ComponentPreview.ets:40:10
 'key' can only be used for testing directories 
[39m[39m
[33mWARN: [33m[33mArkTS:WARN File: C:/Projects/ElecDraw_Harmony/entry/src/main/ets/pages/Index.ets:1393:10
 'key' can only be used for testing directories 
[39m[39m
[33mWARN: [33m[33mArkTS:WARN File: C:/Projects/ElecDraw_Harmony/entry/src/main/ets/pages/Index.ets:1566:6
 'key' can only be used for testing directories 
[39m[39m
[33mWARN: [33m[33mArkTS:WARN File: C:/Projects/ElecDraw_Harmony/entry/src/main/ets/pages/Index.ets:1889:6
 'key' can only be used for testing directories 
[39m[39m
[33mWARN: [33m[33mArkTS:WARN File: C:/Projects/ElecDraw_Harmony/entry/src/main/ets/pages/Index.ets:2128:6
 'key' can only be used for testing directories 
[39m[39m
[33mWARN: [33m[33mArkTS:WARN File: C:/Projects/ElecDraw_Harmony/entry/src/main/ets/pages/Index.ets:2359:14
 'key' can only be used for testing directories 
[39m[39m
[33mWARN: [33m[33mArkTS:WARN File: C:/Projects/ElecDraw_Harmony/entry/src/main/ets/pages/Index.ets:2369:14
 'key' can only be used for testing directories 
[39m[39m
[33mWARN: [33m[33mArkTS:WARN File: C:/Projects/ElecDraw_Harmony/entry/src/main/ets/pages/Index.ets:2374:14
 'key' can only be used for testing directories 
[39m[39m
[33mWARN: [33m[33mArkTS:WARN File: C:/Projects/ElecDraw_Harmony/entry/src/main/ets/pages/Index.ets:2380:14
 'key' can only be used for testing directories 
[39m[39m
[33mWARN: [33m[33mArkTS:WARN File: C:/Projects/ElecDraw_Harmony/entry/src/main/ets/pages/Index.ets:2516:20
 'key' can only be used for testing directories 
[39m[39m
[33mWARN: [33m[33mArkTS:WARN File: C:/Projects/ElecDraw_Harmony/entry/src/main/ets/pages/Index.ets:2523:20
 'key' can only be used for testing directories 
[39m[39m
[33mWARN: [33m[33mArkTS:WARN File: C:/Projects/ElecDraw_Harmony/entry/src/main/ets/pages/Index.ets:2530:20
 'key' can only be used for testing directories 
[39m[39m
[33mWARN: [33m[33mArkTS:WARN File: C:/Projects/ElecDraw_Harmony/entry/src/main/ets/pages/Index.ets:2537:20
 'key' can only be used for testing directories 
[39m[39m
[33mWARN: [33m[33mArkTS:WARN File: C:/Projects/ElecDraw_Harmony/entry/src/main/ets/pages/Index.ets:2615:6
 'key' can only be used for testing directories 
[39m[39m
[33mWARN: [33m[33mArkTS:WARN File: C:/Projects/ElecDraw_Harmony/entry/src/main/ets/pages/Index.ets:3266:6
 'key' can only be used for testing directories 
[39m[39m
[33mWARN: [33m[33mArkTS:WARN File: C:/Projects/ElecDraw_Harmony/entry/src/main/ets/components/pcb/PcbGerberPreview.ets:343:10
 'key' can only be used for testing directories 
[39m[39m
[33mWARN: [33m[33mArkTS:WARN File: C:/Projects/ElecDraw_Harmony/entry/src/main/ets/pages/PcbPage.ets:1031:31
 'decodeWithStream' has been deprecated.
[39m[39m

[2026-09-14T13:01:29.527] [DEBUG] debug-file - Ark compile task finished.finished time is 259394803640700
[2026-09-14T13:01:29.538] [DEBUG] debug-file - worker[4] has one work done.
[2026-09-14T13:01:29.551] [DEBUG] debug-file - default@CompileArkTS work[25] done.
[2026-09-14T13:01:29.553] [DEBUG] debug-file - A work dispatched to worker[4] failed because unable to get work from ready queue.
[2026-09-14T13:01:29.569] [INFO] debug-file - Finished :entry:default@CompileArkTS... after 12 s 280 ms 
[2026-09-14T13:01:29.577] [DEBUG] debug-file - Executing task :entry:default@GeneratePkgModuleJson
[2026-09-14T13:01:29.578] [DEBUG] debug-file - File: 'C:\Projects\ElecDraw_Harmony\entry\build\default\intermediates\preload\default\preload.json' from 'preloadSoJsonPath' is not exists, just ignore.
[2026-09-14T13:01:29.580] [DEBUG] debug-file - Error occurs while handling @Input 'shouldDeduplicateHar': The "data" argument must be of type string or an instance of Buffer, TypedArray, or DataView. Received undefined
[2026-09-14T13:01:29.580] [DEBUG] debug-file - Task 'entry:default@GeneratePkgModuleJson' cost while wrapping incremental declarations: 3 ms 
[2026-09-14T13:01:29.583] [DEBUG] debug-file - entry:default@GeneratePkgModuleJson is not up-to-date, since the input file 'C:\Projects\ElecDraw_Harmony\entry\build\default\intermediates\res\default\module.json' has been changed.
[2026-09-14T13:01:29.583] [DEBUG] debug-file - Incremental task entry:default@GeneratePkgModuleJson pre-execution cost: 3 ms .
[2026-09-14T13:01:29.587] [DEBUG] debug-file - entry : default@GeneratePkgModuleJson cost memory 0.21195220947265625
[2026-09-14T13:01:29.587] [DEBUG] debug-file - runTaskFromQueue task cost before running: 14 s 702 ms 
[2026-09-14T13:01:29.588] [INFO] debug-file - Finished :entry:default@GeneratePkgModuleJson... after 11 ms 
[2026-09-14T13:01:29.589] [DEBUG] debug-file - Executing task :entry:default@ProcessCompiledResources
[2026-09-14T13:01:29.590] [DEBUG] debug-file - File: 'C:\Projects\ElecDraw_Harmony\entry\build\default\intermediates\preload\default\preload.json' from 'preloadSoJsonPath' is not exists, just ignore.
[2026-09-14T13:01:29.590] [DEBUG] debug-file - Task 'entry:default@ProcessCompiledResources' cost while wrapping incremental declarations: 1 ms 
[2026-09-14T13:01:29.592] [DEBUG] debug-file - entry : default@ProcessCompiledResources cost memory 0.05401611328125
[2026-09-14T13:01:29.592] [DEBUG] debug-file - runTaskFromQueue task cost before running: 14 s 707 ms 
[2026-09-14T13:01:29.592] [INFO] debug-file - Finished :entry:default@ProcessCompiledResources... after 3 ms 
[2026-09-14T13:01:29.600] [DEBUG] debug-file - Executing task :entry:default@PackageHap
[2026-09-14T13:01:29.605] [DEBUG] debug-file - entry:default@PackageHap is not up-to-date, since the input file 'C:\Projects\ElecDraw_Harmony\entry\build\default\intermediates\res\default\module.json' has been changed.
[2026-09-14T13:01:29.605] [DEBUG] debug-file - Incremental task entry:default@PackageHap pre-execution cost: 3 ms .
[2026-09-14T13:01:29.606] [DEBUG] debug-file - Use tool [C:\Program Files\Huawei\DevEco Studio\sdk\default\openharmony\toolchains\lib\app_packing_tool.jar]
 [
  'java',
  '-Dfile.encoding=GBK',
  '-jar',
  'C:\\Program Files\\Huawei\\DevEco Studio\\sdk\\default\\openharmony\\toolchains\\lib\\app_packing_tool.jar',
  '--mode',
  'hap',
  '--force',
  'true',
  '--lib-path',
  'C:\\Projects\\ElecDraw_Harmony\\entry\\build\\default\\intermediates\\stripped_native_libs\\default',
  '--json-path',
  'C:\\Projects\\ElecDraw_Harmony\\entry\\build\\default\\intermediates\\package\\default\\module.json',
  '--resources-path',
  'C:\\Projects\\ElecDraw_Harmony\\entry\\build\\default\\intermediates\\res\\default\\resources',
  '--index-path',
  'C:\\Projects\\ElecDraw_Harmony\\entry\\build\\default\\intermediates\\res\\default\\resources.index',
  '--pack-info-path',
  'C:\\Projects\\ElecDraw_Harmony\\entry\\build\\default\\outputs\\default\\pack.info',
  '--out-path',
  'C:\\Projects\\ElecDraw_Harmony\\entry\\build\\default\\outputs\\default\\entry-default-unsigned.hap',
  '--ets-path',
  'C:\\Projects\\ElecDraw_Harmony\\entry\\build\\default\\intermediates\\loader_out\\default\\ets',
  '--pkg-sdk-info-path',
  'C:\\Projects\\ElecDraw_Harmony\\entry\\build\\default\\intermediates\\loader\\default\\pkgSdkInfo.json'
]
[2026-09-14T13:01:29.608] [DEBUG] debug-file - default@PackageHap work[27] is submitted.
[2026-09-14T13:01:29.608] [DEBUG] debug-file - default@PackageHap work[27] is pushed to ready queue.
[2026-09-14T13:01:29.608] [DEBUG] debug-file - A work dispatched to worker[15] failed because unable to get work from ready queue.
[2026-09-14T13:01:29.609] [DEBUG] debug-file - default@PackageHap work[27] has been dispatched to worker[14].
[2026-09-14T13:01:29.609] [DEBUG] debug-file - default@PackageHap work[27] is dispatched.
[2026-09-14T13:01:29.618] [DEBUG] debug-file - entry : default@PackageHap cost memory 0.41121673583984375
[2026-09-14T13:01:29.887] [DEBUG] debug-file - current process  memoryUsage: {
  rss: 977334272,
  heapTotal: 56655872,
  heapUsed: 50350224,
  external: 2356681,
  arrayBuffers: 116119
} os memoryUsage :14.866222381591797
[2026-09-14T13:01:30.512] [DEBUG] debug-file - worker[14] has one work done.
[2026-09-14T13:01:30.512] [DEBUG] debug-file - default@PackageHap work[27] done.
[2026-09-14T13:01:30.513] [DEBUG] debug-file - A work dispatched to worker[14] failed because unable to get work from ready queue.
[2026-09-14T13:01:30.514] [INFO] debug-file - Finished :entry:default@PackageHap... after 648 ms 
[2026-09-14T13:01:30.517] [DEBUG] debug-file - Executing task :entry:default@PackingCheck
[2026-09-14T13:01:30.538] [DEBUG] debug-file - entry : default@PackingCheck cost memory 2.1302871704101562
[2026-09-14T13:01:30.538] [DEBUG] debug-file - runTaskFromQueue task cost before running: 15 s 653 ms 
[2026-09-14T13:01:30.538] [INFO] debug-file - Finished :entry:default@PackingCheck... after 22 ms 
[2026-09-14T13:01:30.540] [DEBUG] debug-file - Executing task :entry:default@SignHap
[2026-09-14T13:01:30.543] [DEBUG] debug-file - entry:default@SignHap is not up-to-date, since the input file 'C:\Projects\ElecDraw_Harmony\entry\build\default\outputs\default\entry-default-unsigned.hap' has been changed.
[2026-09-14T13:01:30.543] [DEBUG] debug-file - Incremental task entry:default@SignHap pre-execution cost: 2 ms .
[2026-09-14T13:01:30.650] [DEBUG] debug-file - java daemon socket received message:{"code":0,"message":"verify profile success"}
[2026-09-14T13:01:30.656] [DEBUG] debug-file - java daemon socket close code:1000 reason:close by user
[2026-09-14T13:01:30.937] [DEBUG] debug-file - java daemon socket received message:{"code":0,"message":"sign app success"}
[2026-09-14T13:01:30.937] [DEBUG] debug-file - entry : default@SignHap cost memory 0.6118850708007812
[2026-09-14T13:01:30.937] [DEBUG] debug-file - runTaskFromQueue task cost before running: 16 s 52 ms 
[2026-09-14T13:01:30.938] [INFO] debug-file - Finished :entry:default@SignHap... after 398 ms 
[2026-09-14T13:01:30.939] [DEBUG] debug-file - Executing task :entry:default@CollectDebugSymbol
[2026-09-14T13:01:30.940] [DEBUG] debug-file - entry : default@CollectDebugSymbol cost memory 0.08086395263671875
[2026-09-14T13:01:30.941] [DEBUG] debug-file - runTaskFromQueue task cost before running: 16 s 55 ms 
[2026-09-14T13:01:30.941] [INFO] debug-file - Finished :entry:default@CollectDebugSymbol... after 2 ms 
[2026-09-14T13:01:30.941] [DEBUG] debug-file - Executing task :entry:assembleHap
[2026-09-14T13:01:30.941] [DEBUG] debug-file - entry : assembleHap cost memory 0.02924346923828125
[2026-09-14T13:01:30.941] [DEBUG] debug-file - runTaskFromQueue task cost before running: 16 s 56 ms 
[2026-09-14T13:01:30.941] [INFO] debug-file - Finished :entry:assembleHap... after 1 ms 
[2026-09-14T13:01:30.954] [INFO] debug-file - BUILD SUCCESSFUL in 16 s 69 ms 
[2026-09-14T13:01:30.956] [DEBUG] debug-file - Update task entry:default@PreBuild input file:C:\Projects\ElecDraw_Harmony\AppScope\app.json5 cache by regenerate.
[2026-09-14T13:01:30.956] [DEBUG] debug-file - Update task entry:default@PreBuild input file:C:\Projects\ElecDraw_Harmony\entry\src\main\module.json5 cache by regenerate.
[2026-09-14T13:01:30.956] [DEBUG] debug-file - Update task entry:default@PreBuild input file:C:\Projects\ElecDraw_Harmony\build-profile.json5 cache from map.
[2026-09-14T13:01:30.957] [DEBUG] debug-file - Update task entry:default@PreBuild input file:C:\Projects\ElecDraw_Harmony\entry\build-profile.json5 cache by regenerate.
[2026-09-14T13:01:30.957] [DEBUG] debug-file - Update task entry:default@PreBuild input file:C:\Projects\ElecDraw_Harmony\entry\src\main\ets\workers\SimWorker.ets cache by regenerate.
[2026-09-14T13:01:30.957] [DEBUG] debug-file - Update task entry:default@PreBuild input file:C:\Projects\ElecDraw_Harmony\entry\src\main\resources\base\profile\main_pages.json cache by regenerate.
[2026-09-14T13:01:30.957] [DEBUG] debug-file - Update task entry:default@PreBuild input file:C:\Projects\ElecDraw_Harmony\hvigor\hvigor-config.json5 cache by regenerate.
[2026-09-14T13:01:30.957] [DEBUG] debug-file - Update task entry:default@PreBuild input file:C:\Projects\ElecDraw_Harmony\entry\oh-package.json5 cache by regenerate.
[2026-09-14T13:01:30.958] [DEBUG] debug-file - Update task entry:default@PreBuild input file:C:\Projects\ElecDraw_Harmony\oh-package.json5 cache by regenerate.
[2026-09-14T13:01:30.958] [DEBUG] debug-file - Incremental task entry:default@PreBuild post-execution cost:3 ms .
[2026-09-14T13:01:30.958] [DEBUG] debug-file - Update task common:default@PreBuild input file:C:\Projects\ElecDraw_Harmony\AppScope\app.json5 cache by regenerate.
[2026-09-14T13:01:30.959] [DEBUG] debug-file - Update task common:default@PreBuild input file:C:\Projects\ElecDraw_Harmony\common\src\main\module.json5 cache by regenerate.
[2026-09-14T13:01:30.959] [DEBUG] debug-file - Update task common:default@PreBuild input file:C:\Projects\ElecDraw_Harmony\build-profile.json5 cache from map.
[2026-09-14T13:01:30.959] [DEBUG] debug-file - Update task common:default@PreBuild input file:C:\Projects\ElecDraw_Harmony\common\build-profile.json5 cache by regenerate.
[2026-09-14T13:01:30.959] [DEBUG] debug-file - Update task common:default@PreBuild input file:C:\Projects\ElecDraw_Harmony\hvigor\hvigor-config.json5 cache by regenerate.
[2026-09-14T13:01:30.959] [DEBUG] debug-file - Update task common:default@PreBuild input file:C:\Projects\ElecDraw_Harmony\common\oh-package.json5 cache by regenerate.
[2026-09-14T13:01:30.959] [DEBUG] debug-file - Update task common:default@PreBuild input file:C:\Projects\ElecDraw_Harmony\oh-package.json5 cache by regenerate.
[2026-09-14T13:01:30.960] [DEBUG] debug-file - Incremental task common:default@PreBuild post-execution cost:2 ms .
[2026-09-14T13:01:30.960] [DEBUG] debug-file - Update task schematic_editor:default@PreBuild input file:C:\Projects\ElecDraw_Harmony\AppScope\app.json5 cache by regenerate.
[2026-09-14T13:01:30.961] [DEBUG] debug-file - Update task schematic_editor:default@PreBuild input file:C:\Projects\ElecDraw_Harmony\features\schematic_editor\src\main\module.json5 cache by regenerate.
[2026-09-14T13:01:30.961] [DEBUG] debug-file - Update task schematic_editor:default@PreBuild input file:C:\Projects\ElecDraw_Harmony\build-profile.json5 cache from map.
[2026-09-14T13:01:30.961] [DEBUG] debug-file - Update task schematic_editor:default@PreBuild input file:C:\Projects\ElecDraw_Harmony\features\schematic_editor\build-profile.json5 cache by regenerate.
[2026-09-14T13:01:30.961] [DEBUG] debug-file - Update task schematic_editor:default@PreBuild input file:C:\Projects\ElecDraw_Harmony\hvigor\hvigor-config.json5 cache by regenerate.
[2026-09-14T13:01:30.961] [DEBUG] debug-file - Update task schematic_editor:default@PreBuild input file:C:\Projects\ElecDraw_Harmony\features\schematic_editor\oh-package.json5 cache by regenerate.
[2026-09-14T13:01:30.961] [DEBUG] debug-file - Update task schematic_editor:default@PreBuild input file:C:\Projects\ElecDraw_Harmony\oh-package.json5 cache by regenerate.
[2026-09-14T13:01:30.962] [DEBUG] debug-file - Incremental task schematic_editor:default@PreBuild post-execution cost:2 ms .
[2026-09-14T13:01:30.962] [DEBUG] debug-file - Update task component_library:default@PreBuild input file:C:\Projects\ElecDraw_Harmony\AppScope\app.json5 cache by regenerate.
[2026-09-14T13:01:30.962] [DEBUG] debug-file - Update task component_library:default@PreBuild input file:C:\Projects\ElecDraw_Harmony\features\component_library\src\main\module.json5 cache by regenerate.
[2026-09-14T13:01:30.963] [DEBUG] debug-file - Update task component_library:default@PreBuild input file:C:\Projects\ElecDraw_Harmony\build-profile.json5 cache from map.
[2026-09-14T13:01:30.963] [DEBUG] debug-file - Update task component_library:default@PreBuild input file:C:\Projects\ElecDraw_Harmony\features\component_library\build-profile.json5 cache by regenerate.
[2026-09-14T13:01:30.963] [DEBUG] debug-file - Update task component_library:default@PreBuild input file:C:\Projects\ElecDraw_Harmony\hvigor\hvigor-config.json5 cache by regenerate.
[2026-09-14T13:01:30.963] [DEBUG] debug-file - Update task component_library:default@PreBuild input file:C:\Projects\ElecDraw_Harmony\features\component_library\oh-package.json5 cache by regenerate.
[2026-09-14T13:01:30.963] [DEBUG] debug-file - Update task component_library:default@PreBuild input file:C:\Projects\ElecDraw_Harmony\oh-package.json5 cache by regenerate.
[2026-09-14T13:01:30.963] [DEBUG] debug-file - Incremental task component_library:default@PreBuild post-execution cost:2 ms .
[2026-09-14T13:01:30.964] [DEBUG] debug-file - Update task simulation_kernel:default@PreBuild input file:C:\Projects\ElecDraw_Harmony\AppScope\app.json5 cache by regenerate.
[2026-09-14T13:01:30.964] [DEBUG] debug-file - Update task simulation_kernel:default@PreBuild input file:C:\Projects\ElecDraw_Harmony\features\simulation_kernel\src\main\module.json5 cache by regenerate.
[2026-09-14T13:01:30.964] [DEBUG] debug-file - Update task simulation_kernel:default@PreBuild input file:C:\Projects\ElecDraw_Harmony\build-profile.json5 cache from map.
[2026-09-14T13:01:30.964] [DEBUG] debug-file - Update task simulation_kernel:default@PreBuild input file:C:\Projects\ElecDraw_Harmony\features\simulation_kernel\build-profile.json5 cache by regenerate.
[2026-09-14T13:01:30.964] [DEBUG] debug-file - Update task simulation_kernel:default@PreBuild input file:C:\Projects\ElecDraw_Harmony\hvigor\hvigor-config.json5 cache by regenerate.
[2026-09-14T13:01:30.964] [DEBUG] debug-file - Update task simulation_kernel:default@PreBuild input file:C:\Projects\ElecDraw_Harmony\features\simulation_kernel\oh-package.json5 cache by regenerate.
[2026-09-14T13:01:30.965] [DEBUG] debug-file - Update task simulation_kernel:default@PreBuild input file:C:\Projects\ElecDraw_Harmony\oh-package.json5 cache by regenerate.
[2026-09-14T13:01:30.965] [DEBUG] debug-file - Incremental task simulation_kernel:default@PreBuild post-execution cost:2 ms .
[2026-09-14T13:01:30.965] [DEBUG] debug-file - Update task hex_debugger:default@PreBuild input file:C:\Projects\ElecDraw_Harmony\AppScope\app.json5 cache by regenerate.
[2026-09-14T13:01:30.965] [DEBUG] debug-file - Update task hex_debugger:default@PreBuild input file:C:\Projects\ElecDraw_Harmony\features\hex_debugger\src\main\module.json5 cache by regenerate.
[2026-09-14T13:01:30.966] [DEBUG] debug-file - Update task hex_debugger:default@PreBuild input file:C:\Projects\ElecDraw_Harmony\build-profile.json5 cache from map.
[2026-09-14T13:01:30.966] [DEBUG] debug-file - Update task hex_debugger:default@PreBuild input file:C:\Projects\ElecDraw_Harmony\features\hex_debugger\build-profile.json5 cache by regenerate.
[2026-09-14T13:01:30.966] [DEBUG] debug-file - Update task hex_debugger:default@PreBuild input file:C:\Projects\ElecDraw_Harmony\hvigor\hvigor-config.json5 cache by regenerate.
[2026-09-14T13:01:30.966] [DEBUG] debug-file - Update task hex_debugger:default@PreBuild input file:C:\Projects\ElecDraw_Harmony\features\hex_debugger\oh-package.json5 cache by regenerate.
[2026-09-14T13:01:30.966] [DEBUG] debug-file - Update task hex_debugger:default@PreBuild input file:C:\Projects\ElecDraw_Harmony\oh-package.json5 cache by regenerate.
[2026-09-14T13:01:30.966] [DEBUG] debug-file - Incremental task hex_debugger:default@PreBuild post-execution cost:2 ms .
[2026-09-14T13:01:30.967] [DEBUG] debug-file - Update task ai_api_manager:default@PreBuild input file:C:\Projects\ElecDraw_Harmony\AppScope\app.json5 cache by regenerate.
[2026-09-14T13:01:30.967] [DEBUG] debug-file - Update task ai_api_manager:default@PreBuild input file:C:\Projects\ElecDraw_Harmony\features\ai_api_manager\src\main\module.json5 cache by regenerate.
[2026-09-14T13:01:30.967] [DEBUG] debug-file - Update task ai_api_manager:default@PreBuild input file:C:\Projects\ElecDraw_Harmony\build-profile.json5 cache from map.
[2026-09-14T13:01:30.967] [DEBUG] debug-file - Update task ai_api_manager:default@PreBuild input file:C:\Projects\ElecDraw_Harmony\features\ai_api_manager\build-profile.json5 cache by regenerate.
[2026-09-14T13:01:30.967] [DEBUG] debug-file - Update task ai_api_manager:default@PreBuild input file:C:\Projects\ElecDraw_Harmony\hvigor\hvigor-config.json5 cache by regenerate.
[2026-09-14T13:01:30.968] [DEBUG] debug-file - Update task ai_api_manager:default@PreBuild input file:C:\Projects\ElecDraw_Harmony\features\ai_api_manager\oh-package.json5 cache by regenerate.
[2026-09-14T13:01:30.968] [DEBUG] debug-file - Update task ai_api_manager:default@PreBuild input file:C:\Projects\ElecDraw_Harmony\oh-package.json5 cache by regenerate.
[2026-09-14T13:01:30.968] [DEBUG] debug-file - Incremental task ai_api_manager:default@PreBuild post-execution cost:2 ms .
[2026-09-14T13:01:30.969] [DEBUG] debug-file - Update task ai_engine:default@PreBuild input file:C:\Projects\ElecDraw_Harmony\AppScope\app.json5 cache by regenerate.
[2026-09-14T13:01:30.969] [DEBUG] debug-file - Update task ai_engine:default@PreBuild input file:C:\Projects\ElecDraw_Harmony\features\ai_engine\src\main\module.json5 cache by regenerate.
[2026-09-14T13:01:30.969] [DEBUG] debug-file - Update task ai_engine:default@PreBuild input file:C:\Projects\ElecDraw_Harmony\build-profile.json5 cache from map.
[2026-09-14T13:01:30.969] [DEBUG] debug-file - Update task ai_engine:default@PreBuild input file:C:\Projects\ElecDraw_Harmony\features\ai_engine\build-profile.json5 cache by regenerate.
[2026-09-14T13:01:30.969] [DEBUG] debug-file - Update task ai_engine:default@PreBuild input file:C:\Projects\ElecDraw_Harmony\hvigor\hvigor-config.json5 cache by regenerate.
[2026-09-14T13:01:30.970] [DEBUG] debug-file - Update task ai_engine:default@PreBuild input file:C:\Projects\ElecDraw_Harmony\features\ai_engine\oh-package.json5 cache by regenerate.
[2026-09-14T13:01:30.970] [DEBUG] debug-file - Update task ai_engine:default@PreBuild input file:C:\Projects\ElecDraw_Harmony\oh-package.json5 cache by regenerate.
[2026-09-14T13:01:30.970] [DEBUG] debug-file - Incremental task ai_engine:default@PreBuild post-execution cost:2 ms .
[2026-09-14T13:01:30.971] [DEBUG] debug-file - Update task file_persistence:default@PreBuild input file:C:\Projects\ElecDraw_Harmony\AppScope\app.json5 cache by regenerate.
[2026-09-14T13:01:30.971] [DEBUG] debug-file - Update task file_persistence:default@PreBuild input file:C:\Projects\ElecDraw_Harmony\features\file_persistence\src\main\module.json5 cache by regenerate.
[2026-09-14T13:01:30.971] [DEBUG] debug-file - Update task file_persistence:default@PreBuild input file:C:\Projects\ElecDraw_Harmony\build-profile.json5 cache from map.
[2026-09-14T13:01:30.971] [DEBUG] debug-file - Update task file_persistence:default@PreBuild input file:C:\Projects\ElecDraw_Harmony\features\file_persistence\build-profile.json5 cache by regenerate.
[2026-09-14T13:01:30.971] [DEBUG] debug-file - Update task file_persistence:default@PreBuild input file:C:\Projects\ElecDraw_Harmony\hvigor\hvigor-config.json5 cache by regenerate.
[2026-09-14T13:01:30.971] [DEBUG] debug-file - Update task file_persistence:default@PreBuild input file:C:\Projects\ElecDraw_Harmony\features\file_persistence\oh-package.json5 cache by regenerate.
[2026-09-14T13:01:30.972] [DEBUG] debug-file - Update task file_persistence:default@PreBuild input file:C:\Projects\ElecDraw_Harmony\oh-package.json5 cache by regenerate.
[2026-09-14T13:01:30.972] [DEBUG] debug-file - Incremental task file_persistence:default@PreBuild post-execution cost:2 ms .
[2026-09-14T13:01:30.972] [DEBUG] debug-file - Update task instruments:default@PreBuild input file:C:\Projects\ElecDraw_Harmony\AppScope\app.json5 cache by regenerate.
[2026-09-14T13:01:30.973] [DEBUG] debug-file - Update task instruments:default@PreBuild input file:C:\Projects\ElecDraw_Harmony\features\instruments\src\main\module.json5 cache by regenerate.
[2026-09-14T13:01:30.973] [DEBUG] debug-file - Update task instruments:default@PreBuild input file:C:\Projects\ElecDraw_Harmony\build-profile.json5 cache from map.
[2026-09-14T13:01:30.973] [DEBUG] debug-file - Update task instruments:default@PreBuild input file:C:\Projects\ElecDraw_Harmony\features\instruments\build-profile.json5 cache by regenerate.
[2026-09-14T13:01:30.973] [DEBUG] debug-file - Update task instruments:default@PreBuild input file:C:\Projects\ElecDraw_Harmony\hvigor\hvigor-config.json5 cache by regenerate.
[2026-09-14T13:01:30.973] [DEBUG] debug-file - Update task instruments:default@PreBuild input file:C:\Projects\ElecDraw_Harmony\features\instruments\oh-package.json5 cache by regenerate.
[2026-09-14T13:01:30.973] [DEBUG] debug-file - Update task instruments:default@PreBuild input file:C:\Projects\ElecDraw_Harmony\oh-package.json5 cache by regenerate.
[2026-09-14T13:01:30.974] [DEBUG] debug-file - Incremental task instruments:default@PreBuild post-execution cost:2 ms .
[2026-09-14T13:01:30.974] [DEBUG] debug-file - Update task plugin_system:default@PreBuild input file:C:\Projects\ElecDraw_Harmony\AppScope\app.json5 cache by regenerate.
[2026-09-14T13:01:30.974] [DEBUG] debug-file - Update task plugin_system:default@PreBuild input file:C:\Projects\ElecDraw_Harmony\features\plugin_system\src\main\module.json5 cache by regenerate.
[2026-09-14T13:01:30.974] [DEBUG] debug-file - Update task plugin_system:default@PreBuild input file:C:\Projects\ElecDraw_Harmony\build-profile.json5 cache from map.
[2026-09-14T13:01:30.974] [DEBUG] debug-file - Update task plugin_system:default@PreBuild input file:C:\Projects\ElecDraw_Harmony\features\plugin_system\build-profile.json5 cache by regenerate.
[2026-09-14T13:01:30.975] [DEBUG] debug-file - Update task plugin_system:default@PreBuild input file:C:\Projects\ElecDraw_Harmony\hvigor\hvigor-config.json5 cache by regenerate.
[2026-09-14T13:01:30.975] [DEBUG] debug-file - Update task plugin_system:default@PreBuild input file:C:\Projects\ElecDraw_Harmony\features\plugin_system\oh-package.json5 cache by regenerate.
[2026-09-14T13:01:30.975] [DEBUG] debug-file - Update task plugin_system:default@PreBuild input file:C:\Projects\ElecDraw_Harmony\oh-package.json5 cache by regenerate.
[2026-09-14T13:01:30.975] [DEBUG] debug-file - Incremental task plugin_system:default@PreBuild post-execution cost:2 ms .
[2026-09-14T13:01:30.975] [DEBUG] debug-file - Update task pcb_editor:default@PreBuild input file:C:\Projects\ElecDraw_Harmony\AppScope\app.json5 cache by regenerate.
[2026-09-14T13:01:30.976] [DEBUG] debug-file - Update task pcb_editor:default@PreBuild input file:C:\Projects\ElecDraw_Harmony\features\pcb_editor\src\main\module.json5 cache by regenerate.
[2026-09-14T13:01:30.976] [DEBUG] debug-file - Update task pcb_editor:default@PreBuild input file:C:\Projects\ElecDraw_Harmony\build-profile.json5 cache from map.
[2026-09-14T13:01:30.976] [DEBUG] debug-file - Update task pcb_editor:default@PreBuild input file:C:\Projects\ElecDraw_Harmony\features\pcb_editor\build-profile.json5 cache by regenerate.
[2026-09-14T13:01:30.976] [DEBUG] debug-file - Update task pcb_editor:default@PreBuild input file:C:\Projects\ElecDraw_Harmony\hvigor\hvigor-config.json5 cache by regenerate.
[2026-09-14T13:01:30.976] [DEBUG] debug-file - Update task pcb_editor:default@PreBuild input file:C:\Projects\ElecDraw_Harmony\features\pcb_editor\oh-package.json5 cache by regenerate.
[2026-09-14T13:01:30.976] [DEBUG] debug-file - Update task pcb_editor:default@PreBuild input file:C:\Projects\ElecDraw_Harmony\oh-package.json5 cache by regenerate.
[2026-09-14T13:01:30.977] [DEBUG] debug-file - Incremental task pcb_editor:default@PreBuild post-execution cost:2 ms .
[2026-09-14T13:01:30.977] [DEBUG] debug-file - Update task agent_bridge:default@PreBuild input file:C:\Projects\ElecDraw_Harmony\AppScope\app.json5 cache by regenerate.
[2026-09-14T13:01:30.978] [DEBUG] debug-file - Update task agent_bridge:default@PreBuild input file:C:\Projects\ElecDraw_Harmony\features\agent_bridge\src\main\module.json5 cache by regenerate.
[2026-09-14T13:01:30.978] [DEBUG] debug-file - Update task agent_bridge:default@PreBuild input file:C:\Projects\ElecDraw_Harmony\build-profile.json5 cache from map.
[2026-09-14T13:01:30.978] [DEBUG] debug-file - Update task agent_bridge:default@PreBuild input file:C:\Projects\ElecDraw_Harmony\features\agent_bridge\build-profile.json5 cache by regenerate.
[2026-09-14T13:01:30.978] [DEBUG] debug-file - Update task agent_bridge:default@PreBuild input file:C:\Projects\ElecDraw_Harmony\hvigor\hvigor-config.json5 cache by regenerate.
[2026-09-14T13:01:30.978] [DEBUG] debug-file - Update task agent_bridge:default@PreBuild input file:C:\Projects\ElecDraw_Harmony\features\agent_bridge\oh-package.json5 cache by regenerate.
[2026-09-14T13:01:30.978] [DEBUG] debug-file - Update task agent_bridge:default@PreBuild input file:C:\Projects\ElecDraw_Harmony\oh-package.json5 cache by regenerate.
[2026-09-14T13:01:30.979] [DEBUG] debug-file - Incremental task agent_bridge:default@PreBuild post-execution cost:2 ms .
[2026-09-14T13:01:30.979] [DEBUG] debug-file - Update task entry:default@CreateModuleInfo output file:C:\Projects\ElecDraw_Harmony\entry\build\default\generated\profile\default\ModuleInfo.ts cache.
[2026-09-14T13:01:30.980] [DEBUG] debug-file - Incremental task entry:default@CreateModuleInfo post-execution cost:2 ms .
[2026-09-14T13:01:30.981] [DEBUG] debug-file - There is no need to refresh cache, since the incremental task entry:default@GenerateMetadata is up-to-date.
[2026-09-14T13:01:30.981] [DEBUG] debug-file - Update task entry:default@GeneratePkgContextInfo output file:C:\Projects\ElecDraw_Harmony\entry\build\default\intermediates\loader\default\pkgContextInfo.json cache.
[2026-09-14T13:01:30.981] [DEBUG] debug-file - Incremental task entry:default@GeneratePkgContextInfo post-execution cost:1 ms .
[2026-09-14T13:01:30.981] [DEBUG] debug-file - There is no need to refresh cache, since the incremental task entry:default@GeneratePkgSdkInfo is up-to-date.
[2026-09-14T13:01:30.981] [DEBUG] debug-file - Update task entry:default@ProcessIntegratedHsp output file:C:\Projects\ElecDraw_Harmony\build\cache\default\integrated_hsp\integratedHspCache.json cache.
[2026-09-14T13:01:30.981] [DEBUG] debug-file - Incremental task entry:default@ProcessIntegratedHsp post-execution cost:1 ms .
[2026-09-14T13:01:30.982] [DEBUG] debug-file - Update task common:default@CreateHarBuildProfile input file:C:\Projects\ElecDraw_Harmony\AppScope\app.json5 cache by regenerate.
[2026-09-14T13:01:30.982] [DEBUG] debug-file - Update task common:default@CreateHarBuildProfile input file:C:\Projects\ElecDraw_Harmony\build-profile.json5 cache from map.
[2026-09-14T13:01:30.982] [DEBUG] debug-file - Update task common:default@CreateHarBuildProfile output file:C:\Projects\ElecDraw_Harmony\common\BuildProfile.ets cache.
[2026-09-14T13:01:30.982] [DEBUG] debug-file - Incremental task common:default@CreateHarBuildProfile post-execution cost:1 ms .
[2026-09-14T13:01:30.982] [DEBUG] debug-file - Update task common:default@MergeProfile input file:C:\Projects\ElecDraw_Harmony\AppScope\app.json5 cache by regenerate.
[2026-09-14T13:01:30.982] [DEBUG] debug-file - Update task common:default@MergeProfile input file:C:\Projects\ElecDraw_Harmony\build-profile.json5 cache from map.
[2026-09-14T13:01:30.982] [DEBUG] debug-file - Update task common:default@MergeProfile input file:C:\Projects\ElecDraw_Harmony\common\src\main\module.json5 cache by regenerate.
[2026-09-14T13:01:30.983] [DEBUG] debug-file - Update task common:default@MergeProfile output file:C:\Projects\ElecDraw_Harmony\common\build\default\intermediates\merge_profile\default\module.json cache.
[2026-09-14T13:01:30.983] [DEBUG] debug-file - Incremental task common:default@MergeProfile post-execution cost:1 ms .
[2026-09-14T13:01:30.983] [DEBUG] debug-file - Update task entry:default@SyscapTransform input file:C:\Program Files\Huawei\DevEco Studio\sdk\default\openharmony\toolchains\syscap_tool.exe cache by regenerate.
[2026-09-14T13:01:30.983] [DEBUG] debug-file - Update task entry:default@SyscapTransform input file:C:\Program Files\Huawei\DevEco Studio\sdk\default\openharmony\ets\api\device-define cache by regenerate.
[2026-09-14T13:01:30.985] [DEBUG] debug-file - Update task entry:default@SyscapTransform output file:C:\Projects\ElecDraw_Harmony\entry\build\default\intermediates\syscap\default\rpcid.sc cache.
[2026-09-14T13:01:30.985] [DEBUG] debug-file - Incremental task entry:default@SyscapTransform post-execution cost:2 ms .
[2026-09-14T13:01:30.985] [DEBUG] debug-file - There is no need to refresh cache, since the incremental task entry:default@ProcessRouterMap is up-to-date.
[2026-09-14T13:01:30.985] [DEBUG] debug-file - There is no need to refresh cache, since the incremental task entry:default@ProcessShareConfig is up-to-date.
[2026-09-14T13:01:30.986] [DEBUG] debug-file - Update task entry:default@ProcessStartupConfig output file:C:\Projects\ElecDraw_Harmony\entry\build\default\intermediates\startup\default\startup_config.json cache.
[2026-09-14T13:01:30.986] [DEBUG] debug-file - Incremental task entry:default@ProcessStartupConfig post-execution cost:1 ms .
[2026-09-14T13:01:30.986] [DEBUG] debug-file - Update task schematic_editor:default@CreateHarBuildProfile input file:C:\Projects\ElecDraw_Harmony\AppScope\app.json5 cache by regenerate.
[2026-09-14T13:01:30.986] [DEBUG] debug-file - Update task schematic_editor:default@CreateHarBuildProfile input file:C:\Projects\ElecDraw_Harmony\build-profile.json5 cache from map.
[2026-09-14T13:01:30.986] [DEBUG] debug-file - Update task schematic_editor:default@CreateHarBuildProfile output file:C:\Projects\ElecDraw_Harmony\features\schematic_editor\BuildProfile.ets cache.
[2026-09-14T13:01:30.986] [DEBUG] debug-file - Incremental task schematic_editor:default@CreateHarBuildProfile post-execution cost:1 ms .
[2026-09-14T13:01:30.986] [DEBUG] debug-file - Update task component_library:default@CreateHarBuildProfile input file:C:\Projects\ElecDraw_Harmony\AppScope\app.json5 cache by regenerate.
[2026-09-14T13:01:30.987] [DEBUG] debug-file - Update task component_library:default@CreateHarBuildProfile input file:C:\Projects\ElecDraw_Harmony\build-profile.json5 cache from map.
[2026-09-14T13:01:30.987] [DEBUG] debug-file - Update task component_library:default@CreateHarBuildProfile output file:C:\Projects\ElecDraw_Harmony\features\component_library\BuildProfile.ets cache.
[2026-09-14T13:01:30.987] [DEBUG] debug-file - Incremental task component_library:default@CreateHarBuildProfile post-execution cost:1 ms .
[2026-09-14T13:01:30.987] [DEBUG] debug-file - Update task simulation_kernel:default@CreateHarBuildProfile input file:C:\Projects\ElecDraw_Harmony\AppScope\app.json5 cache by regenerate.
[2026-09-14T13:01:30.987] [DEBUG] debug-file - Update task simulation_kernel:default@CreateHarBuildProfile input file:C:\Projects\ElecDraw_Harmony\build-profile.json5 cache from map.
[2026-09-14T13:01:30.987] [DEBUG] debug-file - Update task simulation_kernel:default@CreateHarBuildProfile output file:C:\Projects\ElecDraw_Harmony\features\simulation_kernel\BuildProfile.ets cache.
[2026-09-14T13:01:30.987] [DEBUG] debug-file - Incremental task simulation_kernel:default@CreateHarBuildProfile post-execution cost:1 ms .
[2026-09-14T13:01:30.987] [DEBUG] debug-file - Update task hex_debugger:default@CreateHarBuildProfile input file:C:\Projects\ElecDraw_Harmony\AppScope\app.json5 cache by regenerate.
[2026-09-14T13:01:30.987] [DEBUG] debug-file - Update task hex_debugger:default@CreateHarBuildProfile input file:C:\Projects\ElecDraw_Harmony\build-profile.json5 cache from map.
[2026-09-14T13:01:30.987] [DEBUG] debug-file - Update task hex_debugger:default@CreateHarBuildProfile output file:C:\Projects\ElecDraw_Harmony\features\hex_debugger\BuildProfile.ets cache.
[2026-09-14T13:01:30.988] [DEBUG] debug-file - Incremental task hex_debugger:default@CreateHarBuildProfile post-execution cost:1 ms .
[2026-09-14T13:01:30.988] [DEBUG] debug-file - Update task ai_api_manager:default@CreateHarBuildProfile input file:C:\Projects\ElecDraw_Harmony\AppScope\app.json5 cache by regenerate.
[2026-09-14T13:01:30.988] [DEBUG] debug-file - Update task ai_api_manager:default@CreateHarBuildProfile input file:C:\Projects\ElecDraw_Harmony\build-profile.json5 cache from map.
[2026-09-14T13:01:30.988] [DEBUG] debug-file - Update task ai_api_manager:default@CreateHarBuildProfile output file:C:\Projects\ElecDraw_Harmony\features\ai_api_manager\BuildProfile.ets cache.
[2026-09-14T13:01:30.988] [DEBUG] debug-file - Incremental task ai_api_manager:default@CreateHarBuildProfile post-execution cost:1 ms .
[2026-09-14T13:01:30.988] [DEBUG] debug-file - Update task file_persistence:default@CreateHarBuildProfile input file:C:\Projects\ElecDraw_Harmony\AppScope\app.json5 cache by regenerate.
[2026-09-14T13:01:30.989] [DEBUG] debug-file - Update task file_persistence:default@CreateHarBuildProfile input file:C:\Projects\ElecDraw_Harmony\build-profile.json5 cache from map.
[2026-09-14T13:01:30.989] [DEBUG] debug-file - Update task file_persistence:default@CreateHarBuildProfile output file:C:\Projects\ElecDraw_Harmony\features\file_persistence\BuildProfile.ets cache.
[2026-09-14T13:01:30.989] [DEBUG] debug-file - Incremental task file_persistence:default@CreateHarBuildProfile post-execution cost:1 ms .
[2026-09-14T13:01:30.989] [DEBUG] debug-file - Update task instruments:default@CreateHarBuildProfile input file:C:\Projects\ElecDraw_Harmony\AppScope\app.json5 cache by regenerate.
[2026-09-14T13:01:30.989] [DEBUG] debug-file - Update task instruments:default@CreateHarBuildProfile input file:C:\Projects\ElecDraw_Harmony\build-profile.json5 cache from map.
[2026-09-14T13:01:30.989] [DEBUG] debug-file - Update task instruments:default@CreateHarBuildProfile output file:C:\Projects\ElecDraw_Harmony\features\instruments\BuildProfile.ets cache.
[2026-09-14T13:01:30.989] [DEBUG] debug-file - Incremental task instruments:default@CreateHarBuildProfile post-execution cost:1 ms .
[2026-09-14T13:01:30.990] [DEBUG] debug-file - Update task plugin_system:default@CreateHarBuildProfile input file:C:\Projects\ElecDraw_Harmony\AppScope\app.json5 cache by regenerate.
[2026-09-14T13:01:30.990] [DEBUG] debug-file - Update task plugin_system:default@CreateHarBuildProfile input file:C:\Projects\ElecDraw_Harmony\build-profile.json5 cache from map.
[2026-09-14T13:01:30.990] [DEBUG] debug-file - Update task plugin_system:default@CreateHarBuildProfile output file:C:\Projects\ElecDraw_Harmony\features\plugin_system\BuildProfile.ets cache.
[2026-09-14T13:01:30.990] [DEBUG] debug-file - Incremental task plugin_system:default@CreateHarBuildProfile post-execution cost:1 ms .
[2026-09-14T13:01:30.990] [DEBUG] debug-file - Update task pcb_editor:default@CreateHarBuildProfile input file:C:\Projects\ElecDraw_Harmony\AppScope\app.json5 cache by regenerate.
[2026-09-14T13:01:30.991] [DEBUG] debug-file - Update task pcb_editor:default@CreateHarBuildProfile input file:C:\Projects\ElecDraw_Harmony\build-profile.json5 cache from map.
[2026-09-14T13:01:30.991] [DEBUG] debug-file - Update task pcb_editor:default@CreateHarBuildProfile output file:C:\Projects\ElecDraw_Harmony\features\pcb_editor\BuildProfile.ets cache.
[2026-09-14T13:01:30.991] [DEBUG] debug-file - Incremental task pcb_editor:default@CreateHarBuildProfile post-execution cost:1 ms .
[2026-09-14T13:01:30.991] [DEBUG] debug-file - Update task schematic_editor:default@MergeProfile input file:C:\Projects\ElecDraw_Harmony\AppScope\app.json5 cache by regenerate.
[2026-09-14T13:01:30.991] [DEBUG] debug-file - Update task schematic_editor:default@MergeProfile input file:C:\Projects\ElecDraw_Harmony\build-profile.json5 cache from map.
[2026-09-14T13:01:30.992] [DEBUG] debug-file - Update task schematic_editor:default@MergeProfile input file:C:\Projects\ElecDraw_Harmony\features\schematic_editor\src\main\module.json5 cache by regenerate.
[2026-09-14T13:01:30.992] [DEBUG] debug-file - Update task schematic_editor:default@MergeProfile input file:C:\Projects\ElecDraw_Harmony\common\build\default\intermediates\merge_profile\default\module.json cache by regenerate.
[2026-09-14T13:01:30.992] [DEBUG] debug-file - Update task schematic_editor:default@MergeProfile output file:C:\Projects\ElecDraw_Harmony\features\schematic_editor\build\default\intermediates\merge_profile\default\module.json cache.
[2026-09-14T13:01:30.992] [DEBUG] debug-file - Incremental task schematic_editor:default@MergeProfile post-execution cost:2 ms .
[2026-09-14T13:01:30.993] [DEBUG] debug-file - Update task component_library:default@MergeProfile input file:C:\Projects\ElecDraw_Harmony\AppScope\app.json5 cache by regenerate.
[2026-09-14T13:01:30.993] [DEBUG] debug-file - Update task component_library:default@MergeProfile input file:C:\Projects\ElecDraw_Harmony\build-profile.json5 cache from map.
[2026-09-14T13:01:30.993] [DEBUG] debug-file - Update task component_library:default@MergeProfile input file:C:\Projects\ElecDraw_Harmony\features\component_library\src\main\module.json5 cache by regenerate.
[2026-09-14T13:01:30.993] [DEBUG] debug-file - Update task component_library:default@MergeProfile input file:C:\Projects\ElecDraw_Harmony\common\build\default\intermediates\merge_profile\default\module.json cache by regenerate.
[2026-09-14T13:01:30.993] [DEBUG] debug-file - Update task component_library:default@MergeProfile output file:C:\Projects\ElecDraw_Harmony\features\component_library\build\default\intermediates\merge_profile\default\module.json cache.
[2026-09-14T13:01:30.994] [DEBUG] debug-file - Incremental task component_library:default@MergeProfile post-execution cost:2 ms .
[2026-09-14T13:01:30.994] [DEBUG] debug-file - Update task simulation_kernel:default@MergeProfile input file:C:\Projects\ElecDraw_Harmony\AppScope\app.json5 cache by regenerate.
[2026-09-14T13:01:30.994] [DEBUG] debug-file - Update task simulation_kernel:default@MergeProfile input file:C:\Projects\ElecDraw_Harmony\build-profile.json5 cache from map.
[2026-09-14T13:01:30.994] [DEBUG] debug-file - Update task simulation_kernel:default@MergeProfile input file:C:\Projects\ElecDraw_Harmony\features\simulation_kernel\src\main\module.json5 cache by regenerate.
[2026-09-14T13:01:30.994] [DEBUG] debug-file - Update task simulation_kernel:default@MergeProfile input file:C:\Projects\ElecDraw_Harmony\common\build\default\intermediates\merge_profile\default\module.json cache by regenerate.
[2026-09-14T13:01:30.994] [DEBUG] debug-file - Update task simulation_kernel:default@MergeProfile output file:C:\Projects\ElecDraw_Harmony\features\simulation_kernel\build\default\intermediates\merge_profile\default\module.json cache.
[2026-09-14T13:01:30.995] [DEBUG] debug-file - Incremental task simulation_kernel:default@MergeProfile post-execution cost:2 ms .
[2026-09-14T13:01:30.995] [DEBUG] debug-file - Update task hex_debugger:default@MergeProfile input file:C:\Projects\ElecDraw_Harmony\AppScope\app.json5 cache by regenerate.
[2026-09-14T13:01:30.995] [DEBUG] debug-file - Update task hex_debugger:default@MergeProfile input file:C:\Projects\ElecDraw_Harmony\build-profile.json5 cache from map.
[2026-09-14T13:01:30.995] [DEBUG] debug-file - Update task hex_debugger:default@MergeProfile input file:C:\Projects\ElecDraw_Harmony\features\hex_debugger\src\main\module.json5 cache by regenerate.
[2026-09-14T13:01:30.995] [DEBUG] debug-file - Update task hex_debugger:default@MergeProfile input file:C:\Projects\ElecDraw_Harmony\common\build\default\intermediates\merge_profile\default\module.json cache by regenerate.
[2026-09-14T13:01:30.996] [DEBUG] debug-file - Update task hex_debugger:default@MergeProfile output file:C:\Projects\ElecDraw_Harmony\features\hex_debugger\build\default\intermediates\merge_profile\default\module.json cache.
[2026-09-14T13:01:30.996] [DEBUG] debug-file - Incremental task hex_debugger:default@MergeProfile post-execution cost:1 ms .
[2026-09-14T13:01:30.996] [DEBUG] debug-file - Update task ai_api_manager:default@MergeProfile input file:C:\Projects\ElecDraw_Harmony\AppScope\app.json5 cache by regenerate.
[2026-09-14T13:01:30.996] [DEBUG] debug-file - Update task ai_api_manager:default@MergeProfile input file:C:\Projects\ElecDraw_Harmony\build-profile.json5 cache from map.
[2026-09-14T13:01:30.996] [DEBUG] debug-file - Update task ai_api_manager:default@MergeProfile input file:C:\Projects\ElecDraw_Harmony\features\ai_api_manager\src\main\module.json5 cache by regenerate.
[2026-09-14T13:01:30.996] [DEBUG] debug-file - Update task ai_api_manager:default@MergeProfile input file:C:\Projects\ElecDraw_Harmony\common\build\default\intermediates\merge_profile\default\module.json cache by regenerate.
[2026-09-14T13:01:30.996] [DEBUG] debug-file - Update task ai_api_manager:default@MergeProfile output file:C:\Projects\ElecDraw_Harmony\features\ai_api_manager\build\default\intermediates\merge_profile\default\module.json cache.
[2026-09-14T13:01:30.997] [DEBUG] debug-file - Incremental task ai_api_manager:default@MergeProfile post-execution cost:1 ms .
[2026-09-14T13:01:30.997] [DEBUG] debug-file - Update task file_persistence:default@MergeProfile input file:C:\Projects\ElecDraw_Harmony\AppScope\app.json5 cache by regenerate.
[2026-09-14T13:01:30.997] [DEBUG] debug-file - Update task file_persistence:default@MergeProfile input file:C:\Projects\ElecDraw_Harmony\build-profile.json5 cache from map.
[2026-09-14T13:01:30.997] [DEBUG] debug-file - Update task file_persistence:default@MergeProfile input file:C:\Projects\ElecDraw_Harmony\features\file_persistence\src\main\module.json5 cache by regenerate.
[2026-09-14T13:01:30.998] [DEBUG] debug-file - Update task file_persistence:default@MergeProfile input file:C:\Projects\ElecDraw_Harmony\common\build\default\intermediates\merge_profile\default\module.json cache by regenerate.
[2026-09-14T13:01:30.998] [DEBUG] debug-file - Update task file_persistence:default@MergeProfile output file:C:\Projects\ElecDraw_Harmony\features\file_persistence\build\default\intermediates\merge_profile\default\module.json cache.
[2026-09-14T13:01:30.998] [DEBUG] debug-file - Incremental task file_persistence:default@MergeProfile post-execution cost:2 ms .
[2026-09-14T13:01:30.998] [DEBUG] debug-file - Update task instruments:default@MergeProfile input file:C:\Projects\ElecDraw_Harmony\AppScope\app.json5 cache by regenerate.
[2026-09-14T13:01:30.999] [DEBUG] debug-file - Update task instruments:default@MergeProfile input file:C:\Projects\ElecDraw_Harmony\build-profile.json5 cache from map.
[2026-09-14T13:01:30.999] [DEBUG] debug-file - Update task instruments:default@MergeProfile input file:C:\Projects\ElecDraw_Harmony\features\instruments\src\main\module.json5 cache by regenerate.
[2026-09-14T13:01:30.999] [DEBUG] debug-file - Update task instruments:default@MergeProfile input file:C:\Projects\ElecDraw_Harmony\common\build\default\intermediates\merge_profile\default\module.json cache by regenerate.
[2026-09-14T13:01:30.999] [DEBUG] debug-file - Update task instruments:default@MergeProfile output file:C:\Projects\ElecDraw_Harmony\features\instruments\build\default\intermediates\merge_profile\default\module.json cache.
[2026-09-14T13:01:30.999] [DEBUG] debug-file - Incremental task instruments:default@MergeProfile post-execution cost:2 ms .
[2026-09-14T13:01:31.000] [DEBUG] debug-file - Update task plugin_system:default@MergeProfile input file:C:\Projects\ElecDraw_Harmony\AppScope\app.json5 cache by regenerate.
[2026-09-14T13:01:31.000] [DEBUG] debug-file - Update task plugin_system:default@MergeProfile input file:C:\Projects\ElecDraw_Harmony\build-profile.json5 cache from map.
[2026-09-14T13:01:31.000] [DEBUG] debug-file - Update task plugin_system:default@MergeProfile input file:C:\Projects\ElecDraw_Harmony\features\plugin_system\src\main\module.json5 cache by regenerate.
[2026-09-14T13:01:31.000] [DEBUG] debug-file - Update task plugin_system:default@MergeProfile input file:C:\Projects\ElecDraw_Harmony\common\build\default\intermediates\merge_profile\default\module.json cache by regenerate.
[2026-09-14T13:01:31.000] [DEBUG] debug-file - Update task plugin_system:default@MergeProfile output file:C:\Projects\ElecDraw_Harmony\features\plugin_system\build\default\intermediates\merge_profile\default\module.json cache.
[2026-09-14T13:01:31.000] [DEBUG] debug-file - Incremental task plugin_system:default@MergeProfile post-execution cost:1 ms .
[2026-09-14T13:01:31.001] [DEBUG] debug-file - Update task pcb_editor:default@MergeProfile input file:C:\Projects\ElecDraw_Harmony\AppScope\app.json5 cache by regenerate.
[2026-09-14T13:01:31.001] [DEBUG] debug-file - Update task pcb_editor:default@MergeProfile input file:C:\Projects\ElecDraw_Harmony\build-profile.json5 cache from map.
[2026-09-14T13:01:31.001] [DEBUG] debug-file - Update task pcb_editor:default@MergeProfile input file:C:\Projects\ElecDraw_Harmony\features\pcb_editor\src\main\module.json5 cache by regenerate.
[2026-09-14T13:01:31.001] [DEBUG] debug-file - Update task pcb_editor:default@MergeProfile input file:C:\Projects\ElecDraw_Harmony\common\build\default\intermediates\merge_profile\default\module.json cache by regenerate.
[2026-09-14T13:01:31.001] [DEBUG] debug-file - Update task pcb_editor:default@MergeProfile output file:C:\Projects\ElecDraw_Harmony\features\pcb_editor\build\default\intermediates\merge_profile\default\module.json cache.
[2026-09-14T13:01:31.002] [DEBUG] debug-file - Incremental task pcb_editor:default@MergeProfile post-execution cost:2 ms .
[2026-09-14T13:01:31.002] [DEBUG] debug-file - There is no need to refresh cache, since the incremental task entry:default@GenerateLoaderJson is up-to-date.
[2026-09-14T13:01:31.002] [DEBUG] debug-file - Update task ai_engine:default@CreateHarBuildProfile input file:C:\Projects\ElecDraw_Harmony\AppScope\app.json5 cache by regenerate.
[2026-09-14T13:01:31.002] [DEBUG] debug-file - Update task ai_engine:default@CreateHarBuildProfile input file:C:\Projects\ElecDraw_Harmony\build-profile.json5 cache from map.
[2026-09-14T13:01:31.002] [DEBUG] debug-file - Update task ai_engine:default@CreateHarBuildProfile output file:C:\Projects\ElecDraw_Harmony\features\ai_engine\BuildProfile.ets cache.
[2026-09-14T13:01:31.002] [DEBUG] debug-file - Incremental task ai_engine:default@CreateHarBuildProfile post-execution cost:1 ms .
[2026-09-14T13:01:31.003] [DEBUG] debug-file - Update task agent_bridge:default@CreateHarBuildProfile input file:C:\Projects\ElecDraw_Harmony\AppScope\app.json5 cache by regenerate.
[2026-09-14T13:01:31.003] [DEBUG] debug-file - Update task agent_bridge:default@CreateHarBuildProfile input file:C:\Projects\ElecDraw_Harmony\build-profile.json5 cache from map.
[2026-09-14T13:01:31.003] [DEBUG] debug-file - Update task agent_bridge:default@CreateHarBuildProfile output file:C:\Projects\ElecDraw_Harmony\features\agent_bridge\BuildProfile.ets cache.
[2026-09-14T13:01:31.003] [DEBUG] debug-file - Incremental task agent_bridge:default@CreateHarBuildProfile post-execution cost:1 ms .
[2026-09-14T13:01:31.003] [DEBUG] debug-file - Update task ai_engine:default@MergeProfile input file:C:\Projects\ElecDraw_Harmony\AppScope\app.json5 cache by regenerate.
[2026-09-14T13:01:31.004] [DEBUG] debug-file - Update task ai_engine:default@MergeProfile input file:C:\Projects\ElecDraw_Harmony\build-profile.json5 cache from map.
[2026-09-14T13:01:31.004] [DEBUG] debug-file - Update task ai_engine:default@MergeProfile input file:C:\Projects\ElecDraw_Harmony\features\ai_engine\src\main\module.json5 cache by regenerate.
[2026-09-14T13:01:31.004] [DEBUG] debug-file - Update task ai_engine:default@MergeProfile input file:C:\Projects\ElecDraw_Harmony\common\build\default\intermediates\merge_profile\default\module.json cache by regenerate.
[2026-09-14T13:01:31.004] [DEBUG] debug-file - Update task ai_engine:default@MergeProfile input file:C:\Projects\ElecDraw_Harmony\features\ai_api_manager\build\default\intermediates\merge_profile\default\module.json cache by regenerate.
[2026-09-14T13:01:31.004] [DEBUG] debug-file - Update task ai_engine:default@MergeProfile input file:C:\Projects\ElecDraw_Harmony\features\component_library\build\default\intermediates\merge_profile\default\module.json cache by regenerate.
[2026-09-14T13:01:31.004] [DEBUG] debug-file - Update task ai_engine:default@MergeProfile output file:C:\Projects\ElecDraw_Harmony\features\ai_engine\build\default\intermediates\merge_profile\default\module.json cache.
[2026-09-14T13:01:31.005] [DEBUG] debug-file - Incremental task ai_engine:default@MergeProfile post-execution cost:2 ms .
[2026-09-14T13:01:31.005] [DEBUG] debug-file - Update task agent_bridge:default@MergeProfile input file:C:\Projects\ElecDraw_Harmony\AppScope\app.json5 cache by regenerate.
[2026-09-14T13:01:31.005] [DEBUG] debug-file - Update task agent_bridge:default@MergeProfile input file:C:\Projects\ElecDraw_Harmony\build-profile.json5 cache from map.
[2026-09-14T13:01:31.005] [DEBUG] debug-file - Update task agent_bridge:default@MergeProfile input file:C:\Projects\ElecDraw_Harmony\features\agent_bridge\src\main\module.json5 cache by regenerate.
[2026-09-14T13:01:31.006] [DEBUG] debug-file - Update task agent_bridge:default@MergeProfile input file:C:\Projects\ElecDraw_Harmony\common\build\default\intermediates\merge_profile\default\module.json cache by regenerate.
[2026-09-14T13:01:31.006] [DEBUG] debug-file - Update task agent_bridge:default@MergeProfile input file:C:\Projects\ElecDraw_Harmony\features\schematic_editor\build\default\intermediates\merge_profile\default\module.json cache by regenerate.
[2026-09-14T13:01:31.006] [DEBUG] debug-file - Update task agent_bridge:default@MergeProfile input file:C:\Projects\ElecDraw_Harmony\features\component_library\build\default\intermediates\merge_profile\default\module.json cache by regenerate.
[2026-09-14T13:01:31.006] [DEBUG] debug-file - Update task agent_bridge:default@MergeProfile input file:C:\Projects\ElecDraw_Harmony\features\pcb_editor\build\default\intermediates\merge_profile\default\module.json cache by regenerate.
[2026-09-14T13:01:31.007] [DEBUG] debug-file - Update task agent_bridge:default@MergeProfile output file:C:\Projects\ElecDraw_Harmony\features\agent_bridge\build\default\intermediates\merge_profile\default\module.json cache.
[2026-09-14T13:01:31.007] [DEBUG] debug-file - Incremental task agent_bridge:default@MergeProfile post-execution cost:3 ms .
[2026-09-14T13:01:31.007] [DEBUG] debug-file - Update task entry:default@CreateBuildProfile input file:C:\Projects\ElecDraw_Harmony\AppScope\app.json5 cache by regenerate.
[2026-09-14T13:01:31.007] [DEBUG] debug-file - Update task entry:default@CreateBuildProfile input file:C:\Projects\ElecDraw_Harmony\build-profile.json5 cache from map.
[2026-09-14T13:01:31.007] [DEBUG] debug-file - Update task entry:default@CreateBuildProfile output file:C:\Projects\ElecDraw_Harmony\entry\build\default\generated\profile\default\BuildProfile.ets cache.
[2026-09-14T13:01:31.008] [DEBUG] debug-file - Incremental task entry:default@CreateBuildProfile post-execution cost:1 ms .
[2026-09-14T13:01:31.008] [DEBUG] debug-file - Update task common:default@ProcessLibs input file:C:\Projects\ElecDraw_Harmony\build-profile.json5 cache from map.
[2026-09-14T13:01:31.008] [DEBUG] debug-file - Update task common:default@ProcessLibs input file:C:\Projects\ElecDraw_Harmony\common\build-profile.json5 cache by regenerate.
[2026-09-14T13:01:31.009] [DEBUG] debug-file - Update task common:default@ProcessLibs output file:C:\Projects\ElecDraw_Harmony\common\build\default\intermediates\libs\default cache.
[2026-09-14T13:01:31.009] [DEBUG] debug-file - Incremental task common:default@ProcessLibs post-execution cost:2 ms .
[2026-09-14T13:01:31.010] [DEBUG] debug-file - Update task entry:default@MergeProfile input file:C:\Projects\ElecDraw_Harmony\AppScope\app.json5 cache by regenerate.
[2026-09-14T13:01:31.011] [DEBUG] debug-file - Update task entry:default@MergeProfile input file:C:\Projects\ElecDraw_Harmony\build-profile.json5 cache from map.
[2026-09-14T13:01:31.011] [DEBUG] debug-file - Update task entry:default@MergeProfile input file:C:\Projects\ElecDraw_Harmony\entry\src\main\module.json5 cache by regenerate.
[2026-09-14T13:01:31.011] [DEBUG] debug-file - Update task entry:default@MergeProfile input file:C:\Projects\ElecDraw_Harmony\common\build\default\intermediates\merge_profile\default\module.json cache by regenerate.
[2026-09-14T13:01:31.011] [DEBUG] debug-file - Update task entry:default@MergeProfile input file:C:\Projects\ElecDraw_Harmony\features\schematic_editor\build\default\intermediates\merge_profile\default\module.json cache by regenerate.
[2026-09-14T13:01:31.012] [DEBUG] debug-file - Update task entry:default@MergeProfile input file:C:\Projects\ElecDraw_Harmony\features\component_library\build\default\intermediates\merge_profile\default\module.json cache by regenerate.
[2026-09-14T13:01:31.012] [DEBUG] debug-file - Update task entry:default@MergeProfile input file:C:\Projects\ElecDraw_Harmony\features\simulation_kernel\build\default\intermediates\merge_profile\default\module.json cache by regenerate.
[2026-09-14T13:01:31.012] [DEBUG] debug-file - Update task entry:default@MergeProfile input file:C:\Projects\ElecDraw_Harmony\features\hex_debugger\build\default\intermediates\merge_profile\default\module.json cache by regenerate.
[2026-09-14T13:01:31.012] [DEBUG] debug-file - Update task entry:default@MergeProfile input file:C:\Projects\ElecDraw_Harmony\features\ai_api_manager\build\default\intermediates\merge_profile\default\module.json cache by regenerate.
[2026-09-14T13:01:31.012] [DEBUG] debug-file - Update task entry:default@MergeProfile input file:C:\Projects\ElecDraw_Harmony\features\ai_engine\build\default\intermediates\merge_profile\default\module.json cache by regenerate.
[2026-09-14T13:01:31.013] [DEBUG] debug-file - Update task entry:default@MergeProfile input file:C:\Projects\ElecDraw_Harmony\features\file_persistence\build\default\intermediates\merge_profile\default\module.json cache by regenerate.
[2026-09-14T13:01:31.013] [DEBUG] debug-file - Update task entry:default@MergeProfile input file:C:\Projects\ElecDraw_Harmony\features\instruments\build\default\intermediates\merge_profile\default\module.json cache by regenerate.
[2026-09-14T13:01:31.013] [DEBUG] debug-file - Update task entry:default@MergeProfile input file:C:\Projects\ElecDraw_Harmony\features\plugin_system\build\default\intermediates\merge_profile\default\module.json cache by regenerate.
[2026-09-14T13:01:31.013] [DEBUG] debug-file - Update task entry:default@MergeProfile input file:C:\Projects\ElecDraw_Harmony\features\pcb_editor\build\default\intermediates\merge_profile\default\module.json cache by regenerate.
[2026-09-14T13:01:31.013] [DEBUG] debug-file - Update task entry:default@MergeProfile input file:C:\Projects\ElecDraw_Harmony\features\agent_bridge\build\default\intermediates\merge_profile\default\module.json cache by regenerate.
[2026-09-14T13:01:31.014] [DEBUG] debug-file - Update task entry:default@MergeProfile output file:C:\Projects\ElecDraw_Harmony\entry\build\default\intermediates\merge_profile\default\module.json cache.
[2026-09-14T13:01:31.014] [DEBUG] debug-file - Incremental task entry:default@MergeProfile post-execution cost:5 ms .
[2026-09-14T13:01:31.015] [DEBUG] debug-file - There is no need to refresh cache, since the incremental task common:default@DoNativeStrip is up-to-date.
[2026-09-14T13:01:31.015] [DEBUG] debug-file - Update task entry:default@MakePackInfo input file:C:\Projects\ElecDraw_Harmony\AppScope\app.json5 cache by regenerate.
[2026-09-14T13:01:31.015] [DEBUG] debug-file - Update task entry:default@MakePackInfo input file:C:\Projects\ElecDraw_Harmony\entry\src\main\module.json5 cache by regenerate.
[2026-09-14T13:01:31.016] [DEBUG] debug-file - Update task entry:default@MakePackInfo input file:C:\Projects\ElecDraw_Harmony\build-profile.json5 cache from map.
[2026-09-14T13:01:31.016] [DEBUG] debug-file - Update task entry:default@MakePackInfo output file:C:\Projects\ElecDraw_Harmony\entry\build\default\outputs\default\pack.info cache.
[2026-09-14T13:01:31.016] [DEBUG] debug-file - Incremental task entry:default@MakePackInfo post-execution cost:2 ms .
[2026-09-14T13:01:31.016] [DEBUG] debug-file - Update task entry:default@ProcessProfile input file:C:\Projects\ElecDraw_Harmony\entry\build\default\intermediates\merge_profile\default\module.json cache from map.
[2026-09-14T13:01:31.016] [DEBUG] debug-file - Update task entry:default@ProcessProfile output file:C:\Projects\ElecDraw_Harmony\entry\build\default\intermediates\process_profile\default\module.json cache.
[2026-09-14T13:01:31.017] [DEBUG] debug-file - Incremental task entry:default@ProcessProfile post-execution cost:1 ms .
[2026-09-14T13:01:31.017] [DEBUG] debug-file - There is no need to refresh cache, since the incremental task entry:default@ProcessResource is up-to-date.
[2026-09-14T13:01:31.017] [DEBUG] debug-file - Update task schematic_editor:default@ProcessLibs input file:C:\Projects\ElecDraw_Harmony\build-profile.json5 cache from map.
[2026-09-14T13:01:31.017] [DEBUG] debug-file - Update task schematic_editor:default@ProcessLibs input file:C:\Projects\ElecDraw_Harmony\features\schematic_editor\build-profile.json5 cache by regenerate.
[2026-09-14T13:01:31.017] [DEBUG] debug-file - Update task schematic_editor:default@ProcessLibs output file:C:\Projects\ElecDraw_Harmony\features\schematic_editor\build\default\intermediates\libs\default cache.
[2026-09-14T13:01:31.018] [DEBUG] debug-file - Incremental task schematic_editor:default@ProcessLibs post-execution cost:1 ms .
[2026-09-14T13:01:31.018] [DEBUG] debug-file - Update task component_library:default@ProcessLibs input file:C:\Projects\ElecDraw_Harmony\build-profile.json5 cache from map.
[2026-09-14T13:01:31.018] [DEBUG] debug-file - Update task component_library:default@ProcessLibs input file:C:\Projects\ElecDraw_Harmony\features\component_library\build-profile.json5 cache by regenerate.
[2026-09-14T13:01:31.018] [DEBUG] debug-file - Update task component_library:default@ProcessLibs output file:C:\Projects\ElecDraw_Harmony\features\component_library\build\default\intermediates\libs\default cache.
[2026-09-14T13:01:31.021] [DEBUG] debug-file - Incremental task component_library:default@ProcessLibs post-execution cost:3 ms .
[2026-09-14T13:01:31.021] [DEBUG] debug-file - Update task simulation_kernel:default@ProcessLibs input file:C:\Projects\ElecDraw_Harmony\build-profile.json5 cache from map.
[2026-09-14T13:01:31.021] [DEBUG] debug-file - Update task simulation_kernel:default@ProcessLibs input file:C:\Projects\ElecDraw_Harmony\features\simulation_kernel\build-profile.json5 cache by regenerate.
[2026-09-14T13:01:31.021] [DEBUG] debug-file - Update task simulation_kernel:default@ProcessLibs output file:C:\Projects\ElecDraw_Harmony\features\simulation_kernel\build\default\intermediates\libs\default cache.
[2026-09-14T13:01:31.022] [DEBUG] debug-file - Incremental task simulation_kernel:default@ProcessLibs post-execution cost:2 ms .
[2026-09-14T13:01:31.022] [DEBUG] debug-file - Update task hex_debugger:default@ProcessLibs input file:C:\Projects\ElecDraw_Harmony\build-profile.json5 cache from map.
[2026-09-14T13:01:31.022] [DEBUG] debug-file - Update task hex_debugger:default@ProcessLibs input file:C:\Projects\ElecDraw_Harmony\features\hex_debugger\build-profile.json5 cache by regenerate.
[2026-09-14T13:01:31.022] [DEBUG] debug-file - Update task hex_debugger:default@ProcessLibs output file:C:\Projects\ElecDraw_Harmony\features\hex_debugger\build\default\intermediates\libs\default cache.
[2026-09-14T13:01:31.023] [DEBUG] debug-file - Incremental task hex_debugger:default@ProcessLibs post-execution cost:1 ms .
[2026-09-14T13:01:31.023] [DEBUG] debug-file - Update task ai_api_manager:default@ProcessLibs input file:C:\Projects\ElecDraw_Harmony\build-profile.json5 cache from map.
[2026-09-14T13:01:31.023] [DEBUG] debug-file - Update task ai_api_manager:default@ProcessLibs input file:C:\Projects\ElecDraw_Harmony\features\ai_api_manager\build-profile.json5 cache by regenerate.
[2026-09-14T13:01:31.023] [DEBUG] debug-file - Update task ai_api_manager:default@ProcessLibs output file:C:\Projects\ElecDraw_Harmony\features\ai_api_manager\build\default\intermediates\libs\default cache.
[2026-09-14T13:01:31.024] [DEBUG] debug-file - Incremental task ai_api_manager:default@ProcessLibs post-execution cost:1 ms .
[2026-09-14T13:01:31.024] [DEBUG] debug-file - Update task file_persistence:default@ProcessLibs input file:C:\Projects\ElecDraw_Harmony\build-profile.json5 cache from map.
[2026-09-14T13:01:31.025] [DEBUG] debug-file - Update task file_persistence:default@ProcessLibs input file:C:\Projects\ElecDraw_Harmony\features\file_persistence\build-profile.json5 cache by regenerate.
[2026-09-14T13:01:31.025] [DEBUG] debug-file - Update task file_persistence:default@ProcessLibs output file:C:\Projects\ElecDraw_Harmony\features\file_persistence\build\default\intermediates\libs\default cache.
[2026-09-14T13:01:31.025] [DEBUG] debug-file - Incremental task file_persistence:default@ProcessLibs post-execution cost:2 ms .
[2026-09-14T13:01:31.026] [DEBUG] debug-file - Update task instruments:default@ProcessLibs input file:C:\Projects\ElecDraw_Harmony\build-profile.json5 cache from map.
[2026-09-14T13:01:31.026] [DEBUG] debug-file - Update task instruments:default@ProcessLibs input file:C:\Projects\ElecDraw_Harmony\features\instruments\build-profile.json5 cache by regenerate.
[2026-09-14T13:01:31.026] [DEBUG] debug-file - Update task instruments:default@ProcessLibs output file:C:\Projects\ElecDraw_Harmony\features\instruments\build\default\intermediates\libs\default cache.
[2026-09-14T13:01:31.026] [DEBUG] debug-file - Incremental task instruments:default@ProcessLibs post-execution cost:2 ms .
[2026-09-14T13:01:31.027] [DEBUG] debug-file - Update task plugin_system:default@ProcessLibs input file:C:\Projects\ElecDraw_Harmony\build-profile.json5 cache from map.
[2026-09-14T13:01:31.027] [DEBUG] debug-file - Update task plugin_system:default@ProcessLibs input file:C:\Projects\ElecDraw_Harmony\features\plugin_system\build-profile.json5 cache by regenerate.
[2026-09-14T13:01:31.028] [DEBUG] debug-file - Update task plugin_system:default@ProcessLibs output file:C:\Projects\ElecDraw_Harmony\features\plugin_system\build\default\intermediates\libs\default cache.
[2026-09-14T13:01:31.028] [DEBUG] debug-file - Incremental task plugin_system:default@ProcessLibs post-execution cost:2 ms .
[2026-09-14T13:01:31.029] [DEBUG] debug-file - Update task pcb_editor:default@ProcessLibs input file:C:\Projects\ElecDraw_Harmony\build-profile.json5 cache from map.
[2026-09-14T13:01:31.029] [DEBUG] debug-file - Update task pcb_editor:default@ProcessLibs input file:C:\Projects\ElecDraw_Harmony\features\pcb_editor\build-profile.json5 cache by regenerate.
[2026-09-14T13:01:31.029] [DEBUG] debug-file - Update task pcb_editor:default@ProcessLibs output file:C:\Projects\ElecDraw_Harmony\features\pcb_editor\build\default\intermediates\libs\default cache.
[2026-09-14T13:01:31.029] [DEBUG] debug-file - Incremental task pcb_editor:default@ProcessLibs post-execution cost:2 ms .
[2026-09-14T13:01:31.031] [DEBUG] debug-file - Update task entry:default@CompileResource input file:C:\Projects\ElecDraw_Harmony\entry\src\main\resources cache by regenerate.
[2026-09-14T13:01:31.064] [DEBUG] debug-file - Update task entry:default@CompileResource input file:C:\Projects\ElecDraw_Harmony\AppScope\resources cache by regenerate.
[2026-09-14T13:01:31.065] [DEBUG] debug-file - Update task entry:default@CompileResource input file:C:\Projects\ElecDraw_Harmony\entry\build\default\intermediates\process_profile\default\module.json cache from map.
[2026-09-14T13:01:31.066] [DEBUG] debug-file - Update task entry:default@CompileResource input file:C:\Projects\ElecDraw_Harmony\entry\build\default\intermediates\res\default\resConfig.json cache by regenerate.
[2026-09-14T13:01:31.066] [DEBUG] debug-file - Update task entry:default@CompileResource output file:C:\Projects\ElecDraw_Harmony\entry\build\default\intermediates\res\default cache.
[2026-09-14T13:01:31.117] [DEBUG] debug-file - Update task entry:default@CompileResource output file:C:\Projects\ElecDraw_Harmony\entry\build\default\generated\r\default\ResourceTable.h cache.
[2026-09-14T13:01:31.118] [DEBUG] debug-file - Update task entry:default@CompileResource output file:C:\Projects\ElecDraw_Harmony\entry\build\default\generated\r\default\ResourceTable.ts cache.
[2026-09-14T13:01:31.118] [DEBUG] debug-file - Update task entry:default@CompileResource output file:C:\Projects\ElecDraw_Harmony\entry\build\default\generated\r\default cache.
[2026-09-14T13:01:31.118] [DEBUG] debug-file - Incremental task entry:default@CompileResource post-execution cost:89 ms .
[2026-09-14T13:01:31.119] [DEBUG] debug-file - There is no need to refresh cache, since the incremental task schematic_editor:default@DoNativeStrip is up-to-date.
[2026-09-14T13:01:31.119] [DEBUG] debug-file - There is no need to refresh cache, since the incremental task component_library:default@DoNativeStrip is up-to-date.
[2026-09-14T13:01:31.119] [DEBUG] debug-file - There is no need to refresh cache, since the incremental task simulation_kernel:default@DoNativeStrip is up-to-date.
[2026-09-14T13:01:31.119] [DEBUG] debug-file - There is no need to refresh cache, since the incremental task hex_debugger:default@DoNativeStrip is up-to-date.
[2026-09-14T13:01:31.119] [DEBUG] debug-file - There is no need to refresh cache, since the incremental task ai_api_manager:default@DoNativeStrip is up-to-date.
[2026-09-14T13:01:31.119] [DEBUG] debug-file - There is no need to refresh cache, since the incremental task file_persistence:default@DoNativeStrip is up-to-date.
[2026-09-14T13:01:31.119] [DEBUG] debug-file - There is no need to refresh cache, since the incremental task instruments:default@DoNativeStrip is up-to-date.
[2026-09-14T13:01:31.119] [DEBUG] debug-file - There is no need to refresh cache, since the incremental task plugin_system:default@DoNativeStrip is up-to-date.
[2026-09-14T13:01:31.119] [DEBUG] debug-file - There is no need to refresh cache, since the incremental task pcb_editor:default@DoNativeStrip is up-to-date.
[2026-09-14T13:01:31.122] [DEBUG] debug-file - Update task entry:default@CompileArkTS input file:C:\Projects\ElecDraw_Harmony\entry\build\default\intermediates\loader\default cache by regenerate.
[2026-09-14T13:01:31.125] [DEBUG] debug-file - Update task entry:default@CompileArkTS input file:C:\Projects\ElecDraw_Harmony\common\Index.ets cache from map.
[2026-09-14T13:01:31.125] [DEBUG] debug-file - Update task entry:default@CompileArkTS input file:C:\Projects\ElecDraw_Harmony\features\schematic_editor\Index.ets cache by regenerate.
[2026-09-14T13:01:31.125] [DEBUG] debug-file - Update task entry:default@CompileArkTS input file:C:\Projects\ElecDraw_Harmony\features\component_library\Index.ets cache by regenerate.
[2026-09-14T13:01:31.125] [DEBUG] debug-file - Update task entry:default@CompileArkTS input file:C:\Projects\ElecDraw_Harmony\features\simulation_kernel\Index.ets cache by regenerate.
[2026-09-14T13:01:31.126] [DEBUG] debug-file - Update task entry:default@CompileArkTS input file:C:\Projects\ElecDraw_Harmony\features\hex_debugger\Index.ets cache by regenerate.
[2026-09-14T13:01:31.126] [DEBUG] debug-file - Update task entry:default@CompileArkTS input file:C:\Projects\ElecDraw_Harmony\features\ai_api_manager\Index.ets cache by regenerate.
[2026-09-14T13:01:31.126] [DEBUG] debug-file - Update task entry:default@CompileArkTS input file:C:\Projects\ElecDraw_Harmony\features\ai_engine\Index.ets cache by regenerate.
[2026-09-14T13:01:31.126] [DEBUG] debug-file - Update task entry:default@CompileArkTS input file:C:\Projects\ElecDraw_Harmony\features\file_persistence\Index.ets cache by regenerate.
[2026-09-14T13:01:31.126] [DEBUG] debug-file - Update task entry:default@CompileArkTS input file:C:\Projects\ElecDraw_Harmony\features\instruments\Index.ets cache by regenerate.
[2026-09-14T13:01:31.126] [DEBUG] debug-file - Update task entry:default@CompileArkTS input file:C:\Projects\ElecDraw_Harmony\features\plugin_system\Index.ets cache by regenerate.
[2026-09-14T13:01:31.127] [DEBUG] debug-file - Update task entry:default@CompileArkTS input file:C:\Projects\ElecDraw_Harmony\features\pcb_editor\Index.ets cache by regenerate.
[2026-09-14T13:01:31.127] [DEBUG] debug-file - Update task entry:default@CompileArkTS input file:C:\Projects\ElecDraw_Harmony\features\agent_bridge\Index.ets cache by regenerate.
[2026-09-14T13:01:31.127] [DEBUG] debug-file - Update task entry:default@CompileArkTS input file:C:\Projects\ElecDraw_Harmony\common\src\main\ets cache by regenerate.
[2026-09-14T13:01:31.145] [DEBUG] debug-file - Update task entry:default@CompileArkTS input file:C:\Projects\ElecDraw_Harmony\features\schematic_editor\src\main\ets cache by regenerate.
[2026-09-14T13:01:31.147] [DEBUG] debug-file - Update task entry:default@CompileArkTS input file:C:\Projects\ElecDraw_Harmony\features\component_library\src\main\ets cache by regenerate.
[2026-09-14T13:01:31.149] [DEBUG] debug-file - Update task entry:default@CompileArkTS input file:C:\Projects\ElecDraw_Harmony\features\simulation_kernel\src\main\ets cache by regenerate.
[2026-09-14T13:01:31.151] [DEBUG] debug-file - Update task entry:default@CompileArkTS input file:C:\Projects\ElecDraw_Harmony\features\hex_debugger\src\main\ets cache by regenerate.
[2026-09-14T13:01:31.152] [DEBUG] debug-file - Update task entry:default@CompileArkTS input file:C:\Projects\ElecDraw_Harmony\features\ai_api_manager\src\main\ets cache by regenerate.
[2026-09-14T13:01:31.154] [DEBUG] debug-file - Update task entry:default@CompileArkTS input file:C:\Projects\ElecDraw_Harmony\features\ai_engine\src\main\ets cache by regenerate.
[2026-09-14T13:01:31.162] [DEBUG] debug-file - Update task entry:default@CompileArkTS input file:C:\Projects\ElecDraw_Harmony\features\file_persistence\src\main\ets cache by regenerate.
[2026-09-14T13:01:31.166] [DEBUG] debug-file - Update task entry:default@CompileArkTS input file:C:\Projects\ElecDraw_Harmony\features\instruments\src\main\ets cache by regenerate.
[2026-09-14T13:01:31.169] [DEBUG] debug-file - Update task entry:default@CompileArkTS input file:C:\Projects\ElecDraw_Harmony\features\plugin_system\src\main\ets cache by regenerate.
[2026-09-14T13:01:31.170] [DEBUG] debug-file - Update task entry:default@CompileArkTS input file:C:\Projects\ElecDraw_Harmony\features\pcb_editor\src\main\ets cache by regenerate.
[2026-09-14T13:01:31.171] [DEBUG] debug-file - Update task entry:default@CompileArkTS input file:C:\Projects\ElecDraw_Harmony\features\agent_bridge\src\main\ets cache by regenerate.
[2026-09-14T13:01:31.173] [DEBUG] debug-file - Update task entry:default@CompileArkTS input file:C:\Projects\ElecDraw_Harmony\entry\build\default\intermediates\res\default\resources\rawfile cache by regenerate.
[2026-09-14T13:01:31.212] [DEBUG] debug-file - Update task entry:default@CompileArkTS input file:C:\Projects\ElecDraw_Harmony\entry\build\default\intermediates\res\default\ResourceTable.txt cache by regenerate.
[2026-09-14T13:01:31.213] [DEBUG] debug-file - Update task entry:default@CompileArkTS input file:C:\Projects\ElecDraw_Harmony\entry\build\default\intermediates\res\default\ark_module.json cache by regenerate.
[2026-09-14T13:01:31.213] [DEBUG] debug-file - Update task entry:default@CompileArkTS input file:C:\Projects\ElecDraw_Harmony\entry\build\default\intermediates\res\default\resources\base\profile cache by regenerate.
[2026-09-14T13:01:31.213] [DEBUG] debug-file - Update task entry:default@CompileArkTS input file:C:\Projects\ElecDraw_Harmony\entry\src\main\ets cache by regenerate.
[2026-09-14T13:01:31.224] [DEBUG] debug-file - Update task entry:default@CompileArkTS input file:C:\Projects\ElecDraw_Harmony\entry\build\default\generated\profile\default\BuildProfile.ets cache by regenerate.
[2026-09-14T13:01:31.224] [DEBUG] debug-file - Update task entry:default@CompileArkTS input file:C:\Projects\ElecDraw_Harmony\common\BuildProfile.ets cache by regenerate.
[2026-09-14T13:01:31.224] [DEBUG] debug-file - Update task entry:default@CompileArkTS input file:C:\Projects\ElecDraw_Harmony\features\schematic_editor\BuildProfile.ets cache by regenerate.
[2026-09-14T13:01:31.225] [DEBUG] debug-file - Update task entry:default@CompileArkTS input file:C:\Projects\ElecDraw_Harmony\features\component_library\BuildProfile.ets cache by regenerate.
[2026-09-14T13:01:31.225] [DEBUG] debug-file - Update task entry:default@CompileArkTS input file:C:\Projects\ElecDraw_Harmony\features\simulation_kernel\BuildProfile.ets cache by regenerate.
[2026-09-14T13:01:31.225] [DEBUG] debug-file - Update task entry:default@CompileArkTS input file:C:\Projects\ElecDraw_Harmony\features\hex_debugger\BuildProfile.ets cache by regenerate.
[2026-09-14T13:01:31.225] [DEBUG] debug-file - Update task entry:default@CompileArkTS input file:C:\Projects\ElecDraw_Harmony\features\ai_api_manager\BuildProfile.ets cache by regenerate.
[2026-09-14T13:01:31.225] [DEBUG] debug-file - Update task entry:default@CompileArkTS input file:C:\Projects\ElecDraw_Harmony\features\ai_engine\BuildProfile.ets cache by regenerate.
[2026-09-14T13:01:31.226] [DEBUG] debug-file - Update task entry:default@CompileArkTS input file:C:\Projects\ElecDraw_Harmony\features\file_persistence\BuildProfile.ets cache by regenerate.
[2026-09-14T13:01:31.226] [DEBUG] debug-file - Update task entry:default@CompileArkTS input file:C:\Projects\ElecDraw_Harmony\features\instruments\BuildProfile.ets cache by regenerate.
[2026-09-14T13:01:31.226] [DEBUG] debug-file - Update task entry:default@CompileArkTS input file:C:\Projects\ElecDraw_Harmony\features\plugin_system\BuildProfile.ets cache by regenerate.
[2026-09-14T13:01:31.226] [DEBUG] debug-file - Update task entry:default@CompileArkTS input file:C:\Projects\ElecDraw_Harmony\features\pcb_editor\BuildProfile.ets cache by regenerate.
[2026-09-14T13:01:31.226] [DEBUG] debug-file - Update task entry:default@CompileArkTS input file:C:\Projects\ElecDraw_Harmony\features\agent_bridge\BuildProfile.ets cache by regenerate.
[2026-09-14T13:01:31.226] [DEBUG] debug-file - Update task entry:default@CompileArkTS output file:C:\Projects\ElecDraw_Harmony\entry\build\default\intermediates\loader_out\default\ets cache.
[2026-09-14T13:01:31.227] [DEBUG] debug-file - Incremental task entry:default@CompileArkTS post-execution cost:109 ms .
[2026-09-14T13:01:31.230] [DEBUG] debug-file - Update task entry:default@BuildJS input file:C:\Projects\ElecDraw_Harmony\entry\build\default\intermediates\loader\default cache by regenerate.
[2026-09-14T13:01:31.230] [DEBUG] debug-file - Update task entry:default@BuildJS input file:C:\Projects\ElecDraw_Harmony\common\Index.ets cache by regenerate.
[2026-09-14T13:01:31.231] [DEBUG] debug-file - Update task entry:default@BuildJS input file:C:\Projects\ElecDraw_Harmony\features\schematic_editor\Index.ets cache by regenerate.
[2026-09-14T13:01:31.231] [DEBUG] debug-file - Update task entry:default@BuildJS input file:C:\Projects\ElecDraw_Harmony\features\component_library\Index.ets cache by regenerate.
[2026-09-14T13:01:31.231] [DEBUG] debug-file - Update task entry:default@BuildJS input file:C:\Projects\ElecDraw_Harmony\features\simulation_kernel\Index.ets cache by regenerate.
[2026-09-14T13:01:31.231] [DEBUG] debug-file - Update task entry:default@BuildJS input file:C:\Projects\ElecDraw_Harmony\features\hex_debugger\Index.ets cache by regenerate.
[2026-09-14T13:01:31.232] [DEBUG] debug-file - Update task entry:default@BuildJS input file:C:\Projects\ElecDraw_Harmony\features\ai_api_manager\Index.ets cache by regenerate.
[2026-09-14T13:01:31.232] [DEBUG] debug-file - Update task entry:default@BuildJS input file:C:\Projects\ElecDraw_Harmony\features\ai_engine\Index.ets cache by regenerate.
[2026-09-14T13:01:31.232] [DEBUG] debug-file - Update task entry:default@BuildJS input file:C:\Projects\ElecDraw_Harmony\features\file_persistence\Index.ets cache by regenerate.
[2026-09-14T13:01:31.232] [DEBUG] debug-file - Update task entry:default@BuildJS input file:C:\Projects\ElecDraw_Harmony\features\instruments\Index.ets cache by regenerate.
[2026-09-14T13:01:31.232] [DEBUG] debug-file - Update task entry:default@BuildJS input file:C:\Projects\ElecDraw_Harmony\features\plugin_system\Index.ets cache by regenerate.
[2026-09-14T13:01:31.233] [DEBUG] debug-file - Update task entry:default@BuildJS input file:C:\Projects\ElecDraw_Harmony\features\pcb_editor\Index.ets cache by regenerate.
[2026-09-14T13:01:31.233] [DEBUG] debug-file - Update task entry:default@BuildJS input file:C:\Projects\ElecDraw_Harmony\features\agent_bridge\Index.ets cache by regenerate.
[2026-09-14T13:01:31.233] [DEBUG] debug-file - Update task entry:default@BuildJS input file:C:\Projects\ElecDraw_Harmony\entry\build\default\intermediates\res\default\resources\rawfile cache by regenerate.
[2026-09-14T13:01:31.275] [DEBUG] debug-file - Update task entry:default@BuildJS input file:C:\Projects\ElecDraw_Harmony\entry\build\default\intermediates\res\default\ResourceTable.txt cache by regenerate.
[2026-09-14T13:01:31.275] [DEBUG] debug-file - Update task entry:default@BuildJS input file:C:\Projects\ElecDraw_Harmony\entry\build\default\intermediates\res\default\ark_module.json cache by regenerate.
[2026-09-14T13:01:31.276] [DEBUG] debug-file - Update task entry:default@BuildJS input file:C:\Projects\ElecDraw_Harmony\entry\build\default\intermediates\res\default\resources\base\profile cache by regenerate.
[2026-09-14T13:01:31.276] [DEBUG] debug-file - Update task entry:default@BuildJS output file:C:\Projects\ElecDraw_Harmony\entry\build\default\intermediates\loader_out\default\js cache.
[2026-09-14T13:01:31.277] [DEBUG] debug-file - Incremental task entry:default@BuildJS post-execution cost:50 ms .
[2026-09-14T13:01:31.277] [DEBUG] debug-file - Update task ai_engine:default@ProcessLibs input file:C:\Projects\ElecDraw_Harmony\build-profile.json5 cache from map.
[2026-09-14T13:01:31.278] [DEBUG] debug-file - Update task ai_engine:default@ProcessLibs input file:C:\Projects\ElecDraw_Harmony\features\ai_engine\build-profile.json5 cache by regenerate.
[2026-09-14T13:01:31.278] [DEBUG] debug-file - Update task ai_engine:default@ProcessLibs output file:C:\Projects\ElecDraw_Harmony\features\ai_engine\build\default\intermediates\libs\default cache.
[2026-09-14T13:01:31.279] [DEBUG] debug-file - Incremental task ai_engine:default@ProcessLibs post-execution cost:2 ms .
[2026-09-14T13:01:31.279] [DEBUG] debug-file - Update task agent_bridge:default@ProcessLibs input file:C:\Projects\ElecDraw_Harmony\build-profile.json5 cache from map.
[2026-09-14T13:01:31.279] [DEBUG] debug-file - Update task agent_bridge:default@ProcessLibs input file:C:\Projects\ElecDraw_Harmony\features\agent_bridge\build-profile.json5 cache by regenerate.
[2026-09-14T13:01:31.279] [DEBUG] debug-file - Update task agent_bridge:default@ProcessLibs output file:C:\Projects\ElecDraw_Harmony\features\agent_bridge\build\default\intermediates\libs\default cache.
[2026-09-14T13:01:31.280] [DEBUG] debug-file - Incremental task agent_bridge:default@ProcessLibs post-execution cost:1 ms .
[2026-09-14T13:01:31.280] [DEBUG] debug-file - There is no need to refresh cache, since the incremental task ai_engine:default@DoNativeStrip is up-to-date.
[2026-09-14T13:01:31.280] [DEBUG] debug-file - There is no need to refresh cache, since the incremental task agent_bridge:default@DoNativeStrip is up-to-date.
[2026-09-14T13:01:31.281] [DEBUG] debug-file - Update task entry:default@ProcessLibs input file:C:\Projects\ElecDraw_Harmony\common\build\default\intermediates\libs\default cache by regenerate.
[2026-09-14T13:01:31.281] [DEBUG] debug-file - Update task entry:default@ProcessLibs input file:C:\Projects\ElecDraw_Harmony\features\schematic_editor\build\default\intermediates\libs\default cache by regenerate.
[2026-09-14T13:01:31.281] [DEBUG] debug-file - Update task entry:default@ProcessLibs input file:C:\Projects\ElecDraw_Harmony\features\component_library\build\default\intermediates\libs\default cache by regenerate.
[2026-09-14T13:01:31.282] [DEBUG] debug-file - Update task entry:default@ProcessLibs input file:C:\Projects\ElecDraw_Harmony\features\simulation_kernel\build\default\intermediates\libs\default cache by regenerate.
[2026-09-14T13:01:31.282] [DEBUG] debug-file - Update task entry:default@ProcessLibs input file:C:\Projects\ElecDraw_Harmony\features\hex_debugger\build\default\intermediates\libs\default cache by regenerate.
[2026-09-14T13:01:31.282] [DEBUG] debug-file - Update task entry:default@ProcessLibs input file:C:\Projects\ElecDraw_Harmony\features\ai_api_manager\build\default\intermediates\libs\default cache by regenerate.
[2026-09-14T13:01:31.283] [DEBUG] debug-file - Update task entry:default@ProcessLibs input file:C:\Projects\ElecDraw_Harmony\features\ai_engine\build\default\intermediates\libs\default cache by regenerate.
[2026-09-14T13:01:31.283] [DEBUG] debug-file - Update task entry:default@ProcessLibs input file:C:\Projects\ElecDraw_Harmony\features\file_persistence\build\default\intermediates\libs\default cache by regenerate.
[2026-09-14T13:01:31.283] [DEBUG] debug-file - Update task entry:default@ProcessLibs input file:C:\Projects\ElecDraw_Harmony\features\instruments\build\default\intermediates\libs\default cache by regenerate.
[2026-09-14T13:01:31.283] [DEBUG] debug-file - Update task entry:default@ProcessLibs input file:C:\Projects\ElecDraw_Harmony\features\plugin_system\build\default\intermediates\libs\default cache by regenerate.
[2026-09-14T13:01:31.284] [DEBUG] debug-file - Update task entry:default@ProcessLibs input file:C:\Projects\ElecDraw_Harmony\features\pcb_editor\build\default\intermediates\libs\default cache by regenerate.
[2026-09-14T13:01:31.284] [DEBUG] debug-file - Update task entry:default@ProcessLibs input file:C:\Projects\ElecDraw_Harmony\features\agent_bridge\build\default\intermediates\libs\default cache by regenerate.
[2026-09-14T13:01:31.284] [DEBUG] debug-file - Update task entry:default@ProcessLibs input file:C:\Projects\ElecDraw_Harmony\build-profile.json5 cache from map.
[2026-09-14T13:01:31.284] [DEBUG] debug-file - Update task entry:default@ProcessLibs input file:C:\Projects\ElecDraw_Harmony\entry\build-profile.json5 cache by regenerate.
[2026-09-14T13:01:31.284] [DEBUG] debug-file - Update task entry:default@ProcessLibs output file:C:\Projects\ElecDraw_Harmony\entry\build\default\intermediates\libs\default cache.
[2026-09-14T13:01:31.285] [DEBUG] debug-file - Incremental task entry:default@ProcessLibs post-execution cost:5 ms .
[2026-09-14T13:01:31.285] [DEBUG] debug-file - There is no need to refresh cache, since the incremental task entry:default@DoNativeStrip is up-to-date.
[2026-09-14T13:01:31.285] [DEBUG] debug-file - There is no need to refresh cache, since the incremental task entry:default@CacheNativeLibs is up-to-date.
[2026-09-14T13:01:31.285] [DEBUG] debug-file - Update task entry:default@GeneratePkgModuleJson input file:C:\Projects\ElecDraw_Harmony\entry\build\default\intermediates\res\default\module.json cache from map.
[2026-09-14T13:01:31.285] [DEBUG] debug-file - Update task entry:default@GeneratePkgModuleJson output file:C:\Projects\ElecDraw_Harmony\entry\build\default\intermediates\package\default\module.json cache.
[2026-09-14T13:01:31.285] [DEBUG] debug-file - Incremental task entry:default@GeneratePkgModuleJson post-execution cost:1 ms .
[2026-09-14T13:01:31.285] [DEBUG] debug-file - Incremental task entry:default@ProcessCompiledResources post-execution cost:1 ms .
[2026-09-14T13:01:31.286] [DEBUG] debug-file - Update task entry:default@PackageHap input file:C:\Projects\ElecDraw_Harmony\entry\build\default\intermediates\stripped_native_libs\default cache by regenerate.
[2026-09-14T13:01:31.286] [DEBUG] debug-file - Update task entry:default@PackageHap input file:C:\Projects\ElecDraw_Harmony\entry\build\default\intermediates\res\default\module.json cache from map.
[2026-09-14T13:01:31.286] [DEBUG] debug-file - Update task entry:default@PackageHap input file:C:\Projects\ElecDraw_Harmony\entry\build\default\intermediates\res\default\resources cache by regenerate.
[2026-09-14T13:01:31.318] [DEBUG] debug-file - Update task entry:default@PackageHap input file:C:\Projects\ElecDraw_Harmony\entry\build\default\intermediates\res\default\resources.index cache by regenerate.
[2026-09-14T13:01:31.319] [DEBUG] debug-file - Update task entry:default@PackageHap input file:C:\Projects\ElecDraw_Harmony\entry\build\default\outputs\default\pack.info cache by regenerate.
[2026-09-14T13:01:31.319] [DEBUG] debug-file - Update task entry:default@PackageHap input file:C:\Projects\ElecDraw_Harmony\entry\build\default\intermediates\loader_out\default\ets cache by regenerate.
[2026-09-14T13:01:31.319] [DEBUG] debug-file - Update task entry:default@PackageHap input file:C:\Projects\ElecDraw_Harmony\entry\build\default\intermediates\loader\default\pkgSdkInfo.json cache by regenerate.
[2026-09-14T13:01:31.319] [DEBUG] debug-file - Update task entry:default@PackageHap input file:C:\Projects\ElecDraw_Harmony\entry\build\default\intermediates\loader_out\default\ets\sourceMaps.map cache by regenerate.
[2026-09-14T13:01:31.320] [DEBUG] debug-file - Update task entry:default@PackageHap input file:C:\Projects\ElecDraw_Harmony\entry\build\default\generated\profile\default\BuildProfile.ets cache by regenerate.
[2026-09-14T13:01:31.320] [DEBUG] debug-file - Update task entry:default@PackageHap output file:C:\Projects\ElecDraw_Harmony\entry\build\default\outputs\default\entry-default-unsigned.hap cache.
[2026-09-14T13:01:31.320] [DEBUG] debug-file - Update task entry:default@PackageHap output file:C:\Projects\ElecDraw_Harmony\entry\build\default\intermediates\source_map\default\sourceMaps.map cache.
[2026-09-14T13:01:31.320] [DEBUG] debug-file - Update task entry:default@PackageHap output file:C:\Projects\ElecDraw_Harmony\entry\build\default\outputs\default\mapping\sourceMaps.map cache.
[2026-09-14T13:01:31.320] [DEBUG] debug-file - Incremental task entry:default@PackageHap post-execution cost:35 ms .
[2026-09-14T13:01:31.321] [DEBUG] debug-file - Update task entry:default@SignHap input file:C:\Users\AHS\.ohos\config\release_ElecDraw_Harmony_ytJKn8Vpx3qi_tpSVXtEq5iJLiFrNXXhW2xLQUMSwJE=.cer cache by regenerate.
[2026-09-14T13:01:31.321] [DEBUG] debug-file - Update task entry:default@SignHap input file:C:\Users\AHS\.ohos\config\release_ElecDraw_Harmony_ytJKn8Vpx3qi_tpSVXtEq5iJLiFrNXXhW2xLQUMSwJE=.p7b cache by regenerate.
[2026-09-14T13:01:31.321] [DEBUG] debug-file - Update task entry:default@SignHap input file:C:\Users\AHS\.ohos\config\release_ElecDraw_Harmony_ytJKn8Vpx3qi_tpSVXtEq5iJLiFrNXXhW2xLQUMSwJE=.p12 cache by regenerate.
[2026-09-14T13:01:31.321] [DEBUG] debug-file - Update task entry:default@SignHap input file:C:\Projects\ElecDraw_Harmony\entry\build\default\outputs\default\entry-default-unsigned.hap cache from map.
[2026-09-14T13:01:31.321] [DEBUG] debug-file - Update task entry:default@SignHap output file:C:\Projects\ElecDraw_Harmony\entry\build\default\outputs\default\entry-default-signed.hap cache.
[2026-09-14T13:01:31.321] [DEBUG] debug-file - Incremental task entry:default@SignHap post-execution cost:1 ms .
[2026-09-14T13:01:31.322] [DEBUG] debug-file - Update task entry:default@CollectDebugSymbol input file:C:\Projects\ElecDraw_Harmony\entry\build\default\intermediates\loader_out\default\ets\sourceMaps.map cache by regenerate.
[2026-09-14T13:01:31.322] [DEBUG] debug-file - Update task entry:default@CollectDebugSymbol input file:C:\Projects\ElecDraw_Harmony\entry\build\default\intermediates\libs\default cache by regenerate.
[2026-09-14T13:01:31.322] [DEBUG] debug-file - Update task entry:default@CollectDebugSymbol output file:C:\Projects\ElecDraw_Harmony\entry\build\default\outputs\default\symbol cache.
[2026-09-14T13:01:31.323] [DEBUG] debug-file - Incremental task entry:default@CollectDebugSymbol post-execution cost:2 ms .
[2026-09-14T13:01:31.400] [DEBUG] debug-file - Cleanup worker 14.
[2026-09-14T13:01:31.401] [DEBUG] debug-file - Worker 14 has been cleaned up.
[2026-09-14T13:01:31.401] [DEBUG] debug-file - Current idle worker size: 1.
[2026-09-14T13:01:31.401] [DEBUG] debug-file - Current resident worker size: 2.
[2026-09-14T13:01:31.404] [DEBUG] debug-file - hvigor build process will be closed.
[2026-09-14T13:01:31.404] [DEBUG] debug-file - java daemon socket close code:1000 reason:close by user
[2026-09-14T13:01:31.406] [DEBUG] debug-file - session manager: send message to worker process.
[2026-09-14T13:01:31.407] [DEBUG] debug-file - session manager: send message to worker process.
[2026-09-14T13:01:31.413] [DEBUG] debug-file - watch worker: worker id should be larger than 0. Nothing will be sent to any worker thread.
[2026-09-14T13:01:31.414] [DEBUG] debug-file - watch worker: worker id should be larger than 0. Nothing will be sent to any worker thread.
[2026-09-14T13:01:31.431] [DEBUG] debug-file - worker[14] exits with exit code 1.
[2026-09-14T13:28:55.726] [DEBUG] debug-file - session manager: set active socket. socketId=MfdmcFDIavXkExylAAAZ
[2026-09-14T13:28:55.730] [DEBUG] debug-file - watch worker: worker id should be larger than 0. Nothing will be sent to any worker thread.
[2026-09-14T13:28:55.733] [DEBUG] debug-file - Workers' log level updated to INFO
